player,team,team_code,squad_number,position,fifa_pos,club,dob,height_cm,candidate_pool_status,scoring_ready,source_fifa_squad,source_squad_status
Kylian Mbappé,France,FRA,10,Forward,FW,Real Madrid,20/12/1998,180,scoring_ready_seed,TRUE,https://fdp.fifa.org/assetspublic/ce281/pdf/SquadLists-English.pdf,https://www.reuters.com/sports/soccer/world-cup-group-lineups-2026-04-01/
Vinícius Júnior,Brazil,BRA,7,Forward/Winger,FW,Real Madrid,12/07/2000,176,scoring_ready_seed,TRUE,https://fdp.fifa.org/assetspublic/ce281/pdf/SquadLists-English.pdf,https://www.reuters.com/sports/soccer/world-cup-group-lineups-2026-04-01/
Lamine Yamal,Spain,ESP,19,Forward/Winger,FW,FC Barcelona,13/07/2007,183,scoring_ready_seed,TRUE,https://fdp.fifa.org/assetspublic/ce281/pdf/SquadLists-English.pdf,https://www.reuters.com/sports/soccer/world-cup-group-lineups-2026-04-01/
Lionel Messi,Argentina,ARG,10,Forward/Midfielder,FW,Inter Miami CF,24/06/1987,170,scoring_ready_seed,TRUE,https://fdp.fifa.org/assetspublic/ce281/pdf/SquadLists-English.pdf,https://www.mlssoccer.com/news/inter-miami-s-lionel-messi-rodrigo-de-paul-make-argentina-roster-for-2026-world-cup
Erling Haaland,Norway,NOR,9,Forward,FW,Manchester City,21/07/2000,195,scoring_ready_seed,TRUE,https://fdp.fifa.org/assetspublic/ce281/pdf/SquadLists-English.pdf,https://www.reuters.com/sports/soccer/world-cup-group-lineups-2026-04-01/
Cristiano Ronaldo,Portugal,POR,7,Forward,FW,Al Nassr,05/02/1985,185,scoring_ready_seed,TRUE,https://fdp.fifa.org/assetspublic/ce281/pdf/SquadLists-English.pdf,https://www.reuters.com/sports/soccer/world-cup-group-lineups-2026-04-01/
Mikel Oyarzabal,Spain,ESP,21,Forward,FW,Real Sociedad,21/04/1997,181,scoring_ready_seed,TRUE,https://fdp.fifa.org/assetspublic/ce281/pdf/SquadLists-English.pdf,https://www.reuters.com/sports/soccer/world-cup-group-lineups-2026-04-01/
Ferran Torres,Spain,ESP,7,Forward,FW,FC Barcelona,29/02/2000,183,scoring_ready_seed,TRUE,https://fdp.fifa.org/assetspublic/ce281/pdf/SquadLists-English.pdf,https://www.reuters.com/sports/soccer/world-cup-group-lineups-2026-04-01/
Julián Álvarez,Argentina,ARG,9,Forward,FW,Atlético Madrid,31/01/2000,170,scoring_ready_seed,TRUE,https://fdp.fifa.org/assetspublic/ce281/pdf/SquadLists-English.pdf,https://www.reuters.com/sports/soccer/world-cup-group-lineups-2026-04-01/
Lautaro Martínez,Argentina,ARG,22,Forward,FW,Inter Milan,22/08/1997,175,scoring_ready_seed,TRUE,https://fdp.fifa.org/assetspublic/ce281/pdf/SquadLists-English.pdf,https://www.reuters.com/sports/soccer/world-cup-group-lineups-2026-04-01/
Raphinha,Brazil,BRA,11,Forward/Winger,FW,FC Barcelona,14/12/1996,176,scoring_ready_seed,TRUE,https://fdp.fifa.org/assetspublic/ce281/pdf/SquadLists-English.pdf,https://www.reuters.com/sports/soccer/world-cup-group-lineups-2026-04-01/
Harry Kane,England,ENG,9,Forward,FW,FC Bayern München,28/07/1993,190,needs_stats_enrichment_seed,FALSE,https://fdp.fifa.org/assetspublic/ce281/pdf/SquadLists-English.pdf,https://www.reuters.com/sports/soccer/world-cup-group-lineups-2026-04-01/
Ousmane Dembélé,France,FRA,7,Forward,FW,Paris Saint-Germain,15/05/1997,179,needs_stats_enrichment_seed,FALSE,https://fdp.fifa.org/assetspublic/ce281/pdf/SquadLists-English.pdf,https://www.reuters.com/sports/soccer/world-cup-group-lineups-2026-04-01/
Anthony Gordon,England,ENG,18,Forward/Winger,FW,Newcastle United,24/02/2001,182,needs_stats_enrichment_seed,FALSE,https://fdp.fifa.org/assetspublic/ce281/pdf/SquadLists-English.pdf,https://www.reuters.com/sports/soccer/world-cup-group-lineups-2026-04-01/
Romelu Lukaku,Belgium,BEL,9,Forward,FW,Napoli,13/05/1993,190,needs_stats_enrichment_seed,FALSE,https://fdp.fifa.org/assetspublic/ce281/pdf/SquadLists-English.pdf,https://www.reuters.com/graphics/SOCCER-WORLDCUP/mopaoglqkpa/teams/belgium/
Jonathan David,Canada,CAN,10,Forward,FW,Juventus,14/01/2000,175,needs_stats_enrichment_seed,FALSE,https://fdp.fifa.org/assetspublic/ce281/pdf/SquadLists-English.pdf,https://www.reuters.com/sports/soccer/world-cup-group-lineups-2026-04-01/
Mohamed Salah,Egypt,EGY,10,Forward/Winger,FW,Liverpool,15/06/1992,175,needs_stats_enrichment_seed,FALSE,https://fdp.fifa.org/assetspublic/ce281/pdf/SquadLists-English.pdf,https://www.reuters.com/sports/soccer/world-cup-group-lineups-2026-04-01/
Kai Havertz,Germany,GER,7,Forward/Midfielder,FW,Arsenal,11/06/1999,190,needs_stats_enrichment_seed,FALSE,https://fdp.fifa.org/assetspublic/ce281/pdf/SquadLists-English.pdf,https://www.reuters.com/sports/soccer/world-cup-group-lineups-2026-04-01/
Cody Gakpo,Netherlands,NED,11,Forward/Winger,FW,Liverpool,07/05/1999,193,needs_stats_enrichment_seed,FALSE,https://fdp.fifa.org/assetspublic/ce281/pdf/SquadLists-English.pdf,https://www.reuters.com/sports/soccer/world-cup-group-lineups-2026-04-01/
Alexander Isak,Sweden,SWE,9,Forward,FW,Newcastle United,21/09/1999,190,needs_stats_enrichment_seed,FALSE,https://fdp.fifa.org/assetspublic/ce281/pdf/SquadLists-English.pdf,https://www.reuters.com/sports/soccer/world-cup-group-lineups-2026-04-01/
Viktor Gyökeres,Sweden,SWE,17,Forward,FW,Sporting CP,04/06/1998,189,needs_stats_enrichment_seed,FALSE,https://fdp.fifa.org/assetspublic/ce281/pdf/SquadLists-English.pdf,https://www.reuters.com/sports/soccer/world-cup-group-lineups-2026-04-01/
Adil BOULBINA,Algeria,ALG,20,Forward,FW,Al Duhail SC (QAT),02/05/2003,183,needs_stats_enrichment,FALSE,https://fdp.fifa.org/assetspublic/ce281/pdf/SquadLists-English.pdf,https://inside.fifa.com/organisation/media-releases/world-cup-2026-48-squads-confirmed
Ahmed Nadhir BENBOUALI,Algeria,ALG,12,Forward,FW,Györi ETO FC (HUN),17/04/2000,190,needs_stats_enrichment,FALSE,https://fdp.fifa.org/assetspublic/ce281/pdf/SquadLists-English.pdf,https://inside.fifa.com/organisation/media-releases/world-cup-2026-48-squads-confirmed
Amine Ferid GHOUIRI,Algeria,ALG,9,Forward,FW,Olympique Marseille (FRA),16/02/2000,180,needs_stats_enrichment,FALSE,https://fdp.fifa.org/assetspublic/ce281/pdf/SquadLists-English.pdf,https://inside.fifa.com/organisation/media-releases/world-cup-2026-48-squads-confirmed
Anis HADJ MOUSSA,Algeria,ALG,11,Forward,FW,Feyenoord Rotterdam (NED),11/02/2002,176,needs_stats_enrichment,FALSE,https://fdp.fifa.org/assetspublic/ce281/pdf/SquadLists-English.pdf,https://inside.fifa.com/organisation/media-releases/world-cup-2026-48-squads-confirmed
Fares GHEDJEMIS,Algeria,ALG,25,Forward,FW,Frosinone (ITA),06/09/2002,183,needs_stats_enrichment,FALSE,https://fdp.fifa.org/assetspublic/ce281/pdf/SquadLists-English.pdf,https://inside.fifa.com/organisation/media-releases/world-cup-2026-48-squads-confirmed
Mohammed Elamine AMOURA,Algeria,ALG,18,Forward,FW,VfL Wolfsburg (GER),09/05/2000,170,needs_stats_enrichment,FALSE,https://fdp.fifa.org/assetspublic/ce281/pdf/SquadLists-English.pdf,https://inside.fifa.com/organisation/media-releases/world-cup-2026-48-squads-confirmed
Riyad Karim MAHREZ,Algeria,ALG,7,Forward,FW,Al Ahli FC (KSA),21/02/1991,179,needs_stats_enrichment,FALSE,https://fdp.fifa.org/assetspublic/ce281/pdf/SquadLists-English.pdf,https://inside.fifa.com/organisation/media-releases/world-cup-2026-48-squads-confirmed
Fares CHAIBI,Algeria,ALG,10,Midfielder,MF,Eintracht Frankfurt (GER),28/11/2002,183,needs_stats_enrichment,FALSE,https://fdp.fifa.org/assetspublic/ce281/pdf/SquadLists-English.pdf,https://inside.fifa.com/organisation/media-releases/world-cup-2026-48-squads-confirmed
Hicham BOUDAOUI,Algeria,ALG,14,Midfielder,MF,OGC Nice (FRA),23/09/1999,175,needs_stats_enrichment,FALSE,https://fdp.fifa.org/assetspublic/ce281/pdf/SquadLists-English.pdf,https://inside.fifa.com/organisation/media-releases/world-cup-2026-48-squads-confirmed
Houssem-Eddine Chaabane AOUAR,Algeria,ALG,8,Midfielder,MF,Al Ittihad (KSA),30/06/1998,175,needs_stats_enrichment,FALSE,https://fdp.fifa.org/assetspublic/ce281/pdf/SquadLists-English.pdf,https://inside.fifa.com/organisation/media-releases/world-cup-2026-48-squads-confirmed
Ibrahim MAZA,Algeria,ALG,22,Midfielder,MF,Bayer 04 Leverkusen (GER),24/11/2005,180,needs_stats_enrichment,FALSE,https://fdp.fifa.org/assetspublic/ce281/pdf/SquadLists-English.pdf,https://inside.fifa.com/organisation/media-releases/world-cup-2026-48-squads-confirmed
Nabil BENTALEB,Algeria,ALG,19,Midfielder,MF,Lille OSC (FRA),24/11/1994,189,needs_stats_enrichment,FALSE,https://fdp.fifa.org/assetspublic/ce281/pdf/SquadLists-English.pdf,https://inside.fifa.com/organisation/media-releases/world-cup-2026-48-squads-confirmed
Ramiz Larbi ZERROUKI,Algeria,ALG,6,Midfielder,MF,FC Twente (NED),26/05/1998,183,needs_stats_enrichment,FALSE,https://fdp.fifa.org/assetspublic/ce281/pdf/SquadLists-English.pdf,https://inside.fifa.com/organisation/media-releases/world-cup-2026-48-squads-confirmed
Yassine M E G TITRAOUI,Algeria,ALG,24,Midfielder,MF,Sporting Charleroi (BEL),26/07/2003,180,needs_stats_enrichment,FALSE,https://fdp.fifa.org/assetspublic/ce281/pdf/SquadLists-English.pdf,https://inside.fifa.com/organisation/media-releases/world-cup-2026-48-squads-confirmed
Giuliano SIMEONE,Argentina,ARG,17,Forward,FW,Atlético De Madrid (ESP),18/12/2002,174,needs_stats_enrichment,FALSE,https://fdp.fifa.org/assetspublic/ce281/pdf/SquadLists-English.pdf,https://inside.fifa.com/organisation/media-releases/world-cup-2026-48-squads-confirmed
Jose Manuel Alberto LOPEZ,Argentina,ARG,21,Forward,FW,SE Palmeiras (BRA),06/12/2000,190,needs_stats_enrichment,FALSE,https://fdp.fifa.org/assetspublic/ce281/pdf/SquadLists-English.pdf,https://inside.fifa.com/organisation/media-releases/world-cup-2026-48-squads-confirmed
Nicolas PAZ MARTÍNEZ,Argentina,ARG,18,Forward,FW,Como (ITA),08/09/2004,185,needs_stats_enrichment,FALSE,https://fdp.fifa.org/assetspublic/ce281/pdf/SquadLists-English.pdf,https://inside.fifa.com/organisation/media-releases/world-cup-2026-48-squads-confirmed
Thiago Ezequiel ALMADA,Argentina,ARG,16,Forward,FW,Atlético De Madrid (ESP),26/04/2001,171,needs_stats_enrichment,FALSE,https://fdp.fifa.org/assetspublic/ce281/pdf/SquadLists-English.pdf,https://inside.fifa.com/organisation/media-releases/world-cup-2026-48-squads-confirmed
Alexis MAC ALLISTER,Argentina,ARG,20,Midfielder,MF,Liverpool FC (ENG),24/12/1998,176,needs_stats_enrichment,FALSE,https://fdp.fifa.org/assetspublic/ce281/pdf/SquadLists-English.pdf,https://inside.fifa.com/organisation/media-releases/world-cup-2026-48-squads-confirmed
Enzo Jeremías FERNÁNDEZ,Argentina,ARG,24,Midfielder,MF,Chelsea FC (ENG),17/01/2001,178,needs_stats_enrichment,FALSE,https://fdp.fifa.org/assetspublic/ce281/pdf/SquadLists-English.pdf,https://inside.fifa.com/organisation/media-releases/world-cup-2026-48-squads-confirmed
Exequiel Alejandro PALACIOS,Argentina,ARG,14,Midfielder,MF,Bayer 04 Leverkusen (GER),05/10/1998,177,needs_stats_enrichment,FALSE,https://fdp.fifa.org/assetspublic/ce281/pdf/SquadLists-English.pdf,https://inside.fifa.com/organisation/media-releases/world-cup-2026-48-squads-confirmed
Giovani LO CELSO,Argentina,ARG,11,Midfielder,MF,Real Betis (ESP),09/04/1996,177,needs_stats_enrichment,FALSE,https://fdp.fifa.org/assetspublic/ce281/pdf/SquadLists-English.pdf,https://inside.fifa.com/organisation/media-releases/world-cup-2026-48-squads-confirmed
Leandro Daniel PAREDES,Argentina,ARG,5,Midfielder,MF,CA Boca Juniors (ARG),29/06/1994,182,needs_stats_enrichment,FALSE,https://fdp.fifa.org/assetspublic/ce281/pdf/SquadLists-English.pdf,https://inside.fifa.com/organisation/media-releases/world-cup-2026-48-squads-confirmed
Nicolas Ivan GONZALEZ,Argentina,ARG,15,Midfielder,MF,Atlético De Madrid (ESP),06/04/1998,180,needs_stats_enrichment,FALSE,https://fdp.fifa.org/assetspublic/ce281/pdf/SquadLists-English.pdf,https://inside.fifa.com/organisation/media-releases/world-cup-2026-48-squads-confirmed
Rodrigo Javier DE PAUL,Argentina,ARG,7,Midfielder,MF,Inter Miami CF (USA),24/05/1994,178,needs_stats_enrichment,FALSE,https://fdp.fifa.org/assetspublic/ce281/pdf/SquadLists-English.pdf,https://inside.fifa.com/organisation/media-releases/world-cup-2026-48-squads-confirmed
Valentin BARCO,Argentina,ARG,8,Midfielder,MF,RC Strasbourg (FRA),23/07/2004,172,needs_stats_enrichment,FALSE,https://fdp.fifa.org/assetspublic/ce281/pdf/SquadLists-English.pdf,https://inside.fifa.com/organisation/media-releases/world-cup-2026-48-squads-confirmed
Ajdin HRUSTIC,Australia,AUS,10,Forward,FW,SC Heracles Almelo (NED),05/07/1996,180,needs_stats_enrichment,FALSE,https://fdp.fifa.org/assetspublic/ce281/pdf/SquadLists-English.pdf,https://inside.fifa.com/organisation/media-releases/world-cup-2026-48-squads-confirmed
Awer Bul MABIL,Australia,AUS,11,Forward,FW,CD Castellón (ESP),15/09/1995,178,needs_stats_enrichment,FALSE,https://fdp.fifa.org/assetspublic/ce281/pdf/SquadLists-English.pdf,https://inside.fifa.com/organisation/media-releases/world-cup-2026-48-squads-confirmed
Cristian VOLPATO,Australia,AUS,20,Forward,FW,US Sassuolo (ITA),15/11/2003,187,needs_stats_enrichment,FALSE,https://fdp.fifa.org/assetspublic/ce281/pdf/SquadLists-English.pdf,https://inside.fifa.com/organisation/media-releases/world-cup-2026-48-squads-confirmed
Mathew Allan LECKIE,Australia,AUS,7,Forward,FW,Melbourne City FC (AUS),04/02/1991,181,needs_stats_enrichment,FALSE,https://fdp.fifa.org/assetspublic/ce281/pdf/SquadLists-English.pdf,https://inside.fifa.com/organisation/media-releases/world-cup-2026-48-squads-confirmed
Mohamed A TOURE,Australia,AUS,9,Forward,FW,Norwich City FC (ENG),26/03/2004,186,needs_stats_enrichment,FALSE,https://fdp.fifa.org/assetspublic/ce281/pdf/SquadLists-English.pdf,https://inside.fifa.com/organisation/media-releases/world-cup-2026-48-squads-confirmed
Nestory IRANKUNDA,Australia,AUS,17,Forward,FW,Watford FC (ENG),09/02/2006,165,needs_stats_enrichment,FALSE,https://fdp.fifa.org/assetspublic/ce281/pdf/SquadLists-English.pdf,https://inside.fifa.com/organisation/media-releases/world-cup-2026-48-squads-confirmed
Nishan Matthew VELUPILLAY,Australia,AUS,23,Forward,FW,Melbourne Victory FC (AUS),07/05/2001,181,needs_stats_enrichment,FALSE,https://fdp.fifa.org/assetspublic/ce281/pdf/SquadLists-English.pdf,https://inside.fifa.com/organisation/media-releases/world-cup-2026-48-squads-confirmed
Tete Owen YENGI,Australia,AUS,26,Forward,FW,FC Machida Zelvia (JPN),28/11/2000,197,needs_stats_enrichment,FALSE,https://fdp.fifa.org/assetspublic/ce281/pdf/SquadLists-English.pdf,https://inside.fifa.com/organisation/media-releases/world-cup-2026-48-squads-confirmed
Aiden Connor O'NEILL,Australia,AUS,13,Midfielder,MF,New York City FC (USA),04/07/1998,180,needs_stats_enrichment,FALSE,https://fdp.fifa.org/assetspublic/ce281/pdf/SquadLists-English.pdf,https://inside.fifa.com/organisation/media-releases/world-cup-2026-48-squads-confirmed
Cameron Peter DEVLIN,Australia,AUS,14,Midfielder,MF,Heart Of Midlothian FC (SCO),07/06/1998,170,needs_stats_enrichment,FALSE,https://fdp.fifa.org/assetspublic/ce281/pdf/SquadLists-English.pdf,https://inside.fifa.com/organisation/media-releases/world-cup-2026-48-squads-confirmed
Connor Isaac METCALFE,Australia,AUS,8,Midfielder,MF,FC St. Pauli (GER),05/11/1999,183,needs_stats_enrichment,FALSE,https://fdp.fifa.org/assetspublic/ce281/pdf/SquadLists-English.pdf,https://inside.fifa.com/organisation/media-releases/world-cup-2026-48-squads-confirmed
Jackson Alexander IRVINE,Australia,AUS,22,Midfielder,MF,FC St. Pauli (GER),07/03/1993,189,needs_stats_enrichment,FALSE,https://fdp.fifa.org/assetspublic/ce281/pdf/SquadLists-English.pdf,https://inside.fifa.com/organisation/media-releases/world-cup-2026-48-squads-confirmed
Paul Michael Junior OKON-ENGSTLER,Australia,AUS,24,Midfielder,MF,Sydney FC (AUS),24/01/2005,185,needs_stats_enrichment,FALSE,https://fdp.fifa.org/assetspublic/ce281/pdf/SquadLists-English.pdf,https://inside.fifa.com/organisation/media-releases/world-cup-2026-48-squads-confirmed
Marko ARNAUTOVIC,Austria,AUT,7,Forward,FW,FK Crvena Zvezda (SRB),19/04/1989,192,needs_stats_enrichment,FALSE,https://fdp.fifa.org/assetspublic/ce281/pdf/SquadLists-English.pdf,https://inside.fifa.com/organisation/media-releases/world-cup-2026-48-squads-confirmed
Michael GREGORITSCH,Austria,AUT,11,Forward,FW,FC Augsburg (GER),18/04/1994,193,needs_stats_enrichment,FALSE,https://fdp.fifa.org/assetspublic/ce281/pdf/SquadLists-English.pdf,https://inside.fifa.com/organisation/media-releases/world-cup-2026-48-squads-confirmed
Patrick WIMMER,Austria,AUT,21,Forward,FW,VfL Wolfsburg (GER),30/05/2001,182,needs_stats_enrichment,FALSE,https://fdp.fifa.org/assetspublic/ce281/pdf/SquadLists-English.pdf,https://inside.fifa.com/organisation/media-releases/world-cup-2026-48-squads-confirmed
Saša KALAJDŽIĆ,Austria,AUT,14,Forward,FW,LASK Linz (AUT),07/07/1997,200,needs_stats_enrichment,FALSE,https://fdp.fifa.org/assetspublic/ce281/pdf/SquadLists-English.pdf,https://inside.fifa.com/organisation/media-releases/world-cup-2026-48-squads-confirmed
Alessandro Andre SCHÖPF,Austria,AUT,26,Midfielder,MF,Wolfsberger AC (AUT),07/02/1994,178,needs_stats_enrichment,FALSE,https://fdp.fifa.org/assetspublic/ce281/pdf/SquadLists-English.pdf,https://inside.fifa.com/organisation/media-releases/world-cup-2026-48-squads-confirmed
Alexander PRASS,Austria,AUT,22,Midfielder,MF,TSG Hoffenheim (GER),26/05/2001,180,needs_stats_enrichment,FALSE,https://fdp.fifa.org/assetspublic/ce281/pdf/SquadLists-English.pdf,https://inside.fifa.com/organisation/media-releases/world-cup-2026-48-squads-confirmed
Carney Chibueze CHUKWUEMEKA,Austria,AUT,17,Midfielder,MF,Borussia Dortmund (GER),20/10/2003,187,needs_stats_enrichment,FALSE,https://fdp.fifa.org/assetspublic/ce281/pdf/SquadLists-English.pdf,https://inside.fifa.com/organisation/media-releases/world-cup-2026-48-squads-confirmed
Christoph BAUMGARTNER,Austria,AUT,19,Midfielder,MF,RB Leipzig (GER),01/08/1999,180,needs_stats_enrichment,FALSE,https://fdp.fifa.org/assetspublic/ce281/pdf/SquadLists-English.pdf,https://inside.fifa.com/organisation/media-releases/world-cup-2026-48-squads-confirmed
Florian GRILLITSCH,Austria,AUT,10,Midfielder,MF,SC Braga (POR),07/08/1995,186,needs_stats_enrichment,FALSE,https://fdp.fifa.org/assetspublic/ce281/pdf/SquadLists-English.pdf,https://inside.fifa.com/organisation/media-releases/world-cup-2026-48-squads-confirmed
Konrad LAIMER,Austria,AUT,20,Midfielder,MF,FC Bayern München (GER),27/05/1997,180,needs_stats_enrichment,FALSE,https://fdp.fifa.org/assetspublic/ce281/pdf/SquadLists-English.pdf,https://inside.fifa.com/organisation/media-releases/world-cup-2026-48-squads-confirmed
Marcel SABITZER,Austria,AUT,9,Midfielder,MF,Borussia Dortmund (GER),17/03/1994,178,needs_stats_enrichment,FALSE,https://fdp.fifa.org/assetspublic/ce281/pdf/SquadLists-English.pdf,https://inside.fifa.com/organisation/media-releases/world-cup-2026-48-squads-confirmed
Nicolas SEIWALD,Austria,AUT,6,Midfielder,MF,RB Leipzig (GER),04/05/2001,179,needs_stats_enrichment,FALSE,https://fdp.fifa.org/assetspublic/ce281/pdf/SquadLists-English.pdf,https://inside.fifa.com/organisation/media-releases/world-cup-2026-48-squads-confirmed
Paul WANNER,Austria,AUT,24,Midfielder,MF,PSV Eindhoven (NED),23/12/2005,185,needs_stats_enrichment,FALSE,https://fdp.fifa.org/assetspublic/ce281/pdf/SquadLists-English.pdf,https://inside.fifa.com/organisation/media-releases/world-cup-2026-48-squads-confirmed
Romano SCHMID,Austria,AUT,18,Midfielder,MF,SV Werder Bremen (GER),27/01/2000,168,needs_stats_enrichment,FALSE,https://fdp.fifa.org/assetspublic/ce281/pdf/SquadLists-English.pdf,https://inside.fifa.com/organisation/media-releases/world-cup-2026-48-squads-confirmed
Xaver SCHLAGER,Austria,AUT,4,Midfielder,MF,RB Leipzig (GER),28/09/1997,174,needs_stats_enrichment,FALSE,https://fdp.fifa.org/assetspublic/ce281/pdf/SquadLists-English.pdf,https://inside.fifa.com/organisation/media-releases/world-cup-2026-48-squads-confirmed
Charles Marc S DE KETELAERE,Belgium,BEL,17,Forward,FW,Atalanta Bergamo (ITA),10/03/2001,192,needs_stats_enrichment,FALSE,https://fdp.fifa.org/assetspublic/ce281/pdf/SquadLists-English.pdf,https://inside.fifa.com/organisation/media-releases/world-cup-2026-48-squads-confirmed
Dodi LUKEBAKIO NGANDOLI,Belgium,BEL,14,Forward,FW,SL Ben ca (POR),24/09/1997,184,needs_stats_enrichment,FALSE,https://fdp.fifa.org/assetspublic/ce281/pdf/SquadLists-English.pdf,https://inside.fifa.com/organisation/media-releases/world-cup-2026-48-squads-confirmed
Jeremy Baffour DOKU,Belgium,BEL,11,Forward,FW,Manchester City FC (ENG),27/05/2002,173,needs_stats_enrichment,FALSE,https://fdp.fifa.org/assetspublic/ce281/pdf/SquadLists-English.pdf,https://inside.fifa.com/organisation/media-releases/world-cup-2026-48-squads-confirmed
Leandro TROSSARD,Belgium,BEL,10,Forward,FW,Arsenal FC (ENG),04/12/1994,172,needs_stats_enrichment,FALSE,https://fdp.fifa.org/assetspublic/ce281/pdf/SquadLists-English.pdf,https://inside.fifa.com/organisation/media-releases/world-cup-2026-48-squads-confirmed
Matias FERNANDEZ-PARDO,Belgium,BEL,26,Forward,FW,Lille OSC (FRA),03/02/2005,188,needs_stats_enrichment,FALSE,https://fdp.fifa.org/assetspublic/ce281/pdf/SquadLists-English.pdf,https://inside.fifa.com/organisation/media-releases/world-cup-2026-48-squads-confirmed
Alexis Jesse M SAELEMAEKERS,Belgium,BEL,22,Midfielder,MF,AC Milan (ITA),27/06/1999,180,needs_stats_enrichment,FALSE,https://fdp.fifa.org/assetspublic/ce281/pdf/SquadLists-English.pdf,https://inside.fifa.com/organisation/media-releases/world-cup-2026-48-squads-confirmed
Amadou Ba Z MVOM ONANA,Belgium,BEL,24,Midfielder,MF,Aston Villa FC (ENG),16/08/2001,192,needs_stats_enrichment,FALSE,https://fdp.fifa.org/assetspublic/ce281/pdf/SquadLists-English.pdf,https://inside.fifa.com/organisation/media-releases/world-cup-2026-48-squads-confirmed
Axel Laurent A WITSEL,Belgium,BEL,6,Midfielder,MF,Girona FC (ESP),12/01/1989,186,needs_stats_enrichment,FALSE,https://fdp.fifa.org/assetspublic/ce281/pdf/SquadLists-English.pdf,https://inside.fifa.com/organisation/media-releases/world-cup-2026-48-squads-confirmed
Diego Manuel J DA SILVA MOREIRA,Belgium,BEL,19,Midfielder,MF,RC Strasbourg (FRA),06/08/2004,179,needs_stats_enrichment,FALSE,https://fdp.fifa.org/assetspublic/ce281/pdf/SquadLists-English.pdf,https://inside.fifa.com/organisation/media-releases/world-cup-2026-48-squads-confirmed
Hans VANAKEN,Belgium,BEL,20,Midfielder,MF,Club Brugge (BEL),24/08/1992,195,needs_stats_enrichment,FALSE,https://fdp.fifa.org/assetspublic/ce281/pdf/SquadLists-English.pdf,https://inside.fifa.com/organisation/media-releases/world-cup-2026-48-squads-confirmed
Kevin DE BRUYNE,Belgium,BEL,7,Midfielder,MF,SSC Napoli (ITA),28/06/1991,181,needs_stats_enrichment,FALSE,https://fdp.fifa.org/assetspublic/ce281/pdf/SquadLists-English.pdf,https://inside.fifa.com/organisation/media-releases/world-cup-2026-48-squads-confirmed
Nicolas Thierry Y RASKIN,Belgium,BEL,23,Midfielder,MF,Rangers FC (SCO),23/02/2001,178,needs_stats_enrichment,FALSE,https://fdp.fifa.org/assetspublic/ce281/pdf/SquadLists-English.pdf,https://inside.fifa.com/organisation/media-releases/world-cup-2026-48-squads-confirmed
Youri Marion A TIELEMANS,Belgium,BEL,8,Midfielder,MF,Aston Villa FC (ENG),07/05/1997,176,needs_stats_enrichment,FALSE,https://fdp.fifa.org/assetspublic/ce281/pdf/SquadLists-English.pdf,https://inside.fifa.com/organisation/media-releases/world-cup-2026-48-squads-confirmed
Edin DŽEKO,Bosnia And Herzegovina,BIH,11,Forward,FW,FC Schalke 04 (GER),17/03/1986,192,needs_stats_enrichment,FALSE,https://fdp.fifa.org/assetspublic/ce281/pdf/SquadLists-English.pdf,https://inside.fifa.com/organisation/media-releases/world-cup-2026-48-squads-confirmed
Ermedin DEMIROVIĆ,Bosnia And Herzegovina,BIH,10,Forward,FW,VfB Stuttgart (GER),25/03/1998,185,needs_stats_enrichment,FALSE,https://fdp.fifa.org/assetspublic/ce281/pdf/SquadLists-English.pdf,https://inside.fifa.com/organisation/media-releases/world-cup-2026-48-squads-confirmed
Esmir BAJRAKTAREVIĆ,Bosnia And Herzegovina,BIH,20,Forward,FW,PSV Eindhoven (NED),10/03/2005,175,needs_stats_enrichment,FALSE,https://fdp.fifa.org/assetspublic/ce281/pdf/SquadLists-English.pdf,https://inside.fifa.com/organisation/media-releases/world-cup-2026-48-squads-confirmed
Haris TABAKOVIĆ,Bosnia And Herzegovina,BIH,23,Forward,FW,Borussia Mönchengladbach (GER),20/06/1994,196,needs_stats_enrichment,FALSE,https://fdp.fifa.org/assetspublic/ce281/pdf/SquadLists-English.pdf,https://inside.fifa.com/organisation/media-releases/world-cup-2026-48-squads-confirmed
Jovo LUKIĆ,Bosnia And Herzegovina,BIH,25,Forward,FW,Universitatea Cluj (ROU),28/11/1998,190,needs_stats_enrichment,FALSE,https://fdp.fifa.org/assetspublic/ce281/pdf/SquadLists-English.pdf,https://inside.fifa.com/organisation/media-releases/world-cup-2026-48-squads-confirmed
Kerim ALAJBEGOVIĆ,Bosnia And Herzegovina,BIH,19,Forward,FW,FC Red Bull Salzburg (AUT),21/09/2007,186,needs_stats_enrichment,FALSE,https://fdp.fifa.org/assetspublic/ce281/pdf/SquadLists-English.pdf,https://inside.fifa.com/organisation/media-releases/world-cup-2026-48-squads-confirmed
Samed BAŽDAR,Bosnia And Herzegovina,BIH,9,Forward,FW,Jagiellonia Białystok (POL),31/01/2004,189,needs_stats_enrichment,FALSE,https://fdp.fifa.org/assetspublic/ce281/pdf/SquadLists-English.pdf,https://inside.fifa.com/organisation/media-releases/world-cup-2026-48-squads-confirmed
Amar MEMIĆ,Bosnia And Herzegovina,BIH,15,Midfielder,MF,FC Viktoria Plzeň (CZE),20/01/2001,176,needs_stats_enrichment,FALSE,https://fdp.fifa.org/assetspublic/ce281/pdf/SquadLists-English.pdf,https://inside.fifa.com/organisation/media-releases/world-cup-2026-48-squads-confirmed
Amir HADŽIAHMETOVIĆ,Bosnia And Herzegovina,BIH,16,Midfielder,MF,Hull City FC (ENG),08/03/1997,179,needs_stats_enrichment,FALSE,https://fdp.fifa.org/assetspublic/ce281/pdf/SquadLists-English.pdf,https://inside.fifa.com/organisation/media-releases/world-cup-2026-48-squads-confirmed
Armin GIGOVIĆ,Bosnia And Herzegovina,BIH,8,Midfielder,MF,BSC Young Boys (SUI),06/04/2002,187,needs_stats_enrichment,FALSE,https://fdp.fifa.org/assetspublic/ce281/pdf/SquadLists-English.pdf,https://inside.fifa.com/organisation/media-releases/world-cup-2026-48-squads-confirmed
Benjamin TAHIROVIC,Bosnia And Herzegovina,BIH,6,Midfielder,MF,Brøndby IF (DEN),03/03/2003,191,needs_stats_enrichment,FALSE,https://fdp.fifa.org/assetspublic/ce281/pdf/SquadLists-English.pdf,https://inside.fifa.com/organisation/media-releases/world-cup-2026-48-squads-confirmed
Dženis BURNIĆ,Bosnia And Herzegovina,BIH,17,Midfielder,MF,Karlsruher SC (GER),22/05/1998,182,needs_stats_enrichment,FALSE,https://fdp.fifa.org/assetspublic/ce281/pdf/SquadLists-English.pdf,https://inside.fifa.com/organisation/media-releases/world-cup-2026-48-squads-confirmed
Ermin MAHMIĆ,Bosnia And Herzegovina,BIH,26,Midfielder,MF,FC Slovan Liberec (CZE),14/03/2005,182,needs_stats_enrichment,FALSE,https://fdp.fifa.org/assetspublic/ce281/pdf/SquadLists-English.pdf,https://inside.fifa.com/organisation/media-releases/world-cup-2026-48-squads-confirmed
Ivan BAŠIĆ,Bosnia And Herzegovina,BIH,13,Midfielder,MF,FC Astana (KAZ),30/04/2002,178,needs_stats_enrichment,FALSE,https://fdp.fifa.org/assetspublic/ce281/pdf/SquadLists-English.pdf,https://inside.fifa.com/organisation/media-releases/world-cup-2026-48-squads-confirmed
Ivan ŠUNJIĆ,Bosnia And Herzegovina,BIH,14,Midfielder,MF,Pafos FC (CYP),09/10/1996,183,needs_stats_enrichment,FALSE,https://fdp.fifa.org/assetspublic/ce281/pdf/SquadLists-English.pdf,https://inside.fifa.com/organisation/media-releases/world-cup-2026-48-squads-confirmed
Endrick Felipe MOREIRA DE SOUSA PESSOA,Brazil,BRA,19,Forward,FW,Olympique Lyonnais (FRA),21/07/2006,172,needs_stats_enrichment,FALSE,https://fdp.fifa.org/assetspublic/ce281/pdf/SquadLists-English.pdf,https://inside.fifa.com/organisation/media-releases/world-cup-2026-48-squads-confirmed
Gabriel TEODORO MARTINELLI SILVA,Brazil,BRA,22,Forward,FW,Arsenal FC (ENG),18/06/2001,178,needs_stats_enrichment,FALSE,https://fdp.fifa.org/assetspublic/ce281/pdf/SquadLists-English.pdf,https://inside.fifa.com/organisation/media-releases/world-cup-2026-48-squads-confirmed
Igor Thiago NASCIMENTO RODRIGUES,Brazil,BRA,25,Forward,FW,Brentford FC (ENG),26/06/2001,190,needs_stats_enrichment,FALSE,https://fdp.fifa.org/assetspublic/ce281/pdf/SquadLists-English.pdf,https://inside.fifa.com/organisation/media-releases/world-cup-2026-48-squads-confirmed
Luiz Henrique André ROSA DA SILVA,Brazil,BRA,21,Forward,FW,FC Zenit St. Petersburg (RUS),02/01/2001,182,needs_stats_enrichment,FALSE,https://fdp.fifa.org/assetspublic/ce281/pdf/SquadLists-English.pdf,https://inside.fifa.com/organisation/media-releases/world-cup-2026-48-squads-confirmed
Matheus SANTOS CARNEIRO DA CUNHA,Brazil,BRA,9,Forward,FW,Manchester United FC (ENG),27/05/1999,183,needs_stats_enrichment,FALSE,https://fdp.fifa.org/assetspublic/ce281/pdf/SquadLists-English.pdf,https://inside.fifa.com/organisation/media-releases/world-cup-2026-48-squads-confirmed
Neymar DA SILVA SANTOS JÚNIOR,Brazil,BRA,10,Forward,FW,Santos FC (BRA),05/02/1992,175,needs_stats_enrichment,FALSE,https://fdp.fifa.org/assetspublic/ce281/pdf/SquadLists-English.pdf,https://inside.fifa.com/organisation/media-releases/world-cup-2026-48-squads-confirmed
Rayan Vitor SIMPLICIO ROCHA,Brazil,BRA,26,Forward,FW,AFC Bournemouth (ENG),03/08/2006,187,needs_stats_enrichment,FALSE,https://fdp.fifa.org/assetspublic/ce281/pdf/SquadLists-English.pdf,https://inside.fifa.com/organisation/media-releases/world-cup-2026-48-squads-confirmed
Bruno GUIMARÃES RODRIGUEZ MOURA,Brazil,BRA,8,Midfielder,MF,Newcastle United FC (ENG),16/11/1997,182,needs_stats_enrichment,FALSE,https://fdp.fifa.org/assetspublic/ce281/pdf/SquadLists-English.pdf,https://inside.fifa.com/organisation/media-releases/world-cup-2026-48-squads-confirmed
Carlos Henrique CASIMIRO,Brazil,BRA,5,Midfielder,MF,Manchester United FC (ENG),23/02/1992,185,needs_stats_enrichment,FALSE,https://fdp.fifa.org/assetspublic/ce281/pdf/SquadLists-English.pdf,https://inside.fifa.com/organisation/media-releases/world-cup-2026-48-squads-confirmed
Danilo DOS SANTOS DE OLIVEIRA,Brazil,BRA,18,Midfielder,MF,Botafogo (BRA),29/04/2001,177,needs_stats_enrichment,FALSE,https://fdp.fifa.org/assetspublic/ce281/pdf/SquadLists-English.pdf,https://inside.fifa.com/organisation/media-releases/world-cup-2026-48-squads-confirmed
Fabio Henrique TAVARES,Brazil,BRA,17,Midfielder,MF,Al Ittihad (KSA),23/10/1993,188,needs_stats_enrichment,FALSE,https://fdp.fifa.org/assetspublic/ce281/pdf/SquadLists-English.pdf,https://inside.fifa.com/organisation/media-releases/world-cup-2026-48-squads-confirmed
Lucas TOLENTINO COELHO DE LIMA,Brazil,BRA,20,Midfielder,MF,CR Flamengo (BRA),27/08/1997,183,needs_stats_enrichment,FALSE,https://fdp.fifa.org/assetspublic/ce281/pdf/SquadLists-English.pdf,https://inside.fifa.com/organisation/media-releases/world-cup-2026-48-squads-confirmed
Éderson José DOS SANTOS LOURENÇO DA SILVA,Brazil,BRA,2,Midfielder,MF,Atalanta Bergamo (ITA),07/07/1999,184,needs_stats_enrichment,FALSE,https://fdp.fifa.org/assetspublic/ce281/pdf/SquadLists-English.pdf,https://inside.fifa.com/organisation/media-releases/world-cup-2026-48-squads-confirmed
Dailon ROCHA LIVRAMENTO,Cabo Verde,CPV,19,Forward,FW,Casa Pia AC (POR),04/05/2001,185,needs_stats_enrichment,FALSE,https://fdp.fifa.org/assetspublic/ce281/pdf/SquadLists-English.pdf,https://inside.fifa.com/organisation/media-releases/world-cup-2026-48-squads-confirmed
Gilson BENCHIMOL TAVARES,Cabo Verde,CPV,9,Forward,FW,FC Akron Tolyatti (RUS),29/12/2001,187,needs_stats_enrichment,FALSE,https://fdp.fifa.org/assetspublic/ce281/pdf/SquadLists-English.pdf,https://inside.fifa.com/organisation/media-releases/world-cup-2026-48-squads-confirmed
Ryan Isaac DA GRACA MENDES,Cabo Verde,CPV,20,Forward,FW,Iğdır FK (TUR),08/01/1990,178,needs_stats_enrichment,FALSE,https://fdp.fifa.org/assetspublic/ce281/pdf/SquadLists-English.pdf,https://inside.fifa.com/organisation/media-releases/world-cup-2026-48-squads-confirmed
Deroy D'ENCARNAÇÃO DUARTE,Cabo Verde,CPV,14,Midfielder,MF,PFC Ludogorets Razgrad (BUL),04/07/1999,177,needs_stats_enrichment,FALSE,https://fdp.fifa.org/assetspublic/ce281/pdf/SquadLists-English.pdf,https://inside.fifa.com/organisation/media-releases/world-cup-2026-48-squads-confirmed
Garry MENDES RODRIGUES,Cabo Verde,CPV,11,Midfielder,MF,Apollon Limassol (CYP),27/11/1990,173,needs_stats_enrichment,FALSE,https://fdp.fifa.org/assetspublic/ce281/pdf/SquadLists-English.pdf,https://inside.fifa.com/organisation/media-releases/world-cup-2026-48-squads-confirmed
Hélio Sandro OLIVEIRA ALVES VARELA,Cabo Verde,CPV,26,Midfielder,MF,Maccabi Tel-Aviv FC (ISR),03/05/2002,176,needs_stats_enrichment,FALSE,https://fdp.fifa.org/assetspublic/ce281/pdf/SquadLists-English.pdf,https://inside.fifa.com/organisation/media-releases/world-cup-2026-48-squads-confirmed
Jair SEMEDO MONTEIRO,Cabo Verde,CPV,16,Midfielder,MF,SC Farense (POR),29/12/1995,176,needs_stats_enrichment,FALSE,https://fdp.fifa.org/assetspublic/ce281/pdf/SquadLists-English.pdf,https://inside.fifa.com/organisation/media-releases/world-cup-2026-48-squads-confirmed
Jamiro Gregory MONTEIRO ALVARENGA,Cabo Verde,CPV,10,Midfielder,MF,PEC Zwolle (NED),23/11/1993,175,needs_stats_enrichment,FALSE,https://fdp.fifa.org/assetspublic/ce281/pdf/SquadLists-English.pdf,https://inside.fifa.com/organisation/media-releases/world-cup-2026-48-squads-confirmed
Jovane Eduardo BORGES CABRAL,Cabo Verde,CPV,7,Midfielder,MF,CF Estrela Da Amadora (POR),14/06/1998,174,needs_stats_enrichment,FALSE,https://fdp.fifa.org/assetspublic/ce281/pdf/SquadLists-English.pdf,https://inside.fifa.com/organisation/media-releases/world-cup-2026-48-squads-confirmed
João Paulo MOREIRA FERNANDES,Cabo Verde,CPV,8,Midfielder,MF,FC FCSB (ROU),26/05/1998,180,needs_stats_enrichment,FALSE,https://fdp.fifa.org/assetspublic/ce281/pdf/SquadLists-English.pdf,https://inside.fifa.com/organisation/media-releases/world-cup-2026-48-squads-confirmed
Kevin Lenini GONÇALVES PEREIRA DE PINA,Cabo Verde,CPV,6,Midfielder,MF,FC Krasnodar (RUS),27/01/1997,177,needs_stats_enrichment,FALSE,https://fdp.fifa.org/assetspublic/ce281/pdf/SquadLists-English.pdf,https://inside.fifa.com/organisation/media-releases/world-cup-2026-48-squads-confirmed
Laros Michael D'ENCARNAÇÃO DUARTE,Cabo Verde,CPV,15,Midfielder,MF,Puskás Akadémia FC (HUN),28/02/1997,180,needs_stats_enrichment,FALSE,https://fdp.fifa.org/assetspublic/ce281/pdf/SquadLists-English.pdf,https://inside.fifa.com/organisation/media-releases/world-cup-2026-48-squads-confirmed
Nuno Miguel DA COSTA JOIA,Cabo Verde,CPV,21,Midfielder,MF,Başakşehir FK (TUR),10/02/1991,182,needs_stats_enrichment,FALSE,https://fdp.fifa.org/assetspublic/ce281/pdf/SquadLists-English.pdf,https://inside.fifa.com/organisation/media-releases/world-cup-2026-48-squads-confirmed
Telmo Emanuel GOMES ARCANJO,Cabo Verde,CPV,18,Midfielder,MF,Vitória SC (POR),21/06/2001,180,needs_stats_enrichment,FALSE,https://fdp.fifa.org/assetspublic/ce281/pdf/SquadLists-English.pdf,https://inside.fifa.com/organisation/media-releases/world-cup-2026-48-squads-confirmed
Willy Johnson SEMEDO AFONSO,Cabo Verde,CPV,17,Midfielder,MF,AC Omonia (CYP),27/04/1994,185,needs_stats_enrichment,FALSE,https://fdp.fifa.org/assetspublic/ce281/pdf/SquadLists-English.pdf,https://inside.fifa.com/organisation/media-releases/world-cup-2026-48-squads-confirmed
Ali AHMED,Canada,CAN,20,Forward,FW,Norwich City FC (ENG),10/10/2000,180,needs_stats_enrichment,FALSE,https://fdp.fifa.org/assetspublic/ce281/pdf/SquadLists-English.pdf,https://inside.fifa.com/organisation/media-releases/world-cup-2026-48-squads-confirmed
Cyle Christopher LARIN,Canada,CAN,9,Forward,FW,Southampton FC (ENG),17/04/1995,188,needs_stats_enrichment,FALSE,https://fdp.fifa.org/assetspublic/ce281/pdf/SquadLists-English.pdf,https://inside.fifa.com/organisation/media-releases/world-cup-2026-48-squads-confirmed
Promise Oluwatobi Emmanuel DAVID,Canada,CAN,24,Forward,FW,Royale Union Saint-Gilloise (BEL),03/07/2001,195,needs_stats_enrichment,FALSE,https://fdp.fifa.org/assetspublic/ce281/pdf/SquadLists-English.pdf,https://inside.fifa.com/organisation/media-releases/world-cup-2026-48-squads-confirmed
Tajon Trevor BUCHANAN,Canada,CAN,17,Forward,FW,Villarreal CF (ESP),08/02/1999,183,needs_stats_enrichment,FALSE,https://fdp.fifa.org/assetspublic/ce281/pdf/SquadLists-English.pdf,https://inside.fifa.com/organisation/media-releases/world-cup-2026-48-squads-confirmed
Tanitoluwa Oluwatimilehin OLUWASEYI,Canada,CAN,12,Forward,FW,Villarreal CF (ESP),15/05/2000,187,needs_stats_enrichment,FALSE,https://fdp.fifa.org/assetspublic/ce281/pdf/SquadLists-English.pdf,https://inside.fifa.com/organisation/media-releases/world-cup-2026-48-squads-confirmed
Ismaël Kenneth Jordan KONE,Canada,CAN,8,Midfielder,MF,US Sassuolo (ITA),16/06/2002,188,needs_stats_enrichment,FALSE,https://fdp.fifa.org/assetspublic/ce281/pdf/SquadLists-English.pdf,https://inside.fifa.com/organisation/media-releases/world-cup-2026-48-squads-confirmed
Jacob Everett SHAFFELBURG,Canada,CAN,14,Midfielder,MF,LAFC (USA),26/11/1999,181,needs_stats_enrichment,FALSE,https://fdp.fifa.org/assetspublic/ce281/pdf/SquadLists-English.pdf,https://inside.fifa.com/organisation/media-releases/world-cup-2026-48-squads-confirmed
Jonathan OSORIO,Canada,CAN,21,Midfielder,MF,Toronto FC (CAN),12/06/1992,175,needs_stats_enrichment,FALSE,https://fdp.fifa.org/assetspublic/ce281/pdf/SquadLists-English.pdf,https://inside.fifa.com/organisation/media-releases/world-cup-2026-48-squads-confirmed
Liam Alan MILLAR,Canada,CAN,11,Midfielder,MF,Hull City FC (ENG),27/09/1999,176,needs_stats_enrichment,FALSE,https://fdp.fifa.org/assetspublic/ce281/pdf/SquadLists-English.pdf,https://inside.fifa.com/organisation/media-releases/world-cup-2026-48-squads-confirmed
Marcelo FLORES,Canada,CAN,26,Midfielder,MF,Tigres UANL (MEX),01/10/2003,164,needs_stats_enrichment,FALSE,https://fdp.fifa.org/assetspublic/ce281/pdf/SquadLists-English.pdf,https://inside.fifa.com/organisation/media-releases/world-cup-2026-48-squads-confirmed
Mathieu CHOINIÈRE,Canada,CAN,6,Midfielder,MF,LAFC (USA),07/02/1999,173,needs_stats_enrichment,FALSE,https://fdp.fifa.org/assetspublic/ce281/pdf/SquadLists-English.pdf,https://inside.fifa.com/organisation/media-releases/world-cup-2026-48-squads-confirmed
Nathan-Dylan SALIBA,Canada,CAN,25,Midfielder,MF,RSC Anderlecht (BEL),07/02/2004,174,needs_stats_enrichment,FALSE,https://fdp.fifa.org/assetspublic/ce281/pdf/SquadLists-English.pdf,https://inside.fifa.com/organisation/media-releases/world-cup-2026-48-squads-confirmed
Stephen EUSTAQUIO,Canada,CAN,7,Midfielder,MF,LAFC (USA),21/12/1996,175,needs_stats_enrichment,FALSE,https://fdp.fifa.org/assetspublic/ce281/pdf/SquadLists-English.pdf,https://inside.fifa.com/organisation/media-releases/world-cup-2026-48-squads-confirmed
Carlos Andrés GÓMEZ HINESTROZA,Colombia,COL,26,Forward,FW,CR Vasco Da Gama (BRA),12/09/2002,170,needs_stats_enrichment,FALSE,https://fdp.fifa.org/assetspublic/ce281/pdf/SquadLists-English.pdf,https://inside.fifa.com/organisation/media-releases/world-cup-2026-48-squads-confirmed
Jaminton Leandro CAMPAZ,Colombia,COL,21,Forward,FW,CA Rosario Central (ARG),24/05/2000,166,needs_stats_enrichment,FALSE,https://fdp.fifa.org/assetspublic/ce281/pdf/SquadLists-English.pdf,https://inside.fifa.com/organisation/media-releases/world-cup-2026-48-squads-confirmed
Jhon Andrés CÓRDOBA COPETE,Colombia,COL,9,Forward,FW,FC Krasnodar (RUS),11/05/1993,186,needs_stats_enrichment,FALSE,https://fdp.fifa.org/assetspublic/ce281/pdf/SquadLists-English.pdf,https://inside.fifa.com/organisation/media-releases/world-cup-2026-48-squads-confirmed
Juan Camilo HERNANDEZ SUAREZ,Colombia,COL,19,Forward,FW,Real Betis (ESP),20/04/1999,176,needs_stats_enrichment,FALSE,https://fdp.fifa.org/assetspublic/ce281/pdf/SquadLists-English.pdf,https://inside.fifa.com/organisation/media-releases/world-cup-2026-48-squads-confirmed
Luis Fernando DÍAZ MARULANDA,Colombia,COL,7,Forward,FW,FC Bayern München (GER),13/01/1997,179,needs_stats_enrichment,FALSE,https://fdp.fifa.org/assetspublic/ce281/pdf/SquadLists-English.pdf,https://inside.fifa.com/organisation/media-releases/world-cup-2026-48-squads-confirmed
Luis Javier SUÁREZ CHARRIS,Colombia,COL,25,Forward,FW,Sporting CP (POR),02/12/1997,179,needs_stats_enrichment,FALSE,https://fdp.fifa.org/assetspublic/ce281/pdf/SquadLists-English.pdf,https://inside.fifa.com/organisation/media-releases/world-cup-2026-48-squads-confirmed
James David RODRÍGUEZ RUBIO,Colombia,COL,10,Midfielder,MF,Minnesota United FC (USA),12/07/1991,181,needs_stats_enrichment,FALSE,https://fdp.fifa.org/assetspublic/ce281/pdf/SquadLists-English.pdf,https://inside.fifa.com/organisation/media-releases/world-cup-2026-48-squads-confirmed
Jefferson Andrés LERMA SOLIS,Colombia,COL,16,Midfielder,MF,Crystal Palace FC (ENG),25/10/1994,180,needs_stats_enrichment,FALSE,https://fdp.fifa.org/assetspublic/ce281/pdf/SquadLists-English.pdf,https://inside.fifa.com/organisation/media-releases/world-cup-2026-48-squads-confirmed
Jhon Adolfo ARIAS ANDRADE,Colombia,COL,11,Midfielder,MF,SE Palmeiras (BRA),21/09/1997,168,needs_stats_enrichment,FALSE,https://fdp.fifa.org/assetspublic/ce281/pdf/SquadLists-English.pdf,https://inside.fifa.com/organisation/media-releases/world-cup-2026-48-squads-confirmed
Jorge Andres CARRASCAL GUARDO,Colombia,COL,8,Midfielder,MF,CR Flamengo (BRA),25/05/1998,180,needs_stats_enrichment,FALSE,https://fdp.fifa.org/assetspublic/ce281/pdf/SquadLists-English.pdf,https://inside.fifa.com/organisation/media-releases/world-cup-2026-48-squads-confirmed
Juan Camilo PORTILLA OROZCO,Colombia,COL,15,Midfielder,MF,Athletico Paranaense (BRA),12/09/1998,181,needs_stats_enrichment,FALSE,https://fdp.fifa.org/assetspublic/ce281/pdf/SquadLists-English.pdf,https://inside.fifa.com/organisation/media-releases/world-cup-2026-48-squads-confirmed
Juan Fernando QUINTERO PANIAGUA,Colombia,COL,20,Midfielder,MF,CA River Plate (ARG),18/01/1993,167,needs_stats_enrichment,FALSE,https://fdp.fifa.org/assetspublic/ce281/pdf/SquadLists-English.pdf,https://inside.fifa.com/organisation/media-releases/world-cup-2026-48-squads-confirmed
Kevin Duvan CASTAÑO GIL,Colombia,COL,5,Midfielder,MF,CA River Plate (ARG),29/09/2000,179,needs_stats_enrichment,FALSE,https://fdp.fifa.org/assetspublic/ce281/pdf/SquadLists-English.pdf,https://inside.fifa.com/organisation/media-releases/world-cup-2026-48-squads-confirmed
Richard RÍOS MONTOYA,Colombia,COL,6,Midfielder,MF,SL Ben ca (POR),02/06/2000,185,needs_stats_enrichment,FALSE,https://fdp.fifa.org/assetspublic/ce281/pdf/SquadLists-English.pdf,https://inside.fifa.com/organisation/media-releases/world-cup-2026-48-squads-confirmed
Cedric BAKAMBU,Congo DR,COD,17,Forward,FW,Real Betis (ESP),11/04/1991,182,needs_stats_enrichment,FALSE,https://fdp.fifa.org/assetspublic/ce281/pdf/SquadLists-English.pdf,https://inside.fifa.com/organisation/media-releases/world-cup-2026-48-squads-confirmed
Kibambe Brian CIPENGA,Congo DR,COD,9,Forward,FW,CD Castellón (ESP),11/03/1998,172,needs_stats_enrichment,FALSE,https://fdp.fifa.org/assetspublic/ce281/pdf/SquadLists-English.pdf,https://inside.fifa.com/organisation/media-releases/world-cup-2026-48-squads-confirmed
Mambenga Gaël Roméo KAKUTA,Congo DR,COD,11,Forward,FW,AEL FC (GRE),21/06/1991,174,needs_stats_enrichment,FALSE,https://fdp.fifa.org/assetspublic/ce281/pdf/SquadLists-English.pdf,https://inside.fifa.com/organisation/media-releases/world-cup-2026-48-squads-confirmed
Mayele Fiston KALALA,Congo DR,COD,19,Forward,FW,Pyramids FC (EGY),24/06/1994,185,needs_stats_enrichment,FALSE,https://fdp.fifa.org/assetspublic/ce281/pdf/SquadLists-English.pdf,https://inside.fifa.com/organisation/media-releases/world-cup-2026-48-squads-confirmed
Meschack Lina ELIA,Congo DR,COD,13,Forward,FW,Alanyaspor (TUR),06/08/1997,173,needs_stats_enrichment,FALSE,https://fdp.fifa.org/assetspublic/ce281/pdf/SquadLists-English.pdf,https://inside.fifa.com/organisation/media-releases/world-cup-2026-48-squads-confirmed
Simon Bokote BANZA,Congo DR,COD,23,Forward,FW,Al Jazira (UAE),13/08/1996,189,needs_stats_enrichment,FALSE,https://fdp.fifa.org/assetspublic/ce281/pdf/SquadLists-English.pdf,https://inside.fifa.com/organisation/media-releases/world-cup-2026-48-squads-confirmed
Yoane WISSA,Congo DR,COD,20,Forward,FW,Newcastle United FC (ENG),03/09/1996,176,needs_stats_enrichment,FALSE,https://fdp.fifa.org/assetspublic/ce281/pdf/SquadLists-English.pdf,https://inside.fifa.com/organisation/media-releases/world-cup-2026-48-squads-confirmed
Charles Monginda PICKEL,Congo DR,COD,18,Midfielder,MF,RCD Espanyol (ESP),15/05/1997,187,needs_stats_enrichment,FALSE,https://fdp.fifa.org/assetspublic/ce281/pdf/SquadLists-English.pdf,https://inside.fifa.com/organisation/media-releases/world-cup-2026-48-squads-confirmed
Edo Kayembe KAYEMBE,Congo DR,COD,25,Midfielder,MF,Watford FC (ENG),03/06/1998,183,needs_stats_enrichment,FALSE,https://fdp.fifa.org/assetspublic/ce281/pdf/SquadLists-English.pdf,https://inside.fifa.com/organisation/media-releases/world-cup-2026-48-squads-confirmed
Nathanaël MBUKU,Congo DR,COD,7,Midfielder,MF,Montpellier HSC (FRA),16/03/2002,170,needs_stats_enrichment,FALSE,https://fdp.fifa.org/assetspublic/ce281/pdf/SquadLists-English.pdf,https://inside.fifa.com/organisation/media-releases/world-cup-2026-48-squads-confirmed
Ngal’ayel MUKAU,Congo DR,COD,6,Midfielder,MF,Lille OSC (FRA),03/11/2004,186,needs_stats_enrichment,FALSE,https://fdp.fifa.org/assetspublic/ce281/pdf/SquadLists-English.pdf,https://inside.fifa.com/organisation/media-releases/world-cup-2026-48-squads-confirmed
Noah Junior SADIKI,Congo DR,COD,14,Midfielder,MF,Sunderland AFC (ENG),17/12/2004,165,needs_stats_enrichment,FALSE,https://fdp.fifa.org/assetspublic/ce281/pdf/SquadLists-English.pdf,https://inside.fifa.com/organisation/media-releases/world-cup-2026-48-squads-confirmed
Samuel Alain MOUTOUSSAMY,Congo DR,COD,8,Midfielder,MF,Atromitos FC (GRE),12/08/1996,176,needs_stats_enrichment,FALSE,https://fdp.fifa.org/assetspublic/ce281/pdf/SquadLists-English.pdf,https://inside.fifa.com/organisation/media-releases/world-cup-2026-48-squads-confirmed
Theo Mbulofeko Batombo BONGONDA,Congo DR,COD,10,Midfielder,MF,FC Spartak Moscow (RUS),20/11/1995,176,needs_stats_enrichment,FALSE,https://fdp.fifa.org/assetspublic/ce281/pdf/SquadLists-English.pdf,https://inside.fifa.com/organisation/media-releases/world-cup-2026-48-squads-confirmed
Tshibola AARON,Congo DR,COD,15,Midfielder,MF,Kilmarnock FC (SCO),02/01/1995,184,needs_stats_enrichment,FALSE,https://fdp.fifa.org/assetspublic/ce281/pdf/SquadLists-English.pdf,https://inside.fifa.com/organisation/media-releases/world-cup-2026-48-squads-confirmed
Andrej KRAMARIĆ,Croatia,CRO,9,Forward,FW,TSG Hoffenheim (GER),19/06/1991,177,needs_stats_enrichment,FALSE,https://fdp.fifa.org/assetspublic/ce281/pdf/SquadLists-English.pdf,https://inside.fifa.com/organisation/media-releases/world-cup-2026-48-squads-confirmed
Ante BUDIMIR,Croatia,CRO,11,Forward,FW,CA Osasuna (ESP),22/07/1991,190,needs_stats_enrichment,FALSE,https://fdp.fifa.org/assetspublic/ce281/pdf/SquadLists-English.pdf,https://inside.fifa.com/organisation/media-releases/world-cup-2026-48-squads-confirmed
Igor MATANOVIĆ,Croatia,CRO,20,Forward,FW,SC Freiburg (GER),31/03/2003,194,needs_stats_enrichment,FALSE,https://fdp.fifa.org/assetspublic/ce281/pdf/SquadLists-English.pdf,https://inside.fifa.com/organisation/media-releases/world-cup-2026-48-squads-confirmed
Ivan PERIŠIĆ,Croatia,CRO,14,Forward,FW,PSV Eindhoven (NED),02/02/1989,186,needs_stats_enrichment,FALSE,https://fdp.fifa.org/assetspublic/ce281/pdf/SquadLists-English.pdf,https://inside.fifa.com/organisation/media-releases/world-cup-2026-48-squads-confirmed
Marco PAŠALIĆ,Croatia,CRO,24,Forward,FW,Orlando City SC (USA),14/09/2000,177,needs_stats_enrichment,FALSE,https://fdp.fifa.org/assetspublic/ce281/pdf/SquadLists-English.pdf,https://inside.fifa.com/organisation/media-releases/world-cup-2026-48-squads-confirmed
Petar MUSA,Croatia,CRO,26,Forward,FW,FC Dallas (USA),04/03/1998,190,needs_stats_enrichment,FALSE,https://fdp.fifa.org/assetspublic/ce281/pdf/SquadLists-English.pdf,https://inside.fifa.com/organisation/media-releases/world-cup-2026-48-squads-confirmed
Luka MODRIĆ,Croatia,CRO,10,Midfielder,MF,AC Milan (ITA),09/09/1985,172,needs_stats_enrichment,FALSE,https://fdp.fifa.org/assetspublic/ce281/pdf/SquadLists-English.pdf,https://inside.fifa.com/organisation/media-releases/world-cup-2026-48-squads-confirmed
Luka SUČIĆ,Croatia,CRO,21,Midfielder,MF,Real Sociedad (ESP),08/09/2002,185,needs_stats_enrichment,FALSE,https://fdp.fifa.org/assetspublic/ce281/pdf/SquadLists-English.pdf,https://inside.fifa.com/organisation/media-releases/world-cup-2026-48-squads-confirmed
Mario PAŠALIĆ,Croatia,CRO,15,Midfielder,MF,Atalanta Bergamo (ITA),09/02/1995,188,needs_stats_enrichment,FALSE,https://fdp.fifa.org/assetspublic/ce281/pdf/SquadLists-English.pdf,https://inside.fifa.com/organisation/media-releases/world-cup-2026-48-squads-confirmed
Martin BATURINA,Croatia,CRO,16,Midfielder,MF,Como (ITA),16/02/2003,172,needs_stats_enrichment,FALSE,https://fdp.fifa.org/assetspublic/ce281/pdf/SquadLists-English.pdf,https://inside.fifa.com/organisation/media-releases/world-cup-2026-48-squads-confirmed
Mateo KOVAČIĆ,Croatia,CRO,8,Midfielder,MF,Manchester City FC (ENG),06/05/1994,178,needs_stats_enrichment,FALSE,https://fdp.fifa.org/assetspublic/ce281/pdf/SquadLists-English.pdf,https://inside.fifa.com/organisation/media-releases/world-cup-2026-48-squads-confirmed
Nikola MORO,Croatia,CRO,7,Midfielder,MF,Bologna FC (ITA),12/03/1998,183,needs_stats_enrichment,FALSE,https://fdp.fifa.org/assetspublic/ce281/pdf/SquadLists-English.pdf,https://inside.fifa.com/organisation/media-releases/world-cup-2026-48-squads-confirmed
Nikola VLAŠIĆ,Croatia,CRO,13,Midfielder,MF,Torino FC (ITA),04/10/1997,179,needs_stats_enrichment,FALSE,https://fdp.fifa.org/assetspublic/ce281/pdf/SquadLists-English.pdf,https://inside.fifa.com/organisation/media-releases/world-cup-2026-48-squads-confirmed
Petar SUČIĆ,Croatia,CRO,17,Midfielder,MF,FC Internazionale Milano (ITA),25/10/2003,183,needs_stats_enrichment,FALSE,https://fdp.fifa.org/assetspublic/ce281/pdf/SquadLists-English.pdf,https://inside.fifa.com/organisation/media-releases/world-cup-2026-48-squads-confirmed
Toni FRUK,Croatia,CRO,19,Midfielder,MF,HNK Rijeka (CRO),09/03/2001,177,needs_stats_enrichment,FALSE,https://fdp.fifa.org/assetspublic/ce281/pdf/SquadLists-English.pdf,https://inside.fifa.com/organisation/media-releases/world-cup-2026-48-squads-confirmed
Brandley Mack-Olien KUWAS,Curaçao,CUW,17,Forward,FW,FC Volendam (NED),19/09/1992,181,needs_stats_enrichment,FALSE,https://fdp.fifa.org/assetspublic/ce281/pdf/SquadLists-English.pdf,https://inside.fifa.com/organisation/media-releases/world-cup-2026-48-squads-confirmed
Gervane Zjandric Adonnis KASTANEER,Curaçao,CUW,19,Forward,FW,Terengganu FC (MAS),09/06/1996,189,needs_stats_enrichment,FALSE,https://fdp.fifa.org/assetspublic/ce281/pdf/SquadLists-English.pdf,https://inside.fifa.com/organisation/media-releases/world-cup-2026-48-squads-confirmed
Jearl Erwin MARGARITHA,Curaçao,CUW,16,Forward,FW,SK Beveren (BEL),10/04/2000,181,needs_stats_enrichment,FALSE,https://fdp.fifa.org/assetspublic/ce281/pdf/SquadLists-English.pdf,https://inside.fifa.com/organisation/media-releases/world-cup-2026-48-squads-confirmed
Jeremy Cornelis Jacobus ANTONISSE,Curaçao,CUW,11,Forward,FW,AE Ki sia FC (GRE),29/03/2002,164,needs_stats_enrichment,FALSE,https://fdp.fifa.org/assetspublic/ce281/pdf/SquadLists-English.pdf,https://inside.fifa.com/organisation/media-releases/world-cup-2026-48-squads-confirmed
Jürgen Leonardo LOCADIA,Curaçao,CUW,9,Forward,FW,Miami FC (USA),07/11/1993,193,needs_stats_enrichment,FALSE,https://fdp.fifa.org/assetspublic/ce281/pdf/SquadLists-English.pdf,https://inside.fifa.com/organisation/media-releases/world-cup-2026-48-squads-confirmed
Kenji Joel GORRE,Curaçao,CUW,14,Forward,FW,Maccabi Haifa FC (ISR),29/09/1994,174,needs_stats_enrichment,FALSE,https://fdp.fifa.org/assetspublic/ce281/pdf/SquadLists-English.pdf,https://inside.fifa.com/organisation/media-releases/world-cup-2026-48-squads-confirmed
Misjonne Juniffer Naigelino HANSEN,Curaçao,CUW,12,Forward,FW,Middlesbrough FC (ENG),18/05/2002,176,needs_stats_enrichment,FALSE,https://fdp.fifa.org/assetspublic/ce281/pdf/SquadLists-English.pdf,https://inside.fifa.com/organisation/media-releases/world-cup-2026-48-squads-confirmed
Tyrese Yurvencey NOSLIN,Curaçao,CUW,13,Forward,FW,SC Telstar (NED),11/09/2002,182,needs_stats_enrichment,FALSE,https://fdp.fifa.org/assetspublic/ce281/pdf/SquadLists-English.pdf,https://inside.fifa.com/organisation/media-releases/world-cup-2026-48-squads-confirmed
Ar'jany Jainel Archenir MARTHA,Curaçao,CUW,15,Midfielder,MF,Rotherham United FC (ENG),04/09/2003,180,needs_stats_enrichment,FALSE,https://fdp.fifa.org/assetspublic/ce281/pdf/SquadLists-English.pdf,https://inside.fifa.com/organisation/media-releases/world-cup-2026-48-squads-confirmed
Godfried ROEMERATOE,Curaçao,CUW,6,Midfielder,MF,RKC Waalwijk (NED),19/08/1999,178,needs_stats_enrichment,FALSE,https://fdp.fifa.org/assetspublic/ce281/pdf/SquadLists-English.pdf,https://inside.fifa.com/organisation/media-releases/world-cup-2026-48-squads-confirmed
Juninho Gracielo BACUNA,Curaçao,CUW,7,Midfielder,MF,FC Volendam (NED),07/08/1997,178,needs_stats_enrichment,FALSE,https://fdp.fifa.org/assetspublic/ce281/pdf/SquadLists-English.pdf,https://inside.fifa.com/organisation/media-releases/world-cup-2026-48-squads-confirmed
Kevin Antonio FELIDA,Curaçao,CUW,22,Midfielder,MF,FC Den Bosch (NED),11/11/1999,174,needs_stats_enrichment,FALSE,https://fdp.fifa.org/assetspublic/ce281/pdf/SquadLists-English.pdf,https://inside.fifa.com/organisation/media-releases/world-cup-2026-48-squads-confirmed
Leandro Jones Johan BACUNA,Curaçao,CUW,10,Midfielder,MF,Iğdır FK (TUR),21/08/1991,180,needs_stats_enrichment,FALSE,https://fdp.fifa.org/assetspublic/ce281/pdf/SquadLists-English.pdf,https://inside.fifa.com/organisation/media-releases/world-cup-2026-48-squads-confirmed
Livano Shyron Liomar COMENENCIA,Curaçao,CUW,8,Midfielder,MF,FC Zürich (SUI),03/02/2004,185,needs_stats_enrichment,FALSE,https://fdp.fifa.org/assetspublic/ce281/pdf/SquadLists-English.pdf,https://inside.fifa.com/organisation/media-releases/world-cup-2026-48-squads-confirmed
Tahith Jose Girigorio Djorkaef CHONG,Curaçao,CUW,21,Midfielder,MF,She eld United FC (ENG),04/12/1999,185,needs_stats_enrichment,FALSE,https://fdp.fifa.org/assetspublic/ce281/pdf/SquadLists-English.pdf,https://inside.fifa.com/organisation/media-releases/world-cup-2026-48-squads-confirmed
Adam HLOŽEK,Czechia,CZE,9,Forward,FW,TSG Hoffenheim (GER),25/07/2002,188,needs_stats_enrichment,FALSE,https://fdp.fifa.org/assetspublic/ce281/pdf/SquadLists-English.pdf,https://inside.fifa.com/organisation/media-releases/world-cup-2026-48-squads-confirmed
Denis VIŠINSKÝ,Czechia,CZE,26,Forward,FW,FC Viktoria Plzeň (CZE),21/03/2003,178,needs_stats_enrichment,FALSE,https://fdp.fifa.org/assetspublic/ce281/pdf/SquadLists-English.pdf,https://inside.fifa.com/organisation/media-releases/world-cup-2026-48-squads-confirmed
Jan KUCHTA,Czechia,CZE,11,Forward,FW,AC Sparta Praha (CZE),08/01/1997,185,needs_stats_enrichment,FALSE,https://fdp.fifa.org/assetspublic/ce281/pdf/SquadLists-English.pdf,https://inside.fifa.com/organisation/media-releases/world-cup-2026-48-squads-confirmed
Mojmír CHYTIL,Czechia,CZE,13,Forward,FW,SK Slavia Praha (CZE),29/04/1999,187,needs_stats_enrichment,FALSE,https://fdp.fifa.org/assetspublic/ce281/pdf/SquadLists-English.pdf,https://inside.fifa.com/organisation/media-releases/world-cup-2026-48-squads-confirmed
Patrik SCHICK,Czechia,CZE,10,Forward,FW,Bayer 04 Leverkusen (GER),24/01/1996,191,needs_stats_enrichment,FALSE,https://fdp.fifa.org/assetspublic/ce281/pdf/SquadLists-English.pdf,https://inside.fifa.com/organisation/media-releases/world-cup-2026-48-squads-confirmed
Pavel ŠULC,Czechia,CZE,15,Forward,FW,Olympique Lyonnais (FRA),29/12/2000,177,needs_stats_enrichment,FALSE,https://fdp.fifa.org/assetspublic/ce281/pdf/SquadLists-English.pdf,https://inside.fifa.com/organisation/media-releases/world-cup-2026-48-squads-confirmed
Tomáš CHORÝ,Czechia,CZE,19,Forward,FW,SK Slavia Praha (CZE),26/01/1995,199,needs_stats_enrichment,FALSE,https://fdp.fifa.org/assetspublic/ce281/pdf/SquadLists-English.pdf,https://inside.fifa.com/organisation/media-releases/world-cup-2026-48-squads-confirmed
Alexandr SOJKA,Czechia,CZE,24,Midfielder,MF,FC Viktoria Plzeň (CZE),02/04/2003,188,needs_stats_enrichment,FALSE,https://fdp.fifa.org/assetspublic/ce281/pdf/SquadLists-English.pdf,https://inside.fifa.com/organisation/media-releases/world-cup-2026-48-squads-confirmed
Hugo SOCHŮREK,Czechia,CZE,25,Midfielder,MF,AC Sparta Praha (CZE),07/06/2008,183,needs_stats_enrichment,FALSE,https://fdp.fifa.org/assetspublic/ce281/pdf/SquadLists-English.pdf,https://inside.fifa.com/organisation/media-releases/world-cup-2026-48-squads-confirmed
Lukáš PROVOD,Czechia,CZE,17,Midfielder,MF,SK Slavia Praha (CZE),23/10/1996,191,needs_stats_enrichment,FALSE,https://fdp.fifa.org/assetspublic/ce281/pdf/SquadLists-English.pdf,https://inside.fifa.com/organisation/media-releases/world-cup-2026-48-squads-confirmed
Lukáš ČERV,Czechia,CZE,12,Midfielder,MF,FC Viktoria Plzeň (CZE),10/04/2001,182,needs_stats_enrichment,FALSE,https://fdp.fifa.org/assetspublic/ce281/pdf/SquadLists-English.pdf,https://inside.fifa.com/organisation/media-releases/world-cup-2026-48-squads-confirmed
Michal SADÍLEK,Czechia,CZE,18,Midfielder,MF,SK Slavia Praha (CZE),31/05/1999,169,needs_stats_enrichment,FALSE,https://fdp.fifa.org/assetspublic/ce281/pdf/SquadLists-English.pdf,https://inside.fifa.com/organisation/media-releases/world-cup-2026-48-squads-confirmed
Tomáš SOUČEK,Czechia,CZE,22,Midfielder,MF,West Ham United FC (ENG),27/02/1995,192,needs_stats_enrichment,FALSE,https://fdp.fifa.org/assetspublic/ce281/pdf/SquadLists-English.pdf,https://inside.fifa.com/organisation/media-releases/world-cup-2026-48-squads-confirmed
Vladimír DARIDA,Czechia,CZE,8,Midfielder,MF,FC Hradec Králové (CZE),08/08/1990,172,needs_stats_enrichment,FALSE,https://fdp.fifa.org/assetspublic/ce281/pdf/SquadLists-English.pdf,https://inside.fifa.com/organisation/media-releases/world-cup-2026-48-squads-confirmed
Amad DIALLO,Côte D'Ivoire,CIV,15,Forward,FW,Manchester United FC (ENG),11/07/2002,173,needs_stats_enrichment,FALSE,https://fdp.fifa.org/assetspublic/ce281/pdf/SquadLists-English.pdf,https://inside.fifa.com/organisation/media-releases/world-cup-2026-48-squads-confirmed
Ange-Yoan Laurent BONNY,Côte D'Ivoire,CIV,9,Forward,FW,FC Internazionale Milano (ITA),25/10/2003,189,needs_stats_enrichment,FALSE,https://fdp.fifa.org/assetspublic/ce281/pdf/SquadLists-English.pdf,https://inside.fifa.com/organisation/media-releases/world-cup-2026-48-squads-confirmed
Bazoumana TOURE,Côte D'Ivoire,CIV,24,Forward,FW,TSG Hoffenheim (GER),02/03/2006,178,needs_stats_enrichment,FALSE,https://fdp.fifa.org/assetspublic/ce281/pdf/SquadLists-English.pdf,https://inside.fifa.com/organisation/media-releases/world-cup-2026-48-squads-confirmed
Evann Ludovic Vidjannagni GUESSAND,Côte D'Ivoire,CIV,22,Forward,FW,Crystal Palace FC (ENG),01/07/2001,188,needs_stats_enrichment,FALSE,https://fdp.fifa.org/assetspublic/ce281/pdf/SquadLists-English.pdf,https://inside.fifa.com/organisation/media-releases/world-cup-2026-48-squads-confirmed
Nicolas PEPE,Côte D'Ivoire,CIV,19,Forward,FW,Villarreal CF (ESP),29/05/1995,183,needs_stats_enrichment,FALSE,https://fdp.fifa.org/assetspublic/ce281/pdf/SquadLists-English.pdf,https://inside.fifa.com/organisation/media-releases/world-cup-2026-48-squads-confirmed
Oumar DIAKITE,Côte D'Ivoire,CIV,14,Forward,FW,Cercle Brugge (BEL),20/12/2003,182,needs_stats_enrichment,FALSE,https://fdp.fifa.org/assetspublic/ce281/pdf/SquadLists-English.pdf,https://inside.fifa.com/organisation/media-releases/world-cup-2026-48-squads-confirmed
Sepe Elye Delmas WAHI,Côte D'Ivoire,CIV,12,Forward,FW,OGC Nice (FRA),02/01/2003,181,needs_stats_enrichment,FALSE,https://fdp.fifa.org/assetspublic/ce281/pdf/SquadLists-English.pdf,https://inside.fifa.com/organisation/media-releases/world-cup-2026-48-squads-confirmed
Simon ADINGRA,Côte D'Ivoire,CIV,10,Forward,FW,AS Monaco (FRA),01/01/2002,175,needs_stats_enrichment,FALSE,https://fdp.fifa.org/assetspublic/ce281/pdf/SquadLists-English.pdf,https://inside.fifa.com/organisation/media-releases/world-cup-2026-48-squads-confirmed
Yan DIOMANDE,Côte D'Ivoire,CIV,11,Forward,FW,RB Leipzig (GER),14/11/2006,180,needs_stats_enrichment,FALSE,https://fdp.fifa.org/assetspublic/ce281/pdf/SquadLists-English.pdf,https://inside.fifa.com/organisation/media-releases/world-cup-2026-48-squads-confirmed
Christ Ravynel Inao OULAI,Côte D'Ivoire,CIV,26,Midfielder,MF,Trabzonspor (TUR),06/04/2006,173,needs_stats_enrichment,FALSE,https://fdp.fifa.org/assetspublic/ce281/pdf/SquadLists-English.pdf,https://inside.fifa.com/organisation/media-releases/world-cup-2026-48-squads-confirmed
Franck Yannick KESSIE,Côte D'Ivoire,CIV,8,Midfielder,MF,Al Ahli FC (KSA),19/12/1996,183,needs_stats_enrichment,FALSE,https://fdp.fifa.org/assetspublic/ce281/pdf/SquadLists-English.pdf,https://inside.fifa.com/organisation/media-releases/world-cup-2026-48-squads-confirmed
Ibrahim SANGARE,Côte D'Ivoire,CIV,18,Midfielder,MF,Nottingham Forest FC (ENG),02/12/1997,191,needs_stats_enrichment,FALSE,https://fdp.fifa.org/assetspublic/ce281/pdf/SquadLists-English.pdf,https://inside.fifa.com/organisation/media-releases/world-cup-2026-48-squads-confirmed
Jean Michael SERI,Côte D'Ivoire,CIV,4,Midfielder,MF,NK Maribor (SVN),19/07/1991,168,needs_stats_enrichment,FALSE,https://fdp.fifa.org/assetspublic/ce281/pdf/SquadLists-English.pdf,https://inside.fifa.com/organisation/media-releases/world-cup-2026-48-squads-confirmed
Parfait GUIAGON,Côte D'Ivoire,CIV,25,Midfielder,MF,Sporting Charleroi (BEL),22/02/2001,165,needs_stats_enrichment,FALSE,https://fdp.fifa.org/assetspublic/ce281/pdf/SquadLists-English.pdf,https://inside.fifa.com/organisation/media-releases/world-cup-2026-48-squads-confirmed
Seko Mohamed FOFANA,Côte D'Ivoire,CIV,6,Midfielder,MF,FC Porto (POR),07/05/1995,185,needs_stats_enrichment,FALSE,https://fdp.fifa.org/assetspublic/ce281/pdf/SquadLists-English.pdf,https://inside.fifa.com/organisation/media-releases/world-cup-2026-48-squads-confirmed
Enner Remberto VALENCIA LASTRA,Ecuador,ECU,13,Forward,FW,CF Pachuca (MEX),04/11/1989,177,needs_stats_enrichment,FALSE,https://fdp.fifa.org/assetspublic/ce281/pdf/SquadLists-English.pdf,https://inside.fifa.com/organisation/media-releases/world-cup-2026-48-squads-confirmed
Gonzalo Jordy PLATA JIMENEZ,Ecuador,ECU,19,Forward,FW,CR Flamengo (BRA),01/11/2000,178,needs_stats_enrichment,FALSE,https://fdp.fifa.org/assetspublic/ce281/pdf/SquadLists-English.pdf,https://inside.fifa.com/organisation/media-releases/world-cup-2026-48-squads-confirmed
Jeremy Alberto AREVALO MERA,Ecuador,ECU,24,Forward,FW,VfB Stuttgart (GER),19/03/2005,182,needs_stats_enrichment,FALSE,https://fdp.fifa.org/assetspublic/ce281/pdf/SquadLists-English.pdf,https://inside.fifa.com/organisation/media-releases/world-cup-2026-48-squads-confirmed
John YEBOAH ZAMORA,Ecuador,ECU,9,Forward,FW,Venezia FC (ITA),23/06/2000,170,needs_stats_enrichment,FALSE,https://fdp.fifa.org/assetspublic/ce281/pdf/SquadLists-English.pdf,https://inside.fifa.com/organisation/media-releases/world-cup-2026-48-squads-confirmed
Jordy Josue CAICEDO MEDINA,Ecuador,ECU,16,Forward,FW,CA Huracán (ARG),18/11/1997,186,needs_stats_enrichment,FALSE,https://fdp.fifa.org/assetspublic/ce281/pdf/SquadLists-English.pdf,https://inside.fifa.com/organisation/media-releases/world-cup-2026-48-squads-confirmed
Kevin Jose RODRÍGUEZ CORTEZ,Ecuador,ECU,11,Forward,FW,Royale Union Saint-Gilloise (BEL),04/03/2000,190,needs_stats_enrichment,FALSE,https://fdp.fifa.org/assetspublic/ce281/pdf/SquadLists-English.pdf,https://inside.fifa.com/organisation/media-releases/world-cup-2026-48-squads-confirmed
Nilson David ANGULO RAMIREZ,Ecuador,ECU,20,Forward,FW,Sunderland AFC (ENG),19/06/2003,184,needs_stats_enrichment,FALSE,https://fdp.fifa.org/assetspublic/ce281/pdf/SquadLists-English.pdf,https://inside.fifa.com/organisation/media-releases/world-cup-2026-48-squads-confirmed
Alan Steve MINDA GARCIA,Ecuador,ECU,14,Midfielder,MF,Atlético Mineiro (BRA),14/05/2003,174,needs_stats_enrichment,FALSE,https://fdp.fifa.org/assetspublic/ce281/pdf/SquadLists-English.pdf,https://inside.fifa.com/organisation/media-releases/world-cup-2026-48-squads-confirmed
Alan Steven FRANCO PALMA,Ecuador,ECU,21,Midfielder,MF,Atlético Mineiro (BRA),21/08/1998,175,needs_stats_enrichment,FALSE,https://fdp.fifa.org/assetspublic/ce281/pdf/SquadLists-English.pdf,https://inside.fifa.com/organisation/media-releases/world-cup-2026-48-squads-confirmed
Anthony Lenin VALENCIA BAJAÑA,Ecuador,ECU,8,Midfielder,MF,Royal Antwerp FC (BEL),21/07/2003,173,needs_stats_enrichment,FALSE,https://fdp.fifa.org/assetspublic/ce281/pdf/SquadLists-English.pdf,https://inside.fifa.com/organisation/media-releases/world-cup-2026-48-squads-confirmed
Denil Daniel CASTILLO PRECIADO,Ecuador,ECU,18,Midfielder,MF,FC Midtjylland (DEN),24/03/2004,189,needs_stats_enrichment,FALSE,https://fdp.fifa.org/assetspublic/ce281/pdf/SquadLists-English.pdf,https://inside.fifa.com/organisation/media-releases/world-cup-2026-48-squads-confirmed
Jordy Jose ALCÍVAR MACÍAS,Ecuador,ECU,5,Midfielder,MF,Independiente Del Valle (ECU),05/08/1999,168,needs_stats_enrichment,FALSE,https://fdp.fifa.org/assetspublic/ce281/pdf/SquadLists-English.pdf,https://inside.fifa.com/organisation/media-releases/world-cup-2026-48-squads-confirmed
Moisés Isaac CAICEDO COROZO,Ecuador,ECU,23,Midfielder,MF,Chelsea FC (ENG),02/11/2001,178,needs_stats_enrichment,FALSE,https://fdp.fifa.org/assetspublic/ce281/pdf/SquadLists-English.pdf,https://inside.fifa.com/organisation/media-releases/world-cup-2026-48-squads-confirmed
Pedro Jeampierre VITE UCA,Ecuador,ECU,15,Midfielder,MF,Pumas UNAM (MEX),09/03/2002,172,needs_stats_enrichment,FALSE,https://fdp.fifa.org/assetspublic/ce281/pdf/SquadLists-English.pdf,https://inside.fifa.com/organisation/media-releases/world-cup-2026-48-squads-confirmed
Ray Kendry PAEZ ANDRADE,Ecuador,ECU,10,Midfielder,MF,CA River Plate (ARG),04/05/2007,178,needs_stats_enrichment,FALSE,https://fdp.fifa.org/assetspublic/ce281/pdf/SquadLists-English.pdf,https://inside.fifa.com/organisation/media-releases/world-cup-2026-48-squads-confirmed
Ahmed Mostafa Mohamed SAYED,Egypt,EGY,25,Forward,FW,Al Ahly FC (EGY),10/01/1996,175,needs_stats_enrichment,FALSE,https://fdp.fifa.org/assetspublic/ce281/pdf/SquadLists-English.pdf,https://inside.fifa.com/organisation/media-releases/world-cup-2026-48-squads-confirmed
Haissem Yousry Fouad A HASSAN,Egypt,EGY,12,Forward,FW,Real Oviedo (ESP),08/02/2002,175,needs_stats_enrichment,FALSE,https://fdp.fifa.org/assetspublic/ce281/pdf/SquadLists-English.pdf,https://inside.fifa.com/organisation/media-releases/world-cup-2026-48-squads-confirmed
Hamza Mohamed Abdelkarim E SELIM,Egypt,EGY,9,Forward,FW,FC Barcelona (ESP),01/01/2008,182,needs_stats_enrichment,FALSE,https://fdp.fifa.org/assetspublic/ce281/pdf/SquadLists-English.pdf,https://inside.fifa.com/organisation/media-releases/world-cup-2026-48-squads-confirmed
Ibrahim Adel Aly Mohamed HASSAN,Egypt,EGY,20,Forward,FW,FC Nordsjælland (DEN),23/04/2001,178,needs_stats_enrichment,FALSE,https://fdp.fifa.org/assetspublic/ce281/pdf/SquadLists-English.pdf,https://inside.fifa.com/organisation/media-releases/world-cup-2026-48-squads-confirmed
Mahmoud Ahmed Ibrahim HASSAN,Egypt,EGY,7,Forward,FW,Al Ahly FC (EGY),01/10/1994,181,needs_stats_enrichment,FALSE,https://fdp.fifa.org/assetspublic/ce281/pdf/SquadLists-English.pdf,https://inside.fifa.com/organisation/media-releases/world-cup-2026-48-squads-confirmed
Omar Khaled Mohamed Abdelsalam MARMOUSH,Egypt,EGY,22,Forward,FW,Manchester City FC (ENG),07/02/1999,180,needs_stats_enrichment,FALSE,https://fdp.fifa.org/assetspublic/ce281/pdf/SquadLists-English.pdf,https://inside.fifa.com/organisation/media-releases/world-cup-2026-48-squads-confirmed
Emam Ashour Metwaly ABDELGHANY,Egypt,EGY,8,Midfielder,MF,Al Ahly FC (EGY),20/02/1998,180,needs_stats_enrichment,FALSE,https://fdp.fifa.org/assetspublic/ce281/pdf/SquadLists-English.pdf,https://inside.fifa.com/organisation/media-releases/world-cup-2026-48-squads-confirmed
Hamdy Fathy Abdelhalim ABDELFATTAH,Egypt,EGY,14,Midfielder,MF,Al Wakrah SC (QAT),29/09/1994,183,needs_stats_enrichment,FALSE,https://fdp.fifa.org/assetspublic/ce281/pdf/SquadLists-English.pdf,https://inside.fifa.com/organisation/media-releases/world-cup-2026-48-squads-confirmed
Mahmoud Saber Abdelmohsen H ABDELMOHSEN,Egypt,EGY,21,Midfielder,MF,ZED FC (EGY),30/07/2001,170,needs_stats_enrichment,FALSE,https://fdp.fifa.org/assetspublic/ce281/pdf/SquadLists-English.pdf,https://inside.fifa.com/organisation/media-releases/world-cup-2026-48-squads-confirmed
Marawan Attia Fahim GHALLAB,Egypt,EGY,19,Midfielder,MF,Al Ahly FC (EGY),01/08/1998,176,needs_stats_enrichment,FALSE,https://fdp.fifa.org/assetspublic/ce281/pdf/SquadLists-English.pdf,https://inside.fifa.com/organisation/media-releases/world-cup-2026-48-squads-confirmed
Mohanad Mostafa Ahmed A LASHIN,Egypt,EGY,17,Midfielder,MF,Pyramids FC (EGY),29/05/1996,186,needs_stats_enrichment,FALSE,https://fdp.fifa.org/assetspublic/ce281/pdf/SquadLists-English.pdf,https://inside.fifa.com/organisation/media-releases/world-cup-2026-48-squads-confirmed
Mostafa Mohamed Zaky ABDELRAOUF,Egypt,EGY,11,Midfielder,MF,Pyramids FC (EGY),27/04/1997,179,needs_stats_enrichment,FALSE,https://fdp.fifa.org/assetspublic/ce281/pdf/SquadLists-English.pdf,https://inside.fifa.com/organisation/media-releases/world-cup-2026-48-squads-confirmed
Nabil Emad Aly Elmahdy ALY,Egypt,EGY,18,Midfielder,MF,Al Najmah SC (KSA),06/04/1996,179,needs_stats_enrichment,FALSE,https://fdp.fifa.org/assetspublic/ce281/pdf/SquadLists-English.pdf,https://inside.fifa.com/organisation/media-releases/world-cup-2026-48-squads-confirmed
Bukayo Ayoyinka SAKA,England,ENG,7,Forward,FW,Arsenal FC (ENG),05/09/2001,178,needs_stats_enrichment,FALSE,https://fdp.fifa.org/assetspublic/ce281/pdf/SquadLists-English.pdf,https://inside.fifa.com/organisation/media-releases/world-cup-2026-48-squads-confirmed
Chukwunonso Azuka Tristan MADUEKE,England,ENG,20,Forward,FW,Arsenal FC (ENG),10/03/2002,182,needs_stats_enrichment,FALSE,https://fdp.fifa.org/assetspublic/ce281/pdf/SquadLists-English.pdf,https://inside.fifa.com/organisation/media-releases/world-cup-2026-48-squads-confirmed
Ivan Benjamin Elijah TONEY,England,ENG,22,Forward,FW,Al Ahli FC (KSA),16/03/1996,185,needs_stats_enrichment,FALSE,https://fdp.fifa.org/assetspublic/ce281/pdf/SquadLists-English.pdf,https://inside.fifa.com/organisation/media-releases/world-cup-2026-48-squads-confirmed
Marcus RASHFORD,England,ENG,11,Forward,FW,FC Barcelona (ESP),31/10/1997,180,needs_stats_enrichment,FALSE,https://fdp.fifa.org/assetspublic/ce281/pdf/SquadLists-English.pdf,https://inside.fifa.com/organisation/media-releases/world-cup-2026-48-squads-confirmed
Oliver George Arthur WATKINS,England,ENG,19,Forward,FW,Aston Villa FC (ENG),30/12/1995,180,needs_stats_enrichment,FALSE,https://fdp.fifa.org/assetspublic/ce281/pdf/SquadLists-English.pdf,https://inside.fifa.com/organisation/media-releases/world-cup-2026-48-squads-confirmed
Declan RICE,England,ENG,4,Midfielder,MF,Arsenal FC (ENG),14/01/1999,185,needs_stats_enrichment,FALSE,https://fdp.fifa.org/assetspublic/ce281/pdf/SquadLists-English.pdf,https://inside.fifa.com/organisation/media-releases/world-cup-2026-48-squads-confirmed
Eberechi Oluchi EZE,England,ENG,21,Midfielder,MF,Arsenal FC (ENG),29/06/1998,178,needs_stats_enrichment,FALSE,https://fdp.fifa.org/assetspublic/ce281/pdf/SquadLists-English.pdf,https://inside.fifa.com/organisation/media-releases/world-cup-2026-48-squads-confirmed
Elliot Junior ANDERSON,England,ENG,8,Midfielder,MF,Nottingham Forest FC (ENG),06/11/2002,179,needs_stats_enrichment,FALSE,https://fdp.fifa.org/assetspublic/ce281/pdf/SquadLists-English.pdf,https://inside.fifa.com/organisation/media-releases/world-cup-2026-48-squads-confirmed
Jordan Brian HENDERSON,England,ENG,14,Midfielder,MF,Brentford FC (ENG),17/06/1990,183,needs_stats_enrichment,FALSE,https://fdp.fifa.org/assetspublic/ce281/pdf/SquadLists-English.pdf,https://inside.fifa.com/organisation/media-releases/world-cup-2026-48-squads-confirmed
Jude Victor William BELLINGHAM,England,ENG,10,Midfielder,MF,Real Madrid C. F. (ESP),29/06/2003,183,needs_stats_enrichment,FALSE,https://fdp.fifa.org/assetspublic/ce281/pdf/SquadLists-English.pdf,https://inside.fifa.com/organisation/media-releases/world-cup-2026-48-squads-confirmed
Kobbie Boateng MAINOO,England,ENG,16,Midfielder,MF,Manchester United FC (ENG),19/04/2005,183,needs_stats_enrichment,FALSE,https://fdp.fifa.org/assetspublic/ce281/pdf/SquadLists-English.pdf,https://inside.fifa.com/organisation/media-releases/world-cup-2026-48-squads-confirmed
Morgan Elliot ROGERS,England,ENG,17,Midfielder,MF,Aston Villa FC (ENG),26/07/2002,187,needs_stats_enrichment,FALSE,https://fdp.fifa.org/assetspublic/ce281/pdf/SquadLists-English.pdf,https://inside.fifa.com/organisation/media-releases/world-cup-2026-48-squads-confirmed
Bradley Jean-Manuel Essolisa A BARCOLA,France,FRA,12,Forward,FW,Paris Saint-Germain (FRA),02/09/2002,187,needs_stats_enrichment,FALSE,https://fdp.fifa.org/assetspublic/ce281/pdf/SquadLists-English.pdf,https://inside.fifa.com/organisation/media-releases/world-cup-2026-48-squads-confirmed
Désiré Nonka-Maho DOUE,France,FRA,20,Forward,FW,Paris Saint-Germain (FRA),03/06/2005,182,needs_stats_enrichment,FALSE,https://fdp.fifa.org/assetspublic/ce281/pdf/SquadLists-English.pdf,https://inside.fifa.com/organisation/media-releases/world-cup-2026-48-squads-confirmed
Jean-Philippe MATETA,France,FRA,22,Forward,FW,Crystal Palace FC (ENG),28/06/1997,192,needs_stats_enrichment,FALSE,https://fdp.fifa.org/assetspublic/ce281/pdf/SquadLists-English.pdf,https://inside.fifa.com/organisation/media-releases/world-cup-2026-48-squads-confirmed
Marcus Lilian THURAM-ULIEN,France,FRA,9,Forward,FW,FC Internazionale Milano (ITA),06/08/1997,192,needs_stats_enrichment,FALSE,https://fdp.fifa.org/assetspublic/ce281/pdf/SquadLists-English.pdf,https://inside.fifa.com/organisation/media-releases/world-cup-2026-48-squads-confirmed
Michael Akpovie OLISE,France,FRA,11,Forward,FW,FC Bayern München (GER),12/12/2001,184,needs_stats_enrichment,FALSE,https://fdp.fifa.org/assetspublic/ce281/pdf/SquadLists-English.pdf,https://inside.fifa.com/organisation/media-releases/world-cup-2026-48-squads-confirmed
Adrien Thibault Marie RABIOT,France,FRA,14,Midfielder,MF,AC Milan (ITA),03/04/1995,191,needs_stats_enrichment,FALSE,https://fdp.fifa.org/assetspublic/ce281/pdf/SquadLists-English.pdf,https://inside.fifa.com/organisation/media-releases/world-cup-2026-48-squads-confirmed
Aurélien Djani TCHOUAMENI,France,FRA,8,Midfielder,MF,Real Madrid C. F. (ESP),27/01/2000,188,needs_stats_enrichment,FALSE,https://fdp.fifa.org/assetspublic/ce281/pdf/SquadLists-English.pdf,https://inside.fifa.com/organisation/media-releases/world-cup-2026-48-squads-confirmed
Kouadio Emmanuel Boris KONE,France,FRA,6,Midfielder,MF,AS Roma (ITA),17/05/2001,185,needs_stats_enrichment,FALSE,https://fdp.fifa.org/assetspublic/ce281/pdf/SquadLists-English.pdf,https://inside.fifa.com/organisation/media-releases/world-cup-2026-48-squads-confirmed
Maghnes AKLIOUCHE,France,FRA,25,Midfielder,MF,AS Monaco (FRA),25/02/2002,183,needs_stats_enrichment,FALSE,https://fdp.fifa.org/assetspublic/ce281/pdf/SquadLists-English.pdf,https://inside.fifa.com/organisation/media-releases/world-cup-2026-48-squads-confirmed
Mathis Rayan CHERKI,France,FRA,24,Midfielder,MF,Manchester City FC (ENG),17/08/2003,180,needs_stats_enrichment,FALSE,https://fdp.fifa.org/assetspublic/ce281/pdf/SquadLists-English.pdf,https://inside.fifa.com/organisation/media-releases/world-cup-2026-48-squads-confirmed
N'golo KANTE,France,FRA,13,Midfielder,MF,Fenerbahçe SK (TUR),29/03/1991,171,needs_stats_enrichment,FALSE,https://fdp.fifa.org/assetspublic/ce281/pdf/SquadLists-English.pdf,https://inside.fifa.com/organisation/media-releases/world-cup-2026-48-squads-confirmed
Warren Marie Jean-Pierre ZAÏRE-EMERY,France,FRA,18,Midfielder,MF,Paris Saint-Germain (FRA),08/03/2006,176,needs_stats_enrichment,FALSE,https://fdp.fifa.org/assetspublic/ce281/pdf/SquadLists-English.pdf,https://inside.fifa.com/organisation/media-releases/world-cup-2026-48-squads-confirmed
Deniz UNDAV,Germany,GER,26,Forward,FW,VfB Stuttgart (GER),19/07/1996,179,needs_stats_enrichment,FALSE,https://fdp.fifa.org/assetspublic/ce281/pdf/SquadLists-English.pdf,https://inside.fifa.com/organisation/media-releases/world-cup-2026-48-squads-confirmed
Maximilian BEIER,Germany,GER,14,Forward,FW,Borussia Dortmund (GER),17/10/2002,185,needs_stats_enrichment,FALSE,https://fdp.fifa.org/assetspublic/ce281/pdf/SquadLists-English.pdf,https://inside.fifa.com/organisation/media-releases/world-cup-2026-48-squads-confirmed
Nick WOLTEMADE,Germany,GER,11,Forward,FW,Newcastle United FC (ENG),14/02/2002,198,needs_stats_enrichment,FALSE,https://fdp.fifa.org/assetspublic/ce281/pdf/SquadLists-English.pdf,https://inside.fifa.com/organisation/media-releases/world-cup-2026-48-squads-confirmed
Aleksandar PAVLOVIĆ,Germany,GER,5,Midfielder,MF,FC Bayern München (GER),03/05/2004,188,needs_stats_enrichment,FALSE,https://fdp.fifa.org/assetspublic/ce281/pdf/SquadLists-English.pdf,https://inside.fifa.com/organisation/media-releases/world-cup-2026-48-squads-confirmed
Angelo Nicolas STILLER,Germany,GER,16,Midfielder,MF,VfB Stuttgart (GER),04/04/2001,183,needs_stats_enrichment,FALSE,https://fdp.fifa.org/assetspublic/ce281/pdf/SquadLists-English.pdf,https://inside.fifa.com/organisation/media-releases/world-cup-2026-48-squads-confirmed
Felix Kalu NMECHA,Germany,GER,23,Midfielder,MF,Borussia Dortmund (GER),10/10/2000,190,needs_stats_enrichment,FALSE,https://fdp.fifa.org/assetspublic/ce281/pdf/SquadLists-English.pdf,https://inside.fifa.com/organisation/media-releases/world-cup-2026-48-squads-confirmed
Florian Richard WIRTZ,Germany,GER,17,Midfielder,MF,Liverpool FC (ENG),03/05/2003,176,needs_stats_enrichment,FALSE,https://fdp.fifa.org/assetspublic/ce281/pdf/SquadLists-English.pdf,https://inside.fifa.com/organisation/media-releases/world-cup-2026-48-squads-confirmed
Forzan Assan OUEDRAOGO,Germany,GER,25,Midfielder,MF,RB Leipzig (GER),09/05/2006,191,needs_stats_enrichment,FALSE,https://fdp.fifa.org/assetspublic/ce281/pdf/SquadLists-English.pdf,https://inside.fifa.com/organisation/media-releases/world-cup-2026-48-squads-confirmed
Jamal MUSIALA,Germany,GER,10,Midfielder,MF,FC Bayern München (GER),26/02/2003,180,needs_stats_enrichment,FALSE,https://fdp.fifa.org/assetspublic/ce281/pdf/SquadLists-English.pdf,https://inside.fifa.com/organisation/media-releases/world-cup-2026-48-squads-confirmed
Jamie Jaleel Jeremy LEWELING,Germany,GER,9,Midfielder,MF,VfB Stuttgart (GER),26/02/2001,185,needs_stats_enrichment,FALSE,https://fdp.fifa.org/assetspublic/ce281/pdf/SquadLists-English.pdf,https://inside.fifa.com/organisation/media-releases/world-cup-2026-48-squads-confirmed
Leon Christoph GORETZKA,Germany,GER,8,Midfielder,MF,FC Bayern München (GER),06/02/1995,189,needs_stats_enrichment,FALSE,https://fdp.fifa.org/assetspublic/ce281/pdf/SquadLists-English.pdf,https://inside.fifa.com/organisation/media-releases/world-cup-2026-48-squads-confirmed
Leroy Aziz SANÉ,Germany,GER,19,Midfielder,MF,Galatasaray SK (TUR),11/01/1996,183,needs_stats_enrichment,FALSE,https://fdp.fifa.org/assetspublic/ce281/pdf/SquadLists-English.pdf,https://inside.fifa.com/organisation/media-releases/world-cup-2026-48-squads-confirmed
Nadiem AMIRI,Germany,GER,20,Midfielder,MF,1. FSV Mainz 05 (GER),27/10/1996,178,needs_stats_enrichment,FALSE,https://fdp.fifa.org/assetspublic/ce281/pdf/SquadLists-English.pdf,https://inside.fifa.com/organisation/media-releases/world-cup-2026-48-squads-confirmed
Pascal Alexander GROß,Germany,GER,13,Midfielder,MF,Brighton & Hove Albion FC (ENG),15/06/1991,181,needs_stats_enrichment,FALSE,https://fdp.fifa.org/assetspublic/ce281/pdf/SquadLists-English.pdf,https://inside.fifa.com/organisation/media-releases/world-cup-2026-48-squads-confirmed
Abdul Fatawu ISSAHAKU,Ghana,GHA,7,Forward,FW,Leicester City FC (ENG),08/03/2004,177,needs_stats_enrichment,FALSE,https://fdp.fifa.org/assetspublic/ce281/pdf/SquadLists-English.pdf,https://inside.fifa.com/organisation/media-releases/world-cup-2026-48-squads-confirmed
Christopher Bonsu BAAH,Ghana,GHA,13,Forward,FW,Al Qadsiah FC (KSA),14/12/2004,172,needs_stats_enrichment,FALSE,https://fdp.fifa.org/assetspublic/ce281/pdf/SquadLists-English.pdf,https://inside.fifa.com/organisation/media-releases/world-cup-2026-48-squads-confirmed
Ernest Nuamah APPIAH,Ghana,GHA,24,Forward,FW,Olympique Lyonnais (FRA),01/11/2003,178,needs_stats_enrichment,FALSE,https://fdp.fifa.org/assetspublic/ce281/pdf/SquadLists-English.pdf,https://inside.fifa.com/organisation/media-releases/world-cup-2026-48-squads-confirmed
Inaki WILLIAMS ARTHUER,Ghana,GHA,19,Forward,FW,Athletic Club (ESP),15/06/1994,186,needs_stats_enrichment,FALSE,https://fdp.fifa.org/assetspublic/ce281/pdf/SquadLists-English.pdf,https://inside.fifa.com/organisation/media-releases/world-cup-2026-48-squads-confirmed
Jordan Pierre AYEW,Ghana,GHA,9,Forward,FW,Leicester City FC (ENG),11/09/1991,182,needs_stats_enrichment,FALSE,https://fdp.fifa.org/assetspublic/ce281/pdf/SquadLists-English.pdf,https://inside.fifa.com/organisation/media-releases/world-cup-2026-48-squads-confirmed
Kamal Deen SULEMANA,Ghana,GHA,22,Forward,FW,Atalanta Bergamo (ITA),15/02/2002,174,needs_stats_enrichment,FALSE,https://fdp.fifa.org/assetspublic/ce281/pdf/SquadLists-English.pdf,https://inside.fifa.com/organisation/media-releases/world-cup-2026-48-squads-confirmed
Prince Kwabena ADU,Ghana,GHA,25,Forward,FW,FC Viktoria Plzeň (CZE),23/09/2003,179,needs_stats_enrichment,FALSE,https://fdp.fifa.org/assetspublic/ce281/pdf/SquadLists-English.pdf,https://inside.fifa.com/organisation/media-releases/world-cup-2026-48-squads-confirmed
Solomon Brandon Michael Clarke THOMAS-ASANTE,Ghana,GHA,10,Forward,FW,Coventry City FC (ENG),29/12/1998,182,needs_stats_enrichment,FALSE,https://fdp.fifa.org/assetspublic/ce281/pdf/SquadLists-English.pdf,https://inside.fifa.com/organisation/media-releases/world-cup-2026-48-squads-confirmed
Antoine Serlom SEMENYO,Ghana,GHA,11,Midfielder,MF,Manchester City FC (ENG),07/01/2000,185,needs_stats_enrichment,FALSE,https://fdp.fifa.org/assetspublic/ce281/pdf/SquadLists-English.pdf,https://inside.fifa.com/organisation/media-releases/world-cup-2026-48-squads-confirmed
Augustine BOAKYE,Ghana,GHA,20,Midfielder,MF,AS Saint-Etienne (FRA),03/11/2000,178,needs_stats_enrichment,FALSE,https://fdp.fifa.org/assetspublic/ce281/pdf/SquadLists-English.pdf,https://inside.fifa.com/organisation/media-releases/world-cup-2026-48-squads-confirmed
Caleb Marfo YIRENKYI,Ghana,GHA,3,Midfielder,MF,FC Nordsjælland (DEN),15/01/2006,182,needs_stats_enrichment,FALSE,https://fdp.fifa.org/assetspublic/ce281/pdf/SquadLists-English.pdf,https://inside.fifa.com/organisation/media-releases/world-cup-2026-48-squads-confirmed
Elisha OWUSU,Ghana,GHA,15,Midfielder,MF,AJ Auxerre (FRA),07/11/1997,182,needs_stats_enrichment,FALSE,https://fdp.fifa.org/assetspublic/ce281/pdf/SquadLists-English.pdf,https://inside.fifa.com/organisation/media-releases/world-cup-2026-48-squads-confirmed
Kwasi SIBO,Ghana,GHA,8,Midfielder,MF,Real Oviedo (ESP),24/06/1998,183,needs_stats_enrichment,FALSE,https://fdp.fifa.org/assetspublic/ce281/pdf/SquadLists-English.pdf,https://inside.fifa.com/organisation/media-releases/world-cup-2026-48-squads-confirmed
Thomas Teye PARTEY,Ghana,GHA,5,Midfielder,MF,Villarreal CF (ESP),13/06/1993,185,needs_stats_enrichment,FALSE,https://fdp.fifa.org/assetspublic/ce281/pdf/SquadLists-English.pdf,https://inside.fifa.com/organisation/media-releases/world-cup-2026-48-squads-confirmed
Derrick Burckley ETIENNE JR,Haiti,HAI,7,Forward,FW,Toronto FC (CAN),25/11/1996,178,needs_stats_enrichment,FALSE,https://fdp.fifa.org/assetspublic/ce281/pdf/SquadLists-English.pdf,https://inside.fifa.com/organisation/media-releases/world-cup-2026-48-squads-confirmed
Don Louicius DEEDSON,Haiti,HAI,11,Forward,FW,FC Dallas (USA),11/02/2001,178,needs_stats_enrichment,FALSE,https://fdp.fifa.org/assetspublic/ce281/pdf/SquadLists-English.pdf,https://inside.fifa.com/organisation/media-releases/world-cup-2026-48-squads-confirmed
Duckens NAZON,Haiti,HAI,9,Forward,FW,Esteghlal Tehran FC (IRN),07/04/1994,181,needs_stats_enrichment,FALSE,https://fdp.fifa.org/assetspublic/ce281/pdf/SquadLists-English.pdf,https://inside.fifa.com/organisation/media-releases/world-cup-2026-48-squads-confirmed
Frantzdy PIERROT,Haiti,HAI,20,Forward,FW,Çaykur Rizespor (TUR),29/03/1995,194,needs_stats_enrichment,FALSE,https://fdp.fifa.org/assetspublic/ce281/pdf/SquadLists-English.pdf,https://inside.fifa.com/organisation/media-releases/world-cup-2026-48-squads-confirmed
Josue Jeremie CASIMIR,Haiti,HAI,21,Forward,FW,AJ Auxerre (FRA),24/09/2001,178,needs_stats_enrichment,FALSE,https://fdp.fifa.org/assetspublic/ce281/pdf/SquadLists-English.pdf,https://inside.fifa.com/organisation/media-releases/world-cup-2026-48-squads-confirmed
Lenny Alvin Pico JOSEPH,Haiti,HAI,16,Forward,FW,Ferencvárosi TC (HUN),12/10/2000,182,needs_stats_enrichment,FALSE,https://fdp.fifa.org/assetspublic/ce281/pdf/SquadLists-English.pdf,https://inside.fifa.com/organisation/media-releases/world-cup-2026-48-squads-confirmed
Ruben Fritzner PROVIDENCE,Haiti,HAI,15,Forward,FW,Almere City FC (NED),07/07/2001,178,needs_stats_enrichment,FALSE,https://fdp.fifa.org/assetspublic/ce281/pdf/SquadLists-English.pdf,https://inside.fifa.com/organisation/media-releases/world-cup-2026-48-squads-confirmed
Wilson ISIDOR,Haiti,HAI,18,Forward,FW,Sunderland AFC (ENG),27/08/2000,184,needs_stats_enrichment,FALSE,https://fdp.fifa.org/assetspublic/ce281/pdf/SquadLists-English.pdf,https://inside.fifa.com/organisation/media-releases/world-cup-2026-48-squads-confirmed
Yassin Enzo FORTUNE,Haiti,HAI,19,Forward,FW,FC Vizela (POR),30/01/1999,186,needs_stats_enrichment,FALSE,https://fdp.fifa.org/assetspublic/ce281/pdf/SquadLists-English.pdf,https://inside.fifa.com/organisation/media-releases/world-cup-2026-48-squads-confirmed
Carl Fred SAINTE,Haiti,HAI,6,Midfielder,MF,El Paso Locomotive FC (USA),09/08/2002,182,needs_stats_enrichment,FALSE,https://fdp.fifa.org/assetspublic/ce281/pdf/SquadLists-English.pdf,https://inside.fifa.com/organisation/media-releases/world-cup-2026-48-squads-confirmed
Danley JEAN JACQUES,Haiti,HAI,17,Midfielder,MF,Philadelphia Union (USA),20/05/2000,182,needs_stats_enrichment,FALSE,https://fdp.fifa.org/assetspublic/ce281/pdf/SquadLists-English.pdf,https://inside.fifa.com/organisation/media-releases/world-cup-2026-48-squads-confirmed
Dominique Celidor SIMON,Haiti,HAI,25,Midfielder,MF,FC Tatran Prešov (SVK),29/07/2000,178,needs_stats_enrichment,FALSE,https://fdp.fifa.org/assetspublic/ce281/pdf/SquadLists-English.pdf,https://inside.fifa.com/organisation/media-releases/world-cup-2026-48-squads-confirmed
Jean Ricner BELLEGARDE,Haiti,HAI,10,Midfielder,MF,Wolverhampton Wanderers FC (ENG),27/06/1998,170,needs_stats_enrichment,FALSE,https://fdp.fifa.org/assetspublic/ce281/pdf/SquadLists-English.pdf,https://inside.fifa.com/organisation/media-releases/world-cup-2026-48-squads-confirmed
Leverton PIERRE,Haiti,HAI,14,Midfielder,MF,FC Vizela (POR),09/03/1998,181,needs_stats_enrichment,FALSE,https://fdp.fifa.org/assetspublic/ce281/pdf/SquadLists-English.pdf,https://inside.fifa.com/organisation/media-releases/world-cup-2026-48-squads-confirmed
Olivier Woodensky PIERRE,Haiti,HAI,26,Midfielder,MF,Violette AC (HAI),30/12/2004,177,needs_stats_enrichment,FALSE,https://fdp.fifa.org/assetspublic/ce281/pdf/SquadLists-English.pdf,https://inside.fifa.com/organisation/media-releases/world-cup-2026-48-squads-confirmed
Ali ALIPOURGHARA,IR Iran,IRN,11,Forward,FW,Persepolis FC (IRN),11/11/1995,181,needs_stats_enrichment,FALSE,https://fdp.fifa.org/assetspublic/ce281/pdf/SquadLists-English.pdf,https://inside.fifa.com/organisation/media-releases/world-cup-2026-48-squads-confirmed
Amirhossein HOSSEINZADEHTAZEHGHESHLAGH,IR Iran,IRN,18,Forward,FW,Tractor Sazi Tabriz FC (IRN),30/10/2000,178,needs_stats_enrichment,FALSE,https://fdp.fifa.org/assetspublic/ce281/pdf/SquadLists-English.pdf,https://inside.fifa.com/organisation/media-releases/world-cup-2026-48-squads-confirmed
Dennis DARGAHI,IR Iran,IRN,24,Forward,FW,Standard Liège (BEL),09/01/1997,182,needs_stats_enrichment,FALSE,https://fdp.fifa.org/assetspublic/ce281/pdf/SquadLists-English.pdf,https://inside.fifa.com/organisation/media-releases/world-cup-2026-48-squads-confirmed
Mehdi GHAYEDI,IR Iran,IRN,10,Forward,FW,Al Nasr SC (UAE),05/12/1998,166,needs_stats_enrichment,FALSE,https://fdp.fifa.org/assetspublic/ce281/pdf/SquadLists-English.pdf,https://inside.fifa.com/organisation/media-releases/world-cup-2026-48-squads-confirmed
Mehdi TAREMI,IR Iran,IRN,9,Forward,FW,Olympiacos FC (GRE),18/07/1992,187,needs_stats_enrichment,FALSE,https://fdp.fifa.org/assetspublic/ce281/pdf/SquadLists-English.pdf,https://inside.fifa.com/organisation/media-releases/world-cup-2026-48-squads-confirmed
Shahriyar MOGHANLOO,IR Iran,IRN,20,Forward,FW,Al Ittihad Kalba SCC (UAE),21/12/1994,189,needs_stats_enrichment,FALSE,https://fdp.fifa.org/assetspublic/ce281/pdf/SquadLists-English.pdf,https://inside.fifa.com/organisation/media-releases/world-cup-2026-48-squads-confirmed
Alireza JAHANBAKHSH JIRANDEH,IR Iran,IRN,7,Midfielder,MF,FCV Dender EH (BEL),11/08/1993,180,needs_stats_enrichment,FALSE,https://fdp.fifa.org/assetspublic/ce281/pdf/SquadLists-English.pdf,https://inside.fifa.com/organisation/media-releases/world-cup-2026-48-squads-confirmed
Amirmohammad RAZAGHINIA,IR Iran,IRN,26,Midfielder,MF,Esteghlal Tehran FC (IRN),11/04/2006,187,needs_stats_enrichment,FALSE,https://fdp.fifa.org/assetspublic/ce281/pdf/SquadLists-English.pdf,https://inside.fifa.com/organisation/media-releases/world-cup-2026-48-squads-confirmed
Mahdi TORABI,IR Iran,IRN,16,Midfielder,MF,Tractor Sazi Tabriz FC (IRN),10/09/1994,185,needs_stats_enrichment,FALSE,https://fdp.fifa.org/assetspublic/ce281/pdf/SquadLists-English.pdf,https://inside.fifa.com/organisation/media-releases/world-cup-2026-48-squads-confirmed
Mohammad GHORBANI,IR Iran,IRN,21,Midfielder,MF,Al Wahda SC (UAE),07/10/2001,190,needs_stats_enrichment,FALSE,https://fdp.fifa.org/assetspublic/ce281/pdf/SquadLists-English.pdf,https://inside.fifa.com/organisation/media-releases/world-cup-2026-48-squads-confirmed
Mohammad MOHEBBI,IR Iran,IRN,8,Midfielder,MF,FC Rostov (RUS),20/12/1998,187,needs_stats_enrichment,FALSE,https://fdp.fifa.org/assetspublic/ce281/pdf/SquadLists-English.pdf,https://inside.fifa.com/organisation/media-releases/world-cup-2026-48-squads-confirmed
Roozbeh CHESHMI,IR Iran,IRN,15,Midfielder,MF,Esteghlal Tehran FC (IRN),24/07/1993,192,needs_stats_enrichment,FALSE,https://fdp.fifa.org/assetspublic/ce281/pdf/SquadLists-English.pdf,https://inside.fifa.com/organisation/media-releases/world-cup-2026-48-squads-confirmed
Saeid EZATOLAHI AFAGH,IR Iran,IRN,6,Midfielder,MF,Shabab Al Ahli Club (UAE),01/10/1996,189,needs_stats_enrichment,FALSE,https://fdp.fifa.org/assetspublic/ce281/pdf/SquadLists-English.pdf,https://inside.fifa.com/organisation/media-releases/world-cup-2026-48-squads-confirmed
Seyed Saman GHODDOOS,IR Iran,IRN,14,Midfielder,MF,Al Ittihad Kalba SCC (UAE),06/09/1993,176,needs_stats_enrichment,FALSE,https://fdp.fifa.org/assetspublic/ce281/pdf/SquadLists-English.pdf,https://inside.fifa.com/organisation/media-releases/world-cup-2026-48-squads-confirmed
Ahmed Ihab Ahmed AHMED,Iraq,IRQ,11,Forward,FW,Nashville SC (USA),12/07/2003,183,needs_stats_enrichment,FALSE,https://fdp.fifa.org/assetspublic/ce281/pdf/SquadLists-English.pdf,https://inside.fifa.com/organisation/media-releases/world-cup-2026-48-squads-confirmed
Ali Ibrahim Karim ALZUBAIDI,Iraq,IRQ,9,Forward,FW,Luton Town FC (ENG),01/03/2002,187,needs_stats_enrichment,FALSE,https://fdp.fifa.org/assetspublic/ce281/pdf/SquadLists-English.pdf,https://inside.fifa.com/organisation/media-releases/world-cup-2026-48-squads-confirmed
Ali Jasim Elaibi AL-TAMEEMI,Iraq,IRQ,17,Forward,FW,Al Najmah SC (KSA),20/01/2004,178,needs_stats_enrichment,FALSE,https://fdp.fifa.org/assetspublic/ce281/pdf/SquadLists-English.pdf,https://inside.fifa.com/organisation/media-releases/world-cup-2026-48-squads-confirmed
Ali Yousif Hashim NAJATEE,Iraq,IRQ,13,Forward,FW,Al Talaba SC (IRQ),19/01/1996,180,needs_stats_enrichment,FALSE,https://fdp.fifa.org/assetspublic/ce281/pdf/SquadLists-English.pdf,https://inside.fifa.com/organisation/media-releases/world-cup-2026-48-squads-confirmed
Aymen Hussein Ghadhban GHADHBAN,Iraq,IRQ,18,Forward,FW,Al Karma SC (IRQ),22/03/1996,190,needs_stats_enrichment,FALSE,https://fdp.fifa.org/assetspublic/ce281/pdf/SquadLists-English.pdf,https://inside.fifa.com/organisation/media-releases/world-cup-2026-48-squads-confirmed
Marko Jabbar Hussein HUSSEIN,Iraq,IRQ,21,Forward,FW,Venezia FC (ITA),16/03/2004,185,needs_stats_enrichment,FALSE,https://fdp.fifa.org/assetspublic/ce281/pdf/SquadLists-English.pdf,https://inside.fifa.com/organisation/media-releases/world-cup-2026-48-squads-confirmed
Mohanad Ali Kadhim AL-SHAMMARI,Iraq,IRQ,10,Forward,FW,Dibba FC (UAE),20/06/2000,183,needs_stats_enrichment,FALSE,https://fdp.fifa.org/assetspublic/ce281/pdf/SquadLists-English.pdf,https://inside.fifa.com/organisation/media-releases/world-cup-2026-48-squads-confirmed
Aimar Hazar Anwar SHER,Iraq,IRQ,20,Midfielder,MF,Sarpsborg 08 FF (NOR),20/12/2002,180,needs_stats_enrichment,FALSE,https://fdp.fifa.org/assetspublic/ce281/pdf/SquadLists-English.pdf,https://inside.fifa.com/organisation/media-releases/world-cup-2026-48-squads-confirmed
Amir Fouad Aboud AL-AMMARI,Iraq,IRQ,16,Midfielder,MF,KS Cracovia (POL),27/07/1997,180,needs_stats_enrichment,FALSE,https://fdp.fifa.org/assetspublic/ce281/pdf/SquadLists-English.pdf,https://inside.fifa.com/organisation/media-releases/world-cup-2026-48-squads-confirmed
Ibrahim Bayesh Kamil AL-KAABAWI,Iraq,IRQ,8,Midfielder,MF,Al Dhafra SCC (UAE),01/05/2000,180,needs_stats_enrichment,FALSE,https://fdp.fifa.org/assetspublic/ce281/pdf/SquadLists-English.pdf,https://inside.fifa.com/organisation/media-releases/world-cup-2026-48-squads-confirmed
Kevin Enkido Yakob William WILLIAM,Iraq,IRQ,19,Midfielder,MF,Aarhus GF (DEN),10/10/2000,180,needs_stats_enrichment,FALSE,https://fdp.fifa.org/assetspublic/ce281/pdf/SquadLists-English.pdf,https://inside.fifa.com/organisation/media-releases/world-cup-2026-48-squads-confirmed
Youssef Wali Faeq AMYN,Iraq,IRQ,7,Midfielder,MF,AEK Larnaca FC (CYP),21/08/2003,172,needs_stats_enrichment,FALSE,https://fdp.fifa.org/assetspublic/ce281/pdf/SquadLists-English.pdf,https://inside.fifa.com/organisation/media-releases/world-cup-2026-48-squads-confirmed
Zaid Ismael Khaleel AL-DULAIMI,Iraq,IRQ,24,Midfielder,MF,Al Talaba SC (IRQ),03/01/2002,185,needs_stats_enrichment,FALSE,https://fdp.fifa.org/assetspublic/ce281/pdf/SquadLists-English.pdf,https://inside.fifa.com/organisation/media-releases/world-cup-2026-48-squads-confirmed
Zidane Aamar Iqbal IQBAL,Iraq,IRQ,14,Midfielder,MF,FC Utrecht (NED),27/04/2003,183,needs_stats_enrichment,FALSE,https://fdp.fifa.org/assetspublic/ce281/pdf/SquadLists-English.pdf,https://inside.fifa.com/organisation/media-releases/world-cup-2026-48-squads-confirmed
Ayase UEDA,Japan,JPN,18,Forward,FW,Feyenoord Rotterdam (NED),28/08/1998,182,needs_stats_enrichment,FALSE,https://fdp.fifa.org/assetspublic/ce281/pdf/SquadLists-English.pdf,https://inside.fifa.com/organisation/media-releases/world-cup-2026-48-squads-confirmed
Keisuke GOTO,Japan,JPN,9,Forward,FW,Sint-Truiden VV (BEL),03/06/2005,191,needs_stats_enrichment,FALSE,https://fdp.fifa.org/assetspublic/ce281/pdf/SquadLists-English.pdf,https://inside.fifa.com/organisation/media-releases/world-cup-2026-48-squads-confirmed
Kento SHIOGAI,Japan,JPN,26,Forward,FW,VfL Wolfsburg (GER),26/03/2005,180,needs_stats_enrichment,FALSE,https://fdp.fifa.org/assetspublic/ce281/pdf/SquadLists-English.pdf,https://inside.fifa.com/organisation/media-releases/world-cup-2026-48-squads-confirmed
Koki OGAWA,Japan,JPN,19,Forward,FW,NEC Nijmegen (NED),08/08/1997,186,needs_stats_enrichment,FALSE,https://fdp.fifa.org/assetspublic/ce281/pdf/SquadLists-English.pdf,https://inside.fifa.com/organisation/media-releases/world-cup-2026-48-squads-confirmed
Ao TANAKA,Japan,JPN,7,Midfielder,MF,Leeds United FC (ENG),10/09/1998,180,needs_stats_enrichment,FALSE,https://fdp.fifa.org/assetspublic/ce281/pdf/SquadLists-English.pdf,https://inside.fifa.com/organisation/media-releases/world-cup-2026-48-squads-confirmed
Daichi KAMADA,Japan,JPN,15,Midfielder,MF,Crystal Palace FC (ENG),05/08/1996,180,needs_stats_enrichment,FALSE,https://fdp.fifa.org/assetspublic/ce281/pdf/SquadLists-English.pdf,https://inside.fifa.com/organisation/media-releases/world-cup-2026-48-squads-confirmed
Daizen MAEDA,Japan,JPN,11,Midfielder,MF,Celtic FC (SCO),20/10/1997,173,needs_stats_enrichment,FALSE,https://fdp.fifa.org/assetspublic/ce281/pdf/SquadLists-English.pdf,https://inside.fifa.com/organisation/media-releases/world-cup-2026-48-squads-confirmed
Junya ITO,Japan,JPN,14,Midfielder,MF,KRC Genk (BEL),09/03/1993,177,needs_stats_enrichment,FALSE,https://fdp.fifa.org/assetspublic/ce281/pdf/SquadLists-English.pdf,https://inside.fifa.com/organisation/media-releases/world-cup-2026-48-squads-confirmed
Kaishu SANO,Japan,JPN,24,Midfielder,MF,1. FSV Mainz 05 (GER),30/12/2000,176,needs_stats_enrichment,FALSE,https://fdp.fifa.org/assetspublic/ce281/pdf/SquadLists-English.pdf,https://inside.fifa.com/organisation/media-releases/world-cup-2026-48-squads-confirmed
Keito NAKAMURA,Japan,JPN,13,Midfielder,MF,Stade Reims (FRA),28/07/2000,180,needs_stats_enrichment,FALSE,https://fdp.fifa.org/assetspublic/ce281/pdf/SquadLists-English.pdf,https://inside.fifa.com/organisation/media-releases/world-cup-2026-48-squads-confirmed
Ritsu DOAN,Japan,JPN,10,Midfielder,MF,Eintracht Frankfurt (GER),16/06/1998,172,needs_stats_enrichment,FALSE,https://fdp.fifa.org/assetspublic/ce281/pdf/SquadLists-English.pdf,https://inside.fifa.com/organisation/media-releases/world-cup-2026-48-squads-confirmed
Takefusa KUBO,Japan,JPN,8,Midfielder,MF,Real Sociedad (ESP),04/06/2001,173,needs_stats_enrichment,FALSE,https://fdp.fifa.org/assetspublic/ce281/pdf/SquadLists-English.pdf,https://inside.fifa.com/organisation/media-releases/world-cup-2026-48-squads-confirmed
Wataru ENDO,Japan,JPN,6,Midfielder,MF,Liverpool FC (ENG),09/02/1993,178,needs_stats_enrichment,FALSE,https://fdp.fifa.org/assetspublic/ce281/pdf/SquadLists-English.pdf,https://inside.fifa.com/organisation/media-releases/world-cup-2026-48-squads-confirmed
Yuito SUZUKI,Japan,JPN,17,Midfielder,MF,SC Freiburg (GER),25/10/2001,175,needs_stats_enrichment,FALSE,https://fdp.fifa.org/assetspublic/ce281/pdf/SquadLists-English.pdf,https://inside.fifa.com/organisation/media-releases/world-cup-2026-48-squads-confirmed
Ali Ahmad Ali AZAIZEH,Jordan,JOR,24,Forward,FW,Al Shabab FC (KSA),13/04/2004,178,needs_stats_enrichment,FALSE,https://fdp.fifa.org/assetspublic/ce281/pdf/SquadLists-English.pdf,https://inside.fifa.com/organisation/media-releases/world-cup-2026-48-squads-confirmed
Ali Iyad Ali OLWAN,Jordan,JOR,9,Forward,FW,Al Sailiya SC (QAT),26/03/2000,182,needs_stats_enrichment,FALSE,https://fdp.fifa.org/assetspublic/ce281/pdf/SquadLists-English.pdf,https://inside.fifa.com/organisation/media-releases/world-cup-2026-48-squads-confirmed
Mahmoud Nayef Ahmad ALMARDI,Jordan,JOR,13,Forward,FW,Al Hussein SC (JOR),06/10/1993,173,needs_stats_enrichment,FALSE,https://fdp.fifa.org/assetspublic/ce281/pdf/SquadLists-English.pdf,https://inside.fifa.com/organisation/media-releases/world-cup-2026-48-squads-confirmed
Mohammad Faisal Yousef ABU ZRAIQ,Jordan,JOR,7,Forward,FW,Raja Casablanca (MAR),30/12/1997,170,needs_stats_enrichment,FALSE,https://fdp.fifa.org/assetspublic/ce281/pdf/SquadLists-English.pdf,https://inside.fifa.com/organisation/media-releases/world-cup-2026-48-squads-confirmed
Mousa Mohammad Mousa SULEIMAN,Jordan,JOR,10,Forward,FW,Stade Rennais FC (FRA),10/06/1997,176,needs_stats_enrichment,FALSE,https://fdp.fifa.org/assetspublic/ce281/pdf/SquadLists-English.pdf,https://inside.fifa.com/organisation/media-releases/world-cup-2026-48-squads-confirmed
Odeh Burhan Shehadeh FAKHOURY,Jordan,JOR,11,Forward,FW,Pyramids FC (EGY),22/11/2005,180,needs_stats_enrichment,FALSE,https://fdp.fifa.org/assetspublic/ce281/pdf/SquadLists-English.pdf,https://inside.fifa.com/organisation/media-releases/world-cup-2026-48-squads-confirmed
Amer Rasem Adel JAMOUS,Jordan,JOR,6,Midfielder,MF,Al Zawra'a SC (IRQ),03/07/2002,177,needs_stats_enrichment,FALSE,https://fdp.fifa.org/assetspublic/ce281/pdf/SquadLists-English.pdf,https://inside.fifa.com/organisation/media-releases/world-cup-2026-48-squads-confirmed
Ibrahim Mohammad Sami SA'DEH,Jordan,JOR,15,Midfielder,MF,Al Karma SC (IRQ),27/04/2000,175,needs_stats_enrichment,FALSE,https://fdp.fifa.org/assetspublic/ce281/pdf/SquadLists-English.pdf,https://inside.fifa.com/organisation/media-releases/world-cup-2026-48-squads-confirmed
Mohammad Ahmed Mohammad TAHA,Jordan,JOR,18,Midfielder,MF,Al Hussein SC (JOR),13/07/2005,182,needs_stats_enrichment,FALSE,https://fdp.fifa.org/assetspublic/ce281/pdf/SquadLists-English.pdf,https://inside.fifa.com/organisation/media-releases/world-cup-2026-48-squads-confirmed
Mohammad Ratib Mohammad ALDAOUD,Jordan,JOR,25,Midfielder,MF,Al Wahdat SC (JOR),12/04/1992,185,needs_stats_enrichment,FALSE,https://fdp.fifa.org/assetspublic/ce281/pdf/SquadLists-English.pdf,https://inside.fifa.com/organisation/media-releases/world-cup-2026-48-squads-confirmed
Mohannad Mahmoud Saleh ABU TAHA,Jordan,JOR,20,Midfielder,MF,Al-Quwa Al-Jawiya (IRQ),02/02/2003,173,needs_stats_enrichment,FALSE,https://fdp.fifa.org/assetspublic/ce281/pdf/SquadLists-English.pdf,https://inside.fifa.com/organisation/media-releases/world-cup-2026-48-squads-confirmed
Nizar Mahmoud Ahmed AL-RASHDAN,Jordan,JOR,21,Midfielder,MF,Qatar SC (QAT),23/03/1999,183,needs_stats_enrichment,FALSE,https://fdp.fifa.org/assetspublic/ce281/pdf/SquadLists-English.pdf,https://inside.fifa.com/organisation/media-releases/world-cup-2026-48-squads-confirmed
Noor Al-Deen Mahmoud Ali AL RAWABDEH,Jordan,JOR,8,Midfielder,MF,Selangor FC (MAS),24/02/1997,182,needs_stats_enrichment,FALSE,https://fdp.fifa.org/assetspublic/ce281/pdf/SquadLists-English.pdf,https://inside.fifa.com/organisation/media-releases/world-cup-2026-48-squads-confirmed
Raja'ei Ayed Fadel HASAN,Jordan,JOR,14,Midfielder,MF,Al Hussein SC (JOR),25/07/1993,175,needs_stats_enrichment,FALSE,https://fdp.fifa.org/assetspublic/ce281/pdf/SquadLists-English.pdf,https://inside.fifa.com/organisation/media-releases/world-cup-2026-48-squads-confirmed
Guesung CHO,Korea Republic,KOR,9,Forward,FW,FC Midtjylland (DEN),25/01/1998,188,needs_stats_enrichment,FALSE,https://fdp.fifa.org/assetspublic/ce281/pdf/SquadLists-English.pdf,https://inside.fifa.com/organisation/media-releases/world-cup-2026-48-squads-confirmed
Heung Min SON,Korea Republic,KOR,7,Forward,FW,LAFC (USA),08/07/1992,183,needs_stats_enrichment,FALSE,https://fdp.fifa.org/assetspublic/ce281/pdf/SquadLists-English.pdf,https://inside.fifa.com/organisation/media-releases/world-cup-2026-48-squads-confirmed
Hyeongyu OH,Korea Republic,KOR,18,Forward,FW,Beşiktaş JK (TUR),12/04/2001,183,needs_stats_enrichment,FALSE,https://fdp.fifa.org/assetspublic/ce281/pdf/SquadLists-English.pdf,https://inside.fifa.com/organisation/media-releases/world-cup-2026-48-squads-confirmed
Donggyeong LEE,Korea Republic,KOR,26,Midfielder,MF,Ulsan HD (KOR),20/09/1997,175,needs_stats_enrichment,FALSE,https://fdp.fifa.org/assetspublic/ce281/pdf/SquadLists-English.pdf,https://inside.fifa.com/organisation/media-releases/world-cup-2026-48-squads-confirmed
Gihyuk LEE,Korea Republic,KOR,3,Midfielder,MF,Gangwon FC (KOR),07/07/2000,184,needs_stats_enrichment,FALSE,https://fdp.fifa.org/assetspublic/ce281/pdf/SquadLists-English.pdf,https://inside.fifa.com/organisation/media-releases/world-cup-2026-48-squads-confirmed
Hee Chan HWANG,Korea Republic,KOR,11,Midfielder,MF,Wolverhampton Wanderers FC (ENG),26/01/1996,177,needs_stats_enrichment,FALSE,https://fdp.fifa.org/assetspublic/ce281/pdf/SquadLists-English.pdf,https://inside.fifa.com/organisation/media-releases/world-cup-2026-48-squads-confirmed
Hyunjun YANG,Korea Republic,KOR,20,Midfielder,MF,Celtic FC (SCO),25/05/2002,179,needs_stats_enrichment,FALSE,https://fdp.fifa.org/assetspublic/ce281/pdf/SquadLists-English.pdf,https://inside.fifa.com/organisation/media-releases/world-cup-2026-48-squads-confirmed
Inbeom HWANG,Korea Republic,KOR,6,Midfielder,MF,Feyenoord Rotterdam (NED),20/09/1996,177,needs_stats_enrichment,FALSE,https://fdp.fifa.org/assetspublic/ce281/pdf/SquadLists-English.pdf,https://inside.fifa.com/organisation/media-releases/world-cup-2026-48-squads-confirmed
Jae Sung LEE,Korea Republic,KOR,10,Midfielder,MF,1. FSV Mainz 05 (GER),10/08/1992,180,needs_stats_enrichment,FALSE,https://fdp.fifa.org/assetspublic/ce281/pdf/SquadLists-English.pdf,https://inside.fifa.com/organisation/media-releases/world-cup-2026-48-squads-confirmed
Jingyu KIM,Korea Republic,KOR,24,Midfielder,MF,Jeonbuk Hyundai Motors FC (KOR),24/02/1997,177,needs_stats_enrichment,FALSE,https://fdp.fifa.org/assetspublic/ce281/pdf/SquadLists-English.pdf,https://inside.fifa.com/organisation/media-releases/world-cup-2026-48-squads-confirmed
Jisung EOM,Korea Republic,KOR,25,Midfielder,MF,Swansea City AFC (WAL),09/05/2002,177,needs_stats_enrichment,FALSE,https://fdp.fifa.org/assetspublic/ce281/pdf/SquadLists-English.pdf,https://inside.fifa.com/organisation/media-releases/world-cup-2026-48-squads-confirmed
Junho BAE,Korea Republic,KOR,17,Midfielder,MF,Stoke City FC (ENG),21/08/2003,180,needs_stats_enrichment,FALSE,https://fdp.fifa.org/assetspublic/ce281/pdf/SquadLists-English.pdf,https://inside.fifa.com/organisation/media-releases/world-cup-2026-48-squads-confirmed
Kangin LEE,Korea Republic,KOR,19,Midfielder,MF,Paris Saint-Germain (FRA),19/02/2001,174,needs_stats_enrichment,FALSE,https://fdp.fifa.org/assetspublic/ce281/pdf/SquadLists-English.pdf,https://inside.fifa.com/organisation/media-releases/world-cup-2026-48-squads-confirmed
Seungho PAIK,Korea Republic,KOR,8,Midfielder,MF,Birmingham City FC (ENG),17/03/1997,182,needs_stats_enrichment,FALSE,https://fdp.fifa.org/assetspublic/ce281/pdf/SquadLists-English.pdf,https://inside.fifa.com/organisation/media-releases/world-cup-2026-48-squads-confirmed
Armando GONZÁLEZ ALBA,Mexico,MEX,14,Forward,FW,CD Guadalajara (MEX),20/04/2003,182,needs_stats_enrichment,FALSE,https://fdp.fifa.org/assetspublic/ce281/pdf/SquadLists-English.pdf,https://inside.fifa.com/organisation/media-releases/world-cup-2026-48-squads-confirmed
César Saúl HUERTA VALERA,Mexico,MEX,21,Forward,FW,RSC Anderlecht (BEL),03/12/2000,171,needs_stats_enrichment,FALSE,https://fdp.fifa.org/assetspublic/ce281/pdf/SquadLists-English.pdf,https://inside.fifa.com/organisation/media-releases/world-cup-2026-48-squads-confirmed
Ernesto Alexis VEGA ROJAS,Mexico,MEX,10,Forward,FW,Deportivo Toluca FC (MEX),25/11/1997,175,needs_stats_enrichment,FALSE,https://fdp.fifa.org/assetspublic/ce281/pdf/SquadLists-English.pdf,https://inside.fifa.com/organisation/media-releases/world-cup-2026-48-squads-confirmed
Guillermo MARTÍNEZ AYALA,Mexico,MEX,22,Forward,FW,Pumas UNAM (MEX),15/03/1995,191,needs_stats_enrichment,FALSE,https://fdp.fifa.org/assetspublic/ce281/pdf/SquadLists-English.pdf,https://inside.fifa.com/organisation/media-releases/world-cup-2026-48-squads-confirmed
Julián Andrés QUIÑONES QUIÑONES,Mexico,MEX,16,Forward,FW,Al Qadsiah FC (KSA),24/03/1997,177,needs_stats_enrichment,FALSE,https://fdp.fifa.org/assetspublic/ce281/pdf/SquadLists-English.pdf,https://inside.fifa.com/organisation/media-releases/world-cup-2026-48-squads-confirmed
Raúl Alonso JIMÉNEZ RODRÍGUEZ,Mexico,MEX,9,Forward,FW,Fulham FC (ENG),05/05/1991,188,needs_stats_enrichment,FALSE,https://fdp.fifa.org/assetspublic/ce281/pdf/SquadLists-English.pdf,https://inside.fifa.com/organisation/media-releases/world-cup-2026-48-squads-confirmed
Roberto Carlos ALVARADO HERNÁNDEZ,Mexico,MEX,25,Forward,FW,CD Guadalajara (MEX),07/09/1998,176,needs_stats_enrichment,FALSE,https://fdp.fifa.org/assetspublic/ce281/pdf/SquadLists-English.pdf,https://inside.fifa.com/organisation/media-releases/world-cup-2026-48-squads-confirmed
Santiago Tomás GIMENEZ,Mexico,MEX,11,Forward,FW,AC Milan (ITA),18/04/2001,180,needs_stats_enrichment,FALSE,https://fdp.fifa.org/assetspublic/ce281/pdf/SquadLists-English.pdf,https://inside.fifa.com/organisation/media-releases/world-cup-2026-48-squads-confirmed
Brian GUTIÉRREZ,Mexico,MEX,26,Midfielder,MF,CD Guadalajara (MEX),17/06/2003,178,needs_stats_enrichment,FALSE,https://fdp.fifa.org/assetspublic/ce281/pdf/SquadLists-English.pdf,https://inside.fifa.com/organisation/media-releases/world-cup-2026-48-squads-confirmed
Erik Antonio LIRA MÉNDEZ,Mexico,MEX,6,Midfielder,MF,CF Cruz Azul (MEX),08/05/2000,172,needs_stats_enrichment,FALSE,https://fdp.fifa.org/assetspublic/ce281/pdf/SquadLists-English.pdf,https://inside.fifa.com/organisation/media-releases/world-cup-2026-48-squads-confirmed
Gilberto Rafael MORA ZAMBRANO,Mexico,MEX,19,Midfielder,MF,Club Tijuana (MEX),14/10/2008,175,needs_stats_enrichment,FALSE,https://fdp.fifa.org/assetspublic/ce281/pdf/SquadLists-English.pdf,https://inside.fifa.com/organisation/media-releases/world-cup-2026-48-squads-confirmed
Luis Francisco ROMO BARRÓN,Mexico,MEX,7,Midfielder,MF,CD Guadalajara (MEX),05/06/1995,183,needs_stats_enrichment,FALSE,https://fdp.fifa.org/assetspublic/ce281/pdf/SquadLists-English.pdf,https://inside.fifa.com/organisation/media-releases/world-cup-2026-48-squads-confirmed
Luis Gerardo CHÁVEZ MAGALLÓN,Mexico,MEX,24,Midfielder,MF,FC Dynamo Moscow (RUS),15/01/1996,178,needs_stats_enrichment,FALSE,https://fdp.fifa.org/assetspublic/ce281/pdf/SquadLists-English.pdf,https://inside.fifa.com/organisation/media-releases/world-cup-2026-48-squads-confirmed
Obed Goméz VARGAS,Mexico,MEX,18,Midfielder,MF,Atlético De Madrid (ESP),05/08/2005,175,needs_stats_enrichment,FALSE,https://fdp.fifa.org/assetspublic/ce281/pdf/SquadLists-English.pdf,https://inside.fifa.com/organisation/media-releases/world-cup-2026-48-squads-confirmed
Orbelín PINEDA ALVARADO,Mexico,MEX,17,Midfielder,MF,AEK Athens (GRE),24/03/1996,169,needs_stats_enrichment,FALSE,https://fdp.fifa.org/assetspublic/ce281/pdf/SquadLists-English.pdf,https://inside.fifa.com/organisation/media-releases/world-cup-2026-48-squads-confirmed
Álvaro FIDALGO FERNÁNDEZ,Mexico,MEX,8,Midfielder,MF,Real Betis (ESP),09/04/1997,175,needs_stats_enrichment,FALSE,https://fdp.fifa.org/assetspublic/ce281/pdf/SquadLists-English.pdf,https://inside.fifa.com/organisation/media-releases/world-cup-2026-48-squads-confirmed
Abdessamad EZZALZOULI,Morocco,MAR,17,Forward,FW,Real Betis (ESP),17/12/2001,177,needs_stats_enrichment,FALSE,https://fdp.fifa.org/assetspublic/ce281/pdf/SquadLists-English.pdf,https://inside.fifa.com/organisation/media-releases/world-cup-2026-48-squads-confirmed
Ayoub EL KAABI,Morocco,MAR,20,Forward,FW,Olympiacos FC (GRE),25/06/1993,182,needs_stats_enrichment,FALSE,https://fdp.fifa.org/assetspublic/ce281/pdf/SquadLists-English.pdf,https://inside.fifa.com/organisation/media-releases/world-cup-2026-48-squads-confirmed
Ayoube AMAIMOUNI,Morocco,MAR,21,Forward,FW,Eintracht Frankfurt (GER),30/11/2004,179,needs_stats_enrichment,FALSE,https://fdp.fifa.org/assetspublic/ce281/pdf/SquadLists-English.pdf,https://inside.fifa.com/organisation/media-releases/world-cup-2026-48-squads-confirmed
Brahim ABDELKADER DIAZ,Morocco,MAR,10,Forward,FW,Real Madrid C. F. (ESP),03/08/1999,170,needs_stats_enrichment,FALSE,https://fdp.fifa.org/assetspublic/ce281/pdf/SquadLists-English.pdf,https://inside.fifa.com/organisation/media-releases/world-cup-2026-48-squads-confirmed
Sou ane RAHIMI,Morocco,MAR,9,Forward,FW,Al Ain FC (UAE),02/06/1996,180,needs_stats_enrichment,FALSE,https://fdp.fifa.org/assetspublic/ce281/pdf/SquadLists-English.pdf,https://inside.fifa.com/organisation/media-releases/world-cup-2026-48-squads-confirmed
Ayyoub BOUADDI,Morocco,MAR,6,Midfielder,MF,Lille OSC (FRA),02/10/2007,185,needs_stats_enrichment,FALSE,https://fdp.fifa.org/assetspublic/ce281/pdf/SquadLists-English.pdf,https://inside.fifa.com/organisation/media-releases/world-cup-2026-48-squads-confirmed
Azz-Eddine OUNAHI,Morocco,MAR,8,Midfielder,MF,Girona FC (ESP),19/04/2000,182,needs_stats_enrichment,FALSE,https://fdp.fifa.org/assetspublic/ce281/pdf/SquadLists-English.pdf,https://inside.fifa.com/organisation/media-releases/world-cup-2026-48-squads-confirmed
Bilal EL KHANNOUSS,Morocco,MAR,23,Midfielder,MF,VfB Stuttgart (GER),10/05/2004,180,needs_stats_enrichment,FALSE,https://fdp.fifa.org/assetspublic/ce281/pdf/SquadLists-English.pdf,https://inside.fifa.com/organisation/media-releases/world-cup-2026-48-squads-confirmed
Chemsdine TALBI,Morocco,MAR,7,Midfielder,MF,Sunderland AFC (ENG),09/05/2005,175,needs_stats_enrichment,FALSE,https://fdp.fifa.org/assetspublic/ce281/pdf/SquadLists-English.pdf,https://inside.fifa.com/organisation/media-releases/world-cup-2026-48-squads-confirmed
Gessime Ben Youssef Mustapha YASSINE,Morocco,MAR,16,Midfielder,MF,RC Strasbourg (FRA),22/11/2005,172,needs_stats_enrichment,FALSE,https://fdp.fifa.org/assetspublic/ce281/pdf/SquadLists-English.pdf,https://inside.fifa.com/organisation/media-releases/world-cup-2026-48-squads-confirmed
Ismael SAIBARI,Morocco,MAR,11,Midfielder,MF,PSV Eindhoven (NED),28/01/2001,185,needs_stats_enrichment,FALSE,https://fdp.fifa.org/assetspublic/ce281/pdf/SquadLists-English.pdf,https://inside.fifa.com/organisation/media-releases/world-cup-2026-48-squads-confirmed
Neil Yoni EL AYNAOUI,Morocco,MAR,24,Midfielder,MF,AS Roma (ITA),02/07/2001,185,needs_stats_enrichment,FALSE,https://fdp.fifa.org/assetspublic/ce281/pdf/SquadLists-English.pdf,https://inside.fifa.com/organisation/media-releases/world-cup-2026-48-squads-confirmed
Samir EL MOURABET,Morocco,MAR,15,Midfielder,MF,RC Strasbourg (FRA),06/10/2005,187,needs_stats_enrichment,FALSE,https://fdp.fifa.org/assetspublic/ce281/pdf/SquadLists-English.pdf,https://inside.fifa.com/organisation/media-releases/world-cup-2026-48-squads-confirmed
Sofyan AMRABAT,Morocco,MAR,4,Midfielder,MF,Real Betis (ESP),21/08/1996,185,needs_stats_enrichment,FALSE,https://fdp.fifa.org/assetspublic/ce281/pdf/SquadLists-English.pdf,https://inside.fifa.com/organisation/media-releases/world-cup-2026-48-squads-confirmed
Brian Ebenezer Adjei BROBBEY,Netherlands,NED,19,Forward,FW,Sunderland AFC (ENG),01/02/2002,181,needs_stats_enrichment,FALSE,https://fdp.fifa.org/assetspublic/ce281/pdf/SquadLists-English.pdf,https://inside.fifa.com/organisation/media-releases/world-cup-2026-48-squads-confirmed
Crysencio Jilbert Sylverio Cir SUMMERVILLE,Netherlands,NED,24,Forward,FW,West Ham United FC (ENG),30/10/2001,172,needs_stats_enrichment,FALSE,https://fdp.fifa.org/assetspublic/ce281/pdf/SquadLists-English.pdf,https://inside.fifa.com/organisation/media-releases/world-cup-2026-48-squads-confirmed
Donyell MALEN,Netherlands,NED,18,Forward,FW,AS Roma (ITA),19/01/1999,178,needs_stats_enrichment,FALSE,https://fdp.fifa.org/assetspublic/ce281/pdf/SquadLists-English.pdf,https://inside.fifa.com/organisation/media-releases/world-cup-2026-48-squads-confirmed
Memphis DEPAY,Netherlands,NED,10,Forward,FW,SC Corinthians (BRA),13/02/1994,178,needs_stats_enrichment,FALSE,https://fdp.fifa.org/assetspublic/ce281/pdf/SquadLists-English.pdf,https://inside.fifa.com/organisation/media-releases/world-cup-2026-48-squads-confirmed
Noa Noëll LANG,Netherlands,NED,17,Forward,FW,Galatasaray SK (TUR),17/06/1999,176,needs_stats_enrichment,FALSE,https://fdp.fifa.org/assetspublic/ce281/pdf/SquadLists-English.pdf,https://inside.fifa.com/organisation/media-releases/world-cup-2026-48-squads-confirmed
Wout François Maria WEGHORST,Netherlands,NED,9,Forward,FW,AFC Ajax (NED),07/08/1992,197,needs_stats_enrichment,FALSE,https://fdp.fifa.org/assetspublic/ce281/pdf/SquadLists-English.pdf,https://inside.fifa.com/organisation/media-releases/world-cup-2026-48-squads-confirmed
Frenkie DE JONG,Netherlands,NED,21,Midfielder,MF,FC Barcelona (ESP),12/05/1997,181,needs_stats_enrichment,FALSE,https://fdp.fifa.org/assetspublic/ce281/pdf/SquadLists-English.pdf,https://inside.fifa.com/organisation/media-releases/world-cup-2026-48-squads-confirmed
Guus Berend TIL,Netherlands,NED,16,Midfielder,MF,PSV Eindhoven (NED),22/12/1997,188,needs_stats_enrichment,FALSE,https://fdp.fifa.org/assetspublic/ce281/pdf/SquadLists-English.pdf,https://inside.fifa.com/organisation/media-releases/world-cup-2026-48-squads-confirmed
Justin Dean KLUIVERT,Netherlands,NED,7,Midfielder,MF,AFC Bournemouth (ENG),05/05/1999,173,needs_stats_enrichment,FALSE,https://fdp.fifa.org/assetspublic/ce281/pdf/SquadLists-English.pdf,https://inside.fifa.com/organisation/media-releases/world-cup-2026-48-squads-confirmed
Marten Elco DE ROON,Netherlands,NED,3,Midfielder,MF,Atalanta Bergamo (ITA),29/03/1991,186,needs_stats_enrichment,FALSE,https://fdp.fifa.org/assetspublic/ce281/pdf/SquadLists-English.pdf,https://inside.fifa.com/organisation/media-releases/world-cup-2026-48-squads-confirmed
Quinten Ryan Crispito TIMBER,Netherlands,NED,26,Midfielder,MF,Olympique Marseille (FRA),17/06/2001,176,needs_stats_enrichment,FALSE,https://fdp.fifa.org/assetspublic/ce281/pdf/SquadLists-English.pdf,https://inside.fifa.com/organisation/media-releases/world-cup-2026-48-squads-confirmed
Ryan Jiro GRAVENBERCH,Netherlands,NED,8,Midfielder,MF,Liverpool FC (ENG),16/05/2002,190,needs_stats_enrichment,FALSE,https://fdp.fifa.org/assetspublic/ce281/pdf/SquadLists-English.pdf,https://inside.fifa.com/organisation/media-releases/world-cup-2026-48-squads-confirmed
Teun KOOPMEINERS,Netherlands,NED,20,Midfielder,MF,Juventus FC (ITA),28/02/1998,185,needs_stats_enrichment,FALSE,https://fdp.fifa.org/assetspublic/ce281/pdf/SquadLists-English.pdf,https://inside.fifa.com/organisation/media-releases/world-cup-2026-48-squads-confirmed
Tijjani Martinus Jan REIJNDERS,Netherlands,NED,14,Midfielder,MF,Manchester City FC (ENG),29/07/1998,178,needs_stats_enrichment,FALSE,https://fdp.fifa.org/assetspublic/ce281/pdf/SquadLists-English.pdf,https://inside.fifa.com/organisation/media-releases/world-cup-2026-48-squads-confirmed
Benjamin Peter WAINE,New Zealand,NZL,18,Forward,FW,Port Vale FC (ENG),11/06/2001,185,needs_stats_enrichment,FALSE,https://fdp.fifa.org/assetspublic/ce281/pdf/SquadLists-English.pdf,https://inside.fifa.com/organisation/media-releases/world-cup-2026-48-squads-confirmed
Christopher Grant WOOD,New Zealand,NZL,9,Forward,FW,Nottingham Forest FC (ENG),07/12/1991,191,needs_stats_enrichment,FALSE,https://fdp.fifa.org/assetspublic/ce281/pdf/SquadLists-English.pdf,https://inside.fifa.com/organisation/media-releases/world-cup-2026-48-squads-confirmed
Jesse Carmichael RANDALL,New Zealand,NZL,21,Forward,FW,Auckland FC (NZL),19/08/2002,176,needs_stats_enrichment,FALSE,https://fdp.fifa.org/assetspublic/ce281/pdf/SquadLists-English.pdf,https://inside.fifa.com/organisation/media-releases/world-cup-2026-48-squads-confirmed
Kosta BARBAROUSES,New Zealand,NZL,17,Forward,FW,WS Wanderers FC (AUS),19/02/1990,171,needs_stats_enrichment,FALSE,https://fdp.fifa.org/assetspublic/ce281/pdf/SquadLists-English.pdf,https://inside.fifa.com/organisation/media-releases/world-cup-2026-48-squads-confirmed
Alex Arthur RUFER,New Zealand,NZL,14,Midfielder,MF,Wellington Phoenix FC (NZL),12/06/1996,180,needs_stats_enrichment,FALSE,https://fdp.fifa.org/assetspublic/ce281/pdf/SquadLists-English.pdf,https://inside.fifa.com/organisation/media-releases/world-cup-2026-48-squads-confirmed
Benjamin Craig OLD,New Zealand,NZL,19,Midfielder,MF,AS Saint-Etienne (FRA),13/08/2002,173,needs_stats_enrichment,FALSE,https://fdp.fifa.org/assetspublic/ce281/pdf/SquadLists-English.pdf,https://inside.fifa.com/organisation/media-releases/world-cup-2026-48-squads-confirmed
Callum William MCCOWATT,New Zealand,NZL,20,Midfielder,MF,Silkeborg IF (DEN),30/04/1999,180,needs_stats_enrichment,FALSE,https://fdp.fifa.org/assetspublic/ce281/pdf/SquadLists-English.pdf,https://inside.fifa.com/organisation/media-releases/world-cup-2026-48-squads-confirmed
Elijah Henry JUST,New Zealand,NZL,11,Midfielder,MF,Motherwell FC (SCO),01/05/2000,176,needs_stats_enrichment,FALSE,https://fdp.fifa.org/assetspublic/ce281/pdf/SquadLists-English.pdf,https://inside.fifa.com/organisation/media-releases/world-cup-2026-48-squads-confirmed
Joe Zen Robert BELL,New Zealand,NZL,6,Midfielder,MF,Viking Stavanger (NOR),27/04/1999,182,needs_stats_enrichment,FALSE,https://fdp.fifa.org/assetspublic/ce281/pdf/SquadLists-English.pdf,https://inside.fifa.com/organisation/media-releases/world-cup-2026-48-squads-confirmed
Lachlan Ryan BAYLISS,New Zealand,NZL,25,Midfielder,MF,Newcastle United Jets FC (AUS),24/07/2002,178,needs_stats_enrichment,FALSE,https://fdp.fifa.org/assetspublic/ce281/pdf/SquadLists-English.pdf,https://inside.fifa.com/organisation/media-releases/world-cup-2026-48-squads-confirmed
Marko Seufatu Nikola STAMENIC,New Zealand,NZL,8,Midfielder,MF,Swansea City AFC (WAL),19/02/2002,188,needs_stats_enrichment,FALSE,https://fdp.fifa.org/assetspublic/ce281/pdf/SquadLists-English.pdf,https://inside.fifa.com/organisation/media-releases/world-cup-2026-48-squads-confirmed
Matthew Jimmy David GARBETT,New Zealand,NZL,7,Midfielder,MF,Peterborough United FC (ENG),13/04/2002,192,needs_stats_enrichment,FALSE,https://fdp.fifa.org/assetspublic/ce281/pdf/SquadLists-English.pdf,https://inside.fifa.com/organisation/media-releases/world-cup-2026-48-squads-confirmed
Ryan Jared THOMAS,New Zealand,NZL,23,Midfielder,MF,PEC Zwolle (NED),20/12/1994,176,needs_stats_enrichment,FALSE,https://fdp.fifa.org/assetspublic/ce281/pdf/SquadLists-English.pdf,https://inside.fifa.com/organisation/media-releases/world-cup-2026-48-squads-confirmed
Sarpreet SINGH,New Zealand,NZL,10,Midfielder,MF,Wellington Phoenix FC (NZL),20/02/1999,180,needs_stats_enrichment,FALSE,https://fdp.fifa.org/assetspublic/ce281/pdf/SquadLists-English.pdf,https://inside.fifa.com/organisation/media-releases/world-cup-2026-48-squads-confirmed
Alexander SØRLOTH,Norway,NOR,7,Forward,FW,Atlético De Madrid (ESP),05/12/1995,196,needs_stats_enrichment,FALSE,https://fdp.fifa.org/assetspublic/ce281/pdf/SquadLists-English.pdf,https://inside.fifa.com/organisation/media-releases/world-cup-2026-48-squads-confirmed
Antonio Eromonsele Nordby NUSA,Norway,NOR,20,Forward,FW,RB Leipzig (GER),17/04/2005,183,needs_stats_enrichment,FALSE,https://fdp.fifa.org/assetspublic/ce281/pdf/SquadLists-English.pdf,https://inside.fifa.com/organisation/media-releases/world-cup-2026-48-squads-confirmed
Julian RYERSON,Norway,NOR,26,Forward,FW,Borussia Dortmund (GER),17/11/1997,186,needs_stats_enrichment,FALSE,https://fdp.fifa.org/assetspublic/ce281/pdf/SquadLists-English.pdf,https://inside.fifa.com/organisation/media-releases/world-cup-2026-48-squads-confirmed
Jørgen Strand LARSEN,Norway,NOR,11,Forward,FW,Crystal Palace FC (ENG),06/02/2000,193,needs_stats_enrichment,FALSE,https://fdp.fifa.org/assetspublic/ce281/pdf/SquadLists-English.pdf,https://inside.fifa.com/organisation/media-releases/world-cup-2026-48-squads-confirmed
Andreas Rædergård SCHJELDERUP,Norway,NOR,21,Midfielder,MF,SL Ben ca (POR),01/06/2004,177,needs_stats_enrichment,FALSE,https://fdp.fifa.org/assetspublic/ce281/pdf/SquadLists-English.pdf,https://inside.fifa.com/organisation/media-releases/world-cup-2026-48-squads-confirmed
Fredrik AURSNES,Norway,NOR,14,Midfielder,MF,SL Ben ca (POR),10/12/1995,181,needs_stats_enrichment,FALSE,https://fdp.fifa.org/assetspublic/ce281/pdf/SquadLists-English.pdf,https://inside.fifa.com/organisation/media-releases/world-cup-2026-48-squads-confirmed
Jens Petter HAUGE,Norway,NOR,23,Midfielder,MF,FK Bodø/Glimt (NOR),12/10/1999,184,needs_stats_enrichment,FALSE,https://fdp.fifa.org/assetspublic/ce281/pdf/SquadLists-English.pdf,https://inside.fifa.com/organisation/media-releases/world-cup-2026-48-squads-confirmed
Kristian THORSTVEDT,Norway,NOR,18,Midfielder,MF,US Sassuolo (ITA),13/03/1999,189,needs_stats_enrichment,FALSE,https://fdp.fifa.org/assetspublic/ce281/pdf/SquadLists-English.pdf,https://inside.fifa.com/organisation/media-releases/world-cup-2026-48-squads-confirmed
Martín ØDEGAARD,Norway,NOR,10,Midfielder,MF,Arsenal FC (ENG),17/12/1998,178,needs_stats_enrichment,FALSE,https://fdp.fifa.org/assetspublic/ce281/pdf/SquadLists-English.pdf,https://inside.fifa.com/organisation/media-releases/world-cup-2026-48-squads-confirmed
Morten THORSBY,Norway,NOR,2,Midfielder,MF,US Cremonese (ITA),05/05/1996,188,needs_stats_enrichment,FALSE,https://fdp.fifa.org/assetspublic/ce281/pdf/SquadLists-English.pdf,https://inside.fifa.com/organisation/media-releases/world-cup-2026-48-squads-confirmed
Oscar BOBB,Norway,NOR,22,Midfielder,MF,Fulham FC (ENG),12/07/2003,177,needs_stats_enrichment,FALSE,https://fdp.fifa.org/assetspublic/ce281/pdf/SquadLists-English.pdf,https://inside.fifa.com/organisation/media-releases/world-cup-2026-48-squads-confirmed
Patrick BERG,Norway,NOR,6,Midfielder,MF,FK Bodø/Glimt (NOR),24/11/1997,178,needs_stats_enrichment,FALSE,https://fdp.fifa.org/assetspublic/ce281/pdf/SquadLists-English.pdf,https://inside.fifa.com/organisation/media-releases/world-cup-2026-48-squads-confirmed
Sander Gard Bolin BERGE,Norway,NOR,8,Midfielder,MF,Fulham FC (ENG),14/02/1998,195,needs_stats_enrichment,FALSE,https://fdp.fifa.org/assetspublic/ce281/pdf/SquadLists-English.pdf,https://inside.fifa.com/organisation/media-releases/world-cup-2026-48-squads-confirmed
Thelonious Gerard AASGAARD,Norway,NOR,19,Midfielder,MF,Rangers FC (SCO),02/05/2002,188,needs_stats_enrichment,FALSE,https://fdp.fifa.org/assetspublic/ce281/pdf/SquadLists-English.pdf,https://inside.fifa.com/organisation/media-releases/world-cup-2026-48-squads-confirmed
Azarias Emmanuel LONDOÑO GONZALEZ,Panama,PAN,24,Forward,FW,CD Universidad Católica (ECU),21/06/2001,185,needs_stats_enrichment,FALSE,https://fdp.fifa.org/assetspublic/ce281/pdf/SquadLists-English.pdf,https://inside.fifa.com/organisation/media-releases/world-cup-2026-48-squads-confirmed
Cecilio Alfonso WATERMAN RUIZ,Panama,PAN,18,Forward,FW,CD Universidad De Concepción (CHI),13/04/1991,180,needs_stats_enrichment,FALSE,https://fdp.fifa.org/assetspublic/ce281/pdf/SquadLists-English.pdf,https://inside.fifa.com/organisation/media-releases/world-cup-2026-48-squads-confirmed
José FAJARDO NELSON,Panama,PAN,17,Forward,FW,CD Universidad Católica (ECU),18/08/1993,184,needs_stats_enrichment,FALSE,https://fdp.fifa.org/assetspublic/ce281/pdf/SquadLists-English.pdf,https://inside.fifa.com/organisation/media-releases/world-cup-2026-48-squads-confirmed
Tomas Abdiel RODRIGUEZ MENA,Panama,PAN,9,Forward,FW,Deportivo Saprissa (CRC),09/03/1999,183,needs_stats_enrichment,FALSE,https://fdp.fifa.org/assetspublic/ce281/pdf/SquadLists-English.pdf,https://inside.fifa.com/organisation/media-releases/world-cup-2026-48-squads-confirmed
Adalberto Eliecer CARRASQUILLA ALCAZAR,Panama,PAN,8,Midfielder,MF,Pumas UNAM (MEX),28/11/1998,171,needs_stats_enrichment,FALSE,https://fdp.fifa.org/assetspublic/ce281/pdf/SquadLists-English.pdf,https://inside.fifa.com/organisation/media-releases/world-cup-2026-48-squads-confirmed
Alberto Abdiel QUINTERO MEDINA,Panama,PAN,19,Midfielder,MF,CD Plaza Amador (PAN),18/12/1987,165,needs_stats_enrichment,FALSE,https://fdp.fifa.org/assetspublic/ce281/pdf/SquadLists-English.pdf,https://inside.fifa.com/organisation/media-releases/world-cup-2026-48-squads-confirmed
Aníbal Casis GODOY LEMUS,Panama,PAN,20,Midfielder,MF,San Diego FC (USA),10/02/1990,184,needs_stats_enrichment,FALSE,https://fdp.fifa.org/assetspublic/ce281/pdf/SquadLists-English.pdf,https://inside.fifa.com/organisation/media-releases/world-cup-2026-48-squads-confirmed
Cristian Jesus MARTÍNEZ,Panama,PAN,6,Midfielder,MF,Hapoel Kiryat Shmona FC (ISR),06/02/1997,170,needs_stats_enrichment,FALSE,https://fdp.fifa.org/assetspublic/ce281/pdf/SquadLists-English.pdf,https://inside.fifa.com/organisation/media-releases/world-cup-2026-48-squads-confirmed
César Augusto YANIS VELASCO,Panama,PAN,21,Midfielder,MF,CD Cobresal (CHI),28/01/1996,160,needs_stats_enrichment,FALSE,https://fdp.fifa.org/assetspublic/ce281/pdf/SquadLists-English.pdf,https://inside.fifa.com/organisation/media-releases/world-cup-2026-48-squads-confirmed
Ismael DÍAZ DE LEON,Panama,PAN,10,Midfielder,MF,Club León (MEX),12/05/1997,184,needs_stats_enrichment,FALSE,https://fdp.fifa.org/assetspublic/ce281/pdf/SquadLists-English.pdf,https://inside.fifa.com/organisation/media-releases/world-cup-2026-48-squads-confirmed
José Luis RODRÍGUEZ FRANCIS,Panama,PAN,7,Midfielder,MF,FC Juárez (MEX),19/06/1998,180,needs_stats_enrichment,FALSE,https://fdp.fifa.org/assetspublic/ce281/pdf/SquadLists-English.pdf,https://inside.fifa.com/organisation/media-releases/world-cup-2026-48-squads-confirmed
Édgar Yoel BÁRCENAS HERRERA,Panama,PAN,11,Midfielder,MF,Mazatlán FC (MEX),23/10/1993,175,needs_stats_enrichment,FALSE,https://fdp.fifa.org/assetspublic/ce281/pdf/SquadLists-English.pdf,https://inside.fifa.com/organisation/media-releases/world-cup-2026-48-squads-confirmed
Alejandro Sebastian ROMERO GAMARRA,Paraguay,PAR,17,Forward,FW,Al Ain FC (UAE),11/01/1995,165,needs_stats_enrichment,FALSE,https://fdp.fifa.org/assetspublic/ce281/pdf/SquadLists-English.pdf,https://inside.fifa.com/organisation/media-releases/world-cup-2026-48-squads-confirmed
Alex Adrian ARCE BARRIOS,Paraguay,PAR,18,Forward,FW,CS Independiente Rivadavia (ARG),16/06/1995,188,needs_stats_enrichment,FALSE,https://fdp.fifa.org/assetspublic/ce281/pdf/SquadLists-English.pdf,https://inside.fifa.com/organisation/media-releases/world-cup-2026-48-squads-confirmed
Arnaldo Antonio SANABRIA AYALA,Paraguay,PAR,9,Forward,FW,US Cremonese (ITA),04/03/1996,180,needs_stats_enrichment,FALSE,https://fdp.fifa.org/assetspublic/ce281/pdf/SquadLists-English.pdf,https://inside.fifa.com/organisation/media-releases/world-cup-2026-48-squads-confirmed
Gabriel AVALOS STUMPFS,Paraguay,PAR,21,Forward,FW,CA Independiente (ARG),09/07/1991,185,needs_stats_enrichment,FALSE,https://fdp.fifa.org/assetspublic/ce281/pdf/SquadLists-English.pdf,https://inside.fifa.com/organisation/media-releases/world-cup-2026-48-squads-confirmed
Isidro Miguel PITTA SALDIVAR,Paraguay,PAR,25,Forward,FW,Red Bull Bragantino (BRA),14/08/1999,185,needs_stats_enrichment,FALSE,https://fdp.fifa.org/assetspublic/ce281/pdf/SquadLists-English.pdf,https://inside.fifa.com/organisation/media-releases/world-cup-2026-48-squads-confirmed
Julio Cesar ENCISO ESPINOLA,Paraguay,PAR,19,Forward,FW,RC Strasbourg (FRA),23/01/2004,168,needs_stats_enrichment,FALSE,https://fdp.fifa.org/assetspublic/ce281/pdf/SquadLists-English.pdf,https://inside.fifa.com/organisation/media-releases/world-cup-2026-48-squads-confirmed
Adrián Andrés CUBAS,Paraguay,PAR,14,Midfielder,MF,Vancouver Whitecaps FC (CAN),11/05/1996,166,needs_stats_enrichment,FALSE,https://fdp.fifa.org/assetspublic/ce281/pdf/SquadLists-English.pdf,https://inside.fifa.com/organisation/media-releases/world-cup-2026-48-squads-confirmed
Braian Oscar OJEDA RODRIGUEZ,Paraguay,PAR,20,Midfielder,MF,Orlando City SC (USA),27/06/2000,173,needs_stats_enrichment,FALSE,https://fdp.fifa.org/assetspublic/ce281/pdf/SquadLists-English.pdf,https://inside.fifa.com/organisation/media-releases/world-cup-2026-48-squads-confirmed
Damián Josue BOBADILLA BENITEZ,Paraguay,PAR,16,Midfielder,MF,São Paulo FC (BRA),11/07/2001,180,needs_stats_enrichment,FALSE,https://fdp.fifa.org/assetspublic/ce281/pdf/SquadLists-English.pdf,https://inside.fifa.com/organisation/media-releases/world-cup-2026-48-squads-confirmed
Diego Alexander GOMEZ AMARILLA,Paraguay,PAR,8,Midfielder,MF,Brighton & Hove Albion FC (ENG),27/03/2003,183,needs_stats_enrichment,FALSE,https://fdp.fifa.org/assetspublic/ce281/pdf/SquadLists-English.pdf,https://inside.fifa.com/organisation/media-releases/world-cup-2026-48-squads-confirmed
Gustavo Ruben CABALLERO GONZALEZ,Paraguay,PAR,24,Midfielder,MF,Portsmouth FC (ENG),21/09/2001,189,needs_stats_enrichment,FALSE,https://fdp.fifa.org/assetspublic/ce281/pdf/SquadLists-English.pdf,https://inside.fifa.com/organisation/media-releases/world-cup-2026-48-squads-confirmed
Matias GALARZA FONDA,Paraguay,PAR,23,Midfielder,MF,Atlanta United FC (USA),11/02/2002,175,needs_stats_enrichment,FALSE,https://fdp.fifa.org/assetspublic/ce281/pdf/SquadLists-English.pdf,https://inside.fifa.com/organisation/media-releases/world-cup-2026-48-squads-confirmed
Mauricio MAGALHAES PRADO,Paraguay,PAR,11,Midfielder,MF,SE Palmeiras (BRA),22/06/2001,175,needs_stats_enrichment,FALSE,https://fdp.fifa.org/assetspublic/ce281/pdf/SquadLists-English.pdf,https://inside.fifa.com/organisation/media-releases/world-cup-2026-48-squads-confirmed
Miguel Angel ALMIRON REJALA,Paraguay,PAR,10,Midfielder,MF,Atlanta United FC (USA),10/02/1994,178,needs_stats_enrichment,FALSE,https://fdp.fifa.org/assetspublic/ce281/pdf/SquadLists-English.pdf,https://inside.fifa.com/organisation/media-releases/world-cup-2026-48-squads-confirmed
Ramón SOSA ACOSTA,Paraguay,PAR,7,Midfielder,MF,SE Palmeiras (BRA),31/08/1999,178,needs_stats_enrichment,FALSE,https://fdp.fifa.org/assetspublic/ce281/pdf/SquadLists-English.pdf,https://inside.fifa.com/organisation/media-releases/world-cup-2026-48-squads-confirmed
Francisco António MACHADO MOTA DE CASTRO TRINCÃO,Portugal,POR,16,Forward,FW,Sporting CP (POR),29/12/1999,184,needs_stats_enrichment,FALSE,https://fdp.fifa.org/assetspublic/ce281/pdf/SquadLists-English.pdf,https://inside.fifa.com/organisation/media-releases/world-cup-2026-48-squads-confirmed
Francisco FERNANDES DA CONCEIÇÃO,Portugal,POR,26,Forward,FW,Juventus FC (ITA),14/12/2002,166,needs_stats_enrichment,FALSE,https://fdp.fifa.org/assetspublic/ce281/pdf/SquadLists-English.pdf,https://inside.fifa.com/organisation/media-releases/world-cup-2026-48-squads-confirmed
Gonçalo MATIAS RAMOS,Portugal,POR,9,Forward,FW,Paris Saint-Germain (FRA),20/06/2001,185,needs_stats_enrichment,FALSE,https://fdp.fifa.org/assetspublic/ce281/pdf/SquadLists-English.pdf,https://inside.fifa.com/organisation/media-releases/world-cup-2026-48-squads-confirmed
Gonçalo Manuel GANCHINHO GUEDES,Portugal,POR,19,Forward,FW,Real Sociedad (ESP),29/11/1996,179,needs_stats_enrichment,FALSE,https://fdp.fifa.org/assetspublic/ce281/pdf/SquadLists-English.pdf,https://inside.fifa.com/organisation/media-releases/world-cup-2026-48-squads-confirmed
João FÉLIX SEQUEIRA,Portugal,POR,11,Forward,FW,Al Nassr FC (KSA),10/11/1999,179,needs_stats_enrichment,FALSE,https://fdp.fifa.org/assetspublic/ce281/pdf/SquadLists-English.pdf,https://inside.fifa.com/organisation/media-releases/world-cup-2026-48-squads-confirmed
Pedro LOMBA NETO,Portugal,POR,18,Forward,FW,Chelsea FC (ENG),09/03/2000,174,needs_stats_enrichment,FALSE,https://fdp.fifa.org/assetspublic/ce281/pdf/SquadLists-English.pdf,https://inside.fifa.com/organisation/media-releases/world-cup-2026-48-squads-confirmed
Rafael Alexandre DA CONCEIÇÃO LEÃO,Portugal,POR,17,Forward,FW,AC Milan (ITA),10/06/1999,188,needs_stats_enrichment,FALSE,https://fdp.fifa.org/assetspublic/ce281/pdf/SquadLists-English.pdf,https://inside.fifa.com/organisation/media-releases/world-cup-2026-48-squads-confirmed
Bernardo MOTA VEIGA DE CARVALHO E SILVA,Portugal,POR,10,Midfielder,MF,Manchester City FC (ENG),10/08/1994,173,needs_stats_enrichment,FALSE,https://fdp.fifa.org/assetspublic/ce281/pdf/SquadLists-English.pdf,https://inside.fifa.com/organisation/media-releases/world-cup-2026-48-squads-confirmed
Bruno Miguel BORGES FERNANDES,Portugal,POR,8,Midfielder,MF,Manchester United FC (ENG),08/09/1994,183,needs_stats_enrichment,FALSE,https://fdp.fifa.org/assetspublic/ce281/pdf/SquadLists-English.pdf,https://inside.fifa.com/organisation/media-releases/world-cup-2026-48-squads-confirmed
João Pedro GONÇALVES NEVES,Portugal,POR,15,Midfielder,MF,Paris Saint-Germain (FRA),27/09/2004,171,needs_stats_enrichment,FALSE,https://fdp.fifa.org/assetspublic/ce281/pdf/SquadLists-English.pdf,https://inside.fifa.com/organisation/media-releases/world-cup-2026-48-squads-confirmed
Matheus Luiz NUNES,Portugal,POR,6,Midfielder,MF,Manchester City FC (ENG),27/08/1998,183,needs_stats_enrichment,FALSE,https://fdp.fifa.org/assetspublic/ce281/pdf/SquadLists-English.pdf,https://inside.fifa.com/organisation/media-releases/world-cup-2026-48-squads-confirmed
Rúben Diogo DA SILVA NEVES,Portugal,POR,21,Midfielder,MF,Al Hilal SC (KSA),13/03/1997,183,needs_stats_enrichment,FALSE,https://fdp.fifa.org/assetspublic/ce281/pdf/SquadLists-English.pdf,https://inside.fifa.com/organisation/media-releases/world-cup-2026-48-squads-confirmed
Vitor MACHADO FERREIRA,Portugal,POR,23,Midfielder,MF,Paris Saint-Germain (FRA),13/02/2000,170,needs_stats_enrichment,FALSE,https://fdp.fifa.org/assetspublic/ce281/pdf/SquadLists-English.pdf,https://inside.fifa.com/organisation/media-releases/world-cup-2026-48-squads-confirmed
Ahmed Alaaeldin B M ABDELMOTAAL,Qatar,QAT,7,Forward,FW,Al Rayyan SC (QAT),31/01/1993,179,needs_stats_enrichment,FALSE,https://fdp.fifa.org/assetspublic/ce281/pdf/SquadLists-English.pdf,https://inside.fifa.com/organisation/media-releases/world-cup-2026-48-squads-confirmed
Akram Hassan A Y AFIF,Qatar,QAT,11,Forward,FW,Al Sadd SC (QAT),18/11/1996,176,needs_stats_enrichment,FALSE,https://fdp.fifa.org/assetspublic/ce281/pdf/SquadLists-English.pdf,https://inside.fifa.com/organisation/media-releases/world-cup-2026-48-squads-confirmed
Almoez Ali Zainelabdeen M ABDULLA,Qatar,QAT,19,Forward,FW,Al Duhail SC (QAT),19/08/1996,180,needs_stats_enrichment,FALSE,https://fdp.fifa.org/assetspublic/ce281/pdf/SquadLists-English.pdf,https://inside.fifa.com/organisation/media-releases/world-cup-2026-48-squads-confirmed
Edmilson Junior P DASILVA,Qatar,QAT,8,Forward,FW,Al Duhail SC (QAT),19/08/1994,180,needs_stats_enrichment,FALSE,https://fdp.fifa.org/assetspublic/ce281/pdf/SquadLists-English.pdf,https://inside.fifa.com/organisation/media-releases/world-cup-2026-48-squads-confirmed
Hasan Khalid H ALHAYDOS,Qatar,QAT,10,Forward,FW,Al Sadd SC (QAT),11/12/1990,174,needs_stats_enrichment,FALSE,https://fdp.fifa.org/assetspublic/ce281/pdf/SquadLists-English.pdf,https://inside.fifa.com/organisation/media-releases/world-cup-2026-48-squads-confirmed
Mohamed Naceur MANAI,Qatar,QAT,26,Forward,FW,Al Shamal SC (QAT),25/10/2002,180,needs_stats_enrichment,FALSE,https://fdp.fifa.org/assetspublic/ce281/pdf/SquadLists-English.pdf,https://inside.fifa.com/organisation/media-releases/world-cup-2026-48-squads-confirmed
Mohammed MUNTARI,Qatar,QAT,9,Forward,FW,Al Gharafa SC (QAT),20/12/1993,192,needs_stats_enrichment,FALSE,https://fdp.fifa.org/assetspublic/ce281/pdf/SquadLists-English.pdf,https://inside.fifa.com/organisation/media-releases/world-cup-2026-48-squads-confirmed
Tahsin Mohammad JAMSHID,Qatar,QAT,24,Forward,FW,Al Duhail SC (QAT),16/06/2006,166,needs_stats_enrichment,FALSE,https://fdp.fifa.org/assetspublic/ce281/pdf/SquadLists-English.pdf,https://inside.fifa.com/organisation/media-releases/world-cup-2026-48-squads-confirmed
Yusuf Abdurisag YUSUF,Qatar,QAT,15,Forward,FW,Al Wakrah SC (QAT),06/08/1999,171,needs_stats_enrichment,FALSE,https://fdp.fifa.org/assetspublic/ce281/pdf/SquadLists-English.pdf,https://inside.fifa.com/organisation/media-releases/world-cup-2026-48-squads-confirmed
Abdelaziz Hatim A MOHAMED,Qatar,QAT,6,Midfielder,MF,Al Rayyan SC (QAT),01/01/1990,179,needs_stats_enrichment,FALSE,https://fdp.fifa.org/assetspublic/ce281/pdf/SquadLists-English.pdf,https://inside.fifa.com/organisation/media-releases/world-cup-2026-48-squads-confirmed
Ahmed Fathy M ABDOULLA,Qatar,QAT,20,Midfielder,MF,Al Arabi SC (QAT),25/01/1993,171,needs_stats_enrichment,FALSE,https://fdp.fifa.org/assetspublic/ce281/pdf/SquadLists-English.pdf,https://inside.fifa.com/organisation/media-releases/world-cup-2026-48-squads-confirmed
Ahmed Mohamed H K ALGANEHI,Qatar,QAT,17,Midfielder,MF,Al Gharafa SC (QAT),22/09/2000,175,needs_stats_enrichment,FALSE,https://fdp.fifa.org/assetspublic/ce281/pdf/SquadLists-English.pdf,https://inside.fifa.com/organisation/media-releases/world-cup-2026-48-squads-confirmed
Assim Omer A MADIBO,Qatar,QAT,23,Midfielder,MF,Al Wakrah SC (QAT),22/10/1996,168,needs_stats_enrichment,FALSE,https://fdp.fifa.org/assetspublic/ce281/pdf/SquadLists-English.pdf,https://inside.fifa.com/organisation/media-releases/world-cup-2026-48-squads-confirmed
Karim BOUDIAF,Qatar,QAT,12,Midfielder,MF,Al Duhail SC (QAT),16/09/1990,190,needs_stats_enrichment,FALSE,https://fdp.fifa.org/assetspublic/ce281/pdf/SquadLists-English.pdf,https://inside.fifa.com/organisation/media-releases/world-cup-2026-48-squads-confirmed
Abdullah Abdulrahman A ALHAMDDAN,Saudi Arabia,KSA,19,Forward,FW,Al Nassr FC (KSA),13/09/1999,186,needs_stats_enrichment,FALSE,https://fdp.fifa.org/assetspublic/ce281/pdf/SquadLists-English.pdf,https://inside.fifa.com/organisation/media-releases/world-cup-2026-48-squads-confirmed
Aiman Yahya Y AHMED,Saudi Arabia,KSA,8,Forward,FW,Al Nassr FC (KSA),14/05/2001,173,needs_stats_enrichment,FALSE,https://fdp.fifa.org/assetspublic/ce281/pdf/SquadLists-English.pdf,https://inside.fifa.com/organisation/media-releases/world-cup-2026-48-squads-confirmed
Feras Tariq N ALBRIKAN,Saudi Arabia,KSA,9,Forward,FW,Al Ahli FC (KSA),14/05/2000,185,needs_stats_enrichment,FALSE,https://fdp.fifa.org/assetspublic/ce281/pdf/SquadLists-English.pdf,https://inside.fifa.com/organisation/media-releases/world-cup-2026-48-squads-confirmed
Khalid Essa M ALGHANNAM,Saudi Arabia,KSA,17,Forward,FW,Al Ettifaq FC (KSA),08/11/2000,171,needs_stats_enrichment,FALSE,https://fdp.fifa.org/assetspublic/ce281/pdf/SquadLists-English.pdf,https://inside.fifa.com/organisation/media-releases/world-cup-2026-48-squads-confirmed
Saleh Khalid M ALSHEHRI,Saudi Arabia,KSA,11,Forward,FW,Al Ittihad (KSA),01/11/1993,184,needs_stats_enrichment,FALSE,https://fdp.fifa.org/assetspublic/ce281/pdf/SquadLists-English.pdf,https://inside.fifa.com/organisation/media-releases/world-cup-2026-48-squads-confirmed
Salem Mohammed S ALDAWSARI,Saudi Arabia,KSA,10,Forward,FW,Al Hilal SC (KSA),19/08/1991,173,needs_stats_enrichment,FALSE,https://fdp.fifa.org/assetspublic/ce281/pdf/SquadLists-English.pdf,https://inside.fifa.com/organisation/media-releases/world-cup-2026-48-squads-confirmed
Sultan Ahmed M MANDASH,Saudi Arabia,KSA,20,Forward,FW,Al Hilal SC (KSA),17/10/1994,172,needs_stats_enrichment,FALSE,https://fdp.fifa.org/assetspublic/ce281/pdf/SquadLists-English.pdf,https://inside.fifa.com/organisation/media-releases/world-cup-2026-48-squads-confirmed
Abdullah Mohammed H ALKHAIBARI,Saudi Arabia,KSA,15,Midfielder,MF,Al Nassr FC (KSA),16/08/1996,175,needs_stats_enrichment,FALSE,https://fdp.fifa.org/assetspublic/ce281/pdf/SquadLists-English.pdf,https://inside.fifa.com/organisation/media-releases/world-cup-2026-48-squads-confirmed
Ala Mohsen A ALHAJJI,Saudi Arabia,KSA,18,Midfielder,MF,Neom SC (KSA),03/12/1995,178,needs_stats_enrichment,FALSE,https://fdp.fifa.org/assetspublic/ce281/pdf/SquadLists-English.pdf,https://inside.fifa.com/organisation/media-releases/world-cup-2026-48-squads-confirmed
Mohamed Ibrahim A KANNO,Saudi Arabia,KSA,23,Midfielder,MF,Al Hilal SC (KSA),22/09/1994,191,needs_stats_enrichment,FALSE,https://fdp.fifa.org/assetspublic/ce281/pdf/SquadLists-English.pdf,https://inside.fifa.com/organisation/media-releases/world-cup-2026-48-squads-confirmed
Musab Fahad Z ALJUWAYR,Saudi Arabia,KSA,7,Midfielder,MF,Al Qadsiah FC (KSA),20/06/2003,175,needs_stats_enrichment,FALSE,https://fdp.fifa.org/assetspublic/ce281/pdf/SquadLists-English.pdf,https://inside.fifa.com/organisation/media-releases/world-cup-2026-48-squads-confirmed
Nasser Essa S ALDAWSARI,Saudi Arabia,KSA,6,Midfielder,MF,Al Hilal SC (KSA),19/12/1998,178,needs_stats_enrichment,FALSE,https://fdp.fifa.org/assetspublic/ce281/pdf/SquadLists-English.pdf,https://inside.fifa.com/organisation/media-releases/world-cup-2026-48-squads-confirmed
Ziyad Mubarak E ALJOHANI,Saudi Arabia,KSA,16,Midfielder,MF,Al Ahli FC (KSA),11/11/2001,180,needs_stats_enrichment,FALSE,https://fdp.fifa.org/assetspublic/ce281/pdf/SquadLists-English.pdf,https://inside.fifa.com/organisation/media-releases/world-cup-2026-48-squads-confirmed
Ben Gannon DOAK,Scotland,SCO,17,Forward,FW,AFC Bournemouth (ENG),11/11/2005,173,needs_stats_enrichment,FALSE,https://fdp.fifa.org/assetspublic/ce281/pdf/SquadLists-English.pdf,https://inside.fifa.com/organisation/media-releases/world-cup-2026-48-squads-confirmed
Che Sac Everton Fred ADAMS,Scotland,SCO,10,Forward,FW,Torino FC (ITA),13/07/1996,175,needs_stats_enrichment,FALSE,https://fdp.fifa.org/assetspublic/ce281/pdf/SquadLists-English.pdf,https://inside.fifa.com/organisation/media-releases/world-cup-2026-48-squads-confirmed
Findlay Kenneth CURTIS,Scotland,SCO,25,Forward,FW,Kilmarnock FC (SCO),09/06/2006,180,needs_stats_enrichment,FALSE,https://fdp.fifa.org/assetspublic/ce281/pdf/SquadLists-English.pdf,https://inside.fifa.com/organisation/media-releases/world-cup-2026-48-squads-confirmed
George David Eric HIRST,Scotland,SCO,18,Forward,FW,Ipswich Town FC (ENG),15/02/1999,191,needs_stats_enrichment,FALSE,https://fdp.fifa.org/assetspublic/ce281/pdf/SquadLists-English.pdf,https://inside.fifa.com/organisation/media-releases/world-cup-2026-48-squads-confirmed
Lawrence SHANKLAND,Scotland,SCO,20,Forward,FW,Heart Of Midlothian FC (SCO),10/08/1995,185,needs_stats_enrichment,FALSE,https://fdp.fifa.org/assetspublic/ce281/pdf/SquadLists-English.pdf,https://inside.fifa.com/organisation/media-releases/world-cup-2026-48-squads-confirmed
Lyndon John DYKES,Scotland,SCO,9,Forward,FW,Charlton Athletic FC (ENG),07/10/1995,188,needs_stats_enrichment,FALSE,https://fdp.fifa.org/assetspublic/ce281/pdf/SquadLists-English.pdf,https://inside.fifa.com/organisation/media-releases/world-cup-2026-48-squads-confirmed
Ross Cameron STEWART,Scotland,SCO,14,Forward,FW,Southampton FC (ENG),11/07/1996,188,needs_stats_enrichment,FALSE,https://fdp.fifa.org/assetspublic/ce281/pdf/SquadLists-English.pdf,https://inside.fifa.com/organisation/media-releases/world-cup-2026-48-squads-confirmed
John MCGINN,Scotland,SCO,7,Midfielder,MF,Aston Villa FC (ENG),18/10/1994,178,needs_stats_enrichment,FALSE,https://fdp.fifa.org/assetspublic/ce281/pdf/SquadLists-English.pdf,https://inside.fifa.com/organisation/media-releases/world-cup-2026-48-squads-confirmed
Kenneth MCLEAN,Scotland,SCO,23,Midfielder,MF,Norwich City FC (ENG),08/01/1992,183,needs_stats_enrichment,FALSE,https://fdp.fifa.org/assetspublic/ce281/pdf/SquadLists-English.pdf,https://inside.fifa.com/organisation/media-releases/world-cup-2026-48-squads-confirmed
Lewis FERGUSON,Scotland,SCO,19,Midfielder,MF,Bologna FC (ITA),24/08/1999,181,needs_stats_enrichment,FALSE,https://fdp.fifa.org/assetspublic/ce281/pdf/SquadLists-English.pdf,https://inside.fifa.com/organisation/media-releases/world-cup-2026-48-squads-confirmed
Ryan CHRISTIE,Scotland,SCO,11,Midfielder,MF,AFC Bournemouth (ENG),22/02/1995,178,needs_stats_enrichment,FALSE,https://fdp.fifa.org/assetspublic/ce281/pdf/SquadLists-English.pdf,https://inside.fifa.com/organisation/media-releases/world-cup-2026-48-squads-confirmed
Scott Francis MCTOMINAY,Scotland,SCO,4,Midfielder,MF,SSC Napoli (ITA),08/12/1996,193,needs_stats_enrichment,FALSE,https://fdp.fifa.org/assetspublic/ce281/pdf/SquadLists-English.pdf,https://inside.fifa.com/organisation/media-releases/world-cup-2026-48-squads-confirmed
Tyler Robert FLETCHER,Scotland,SCO,8,Midfielder,MF,Manchester United FC (ENG),19/03/2007,183,needs_stats_enrichment,FALSE,https://fdp.fifa.org/assetspublic/ce281/pdf/SquadLists-English.pdf,https://inside.fifa.com/organisation/media-releases/world-cup-2026-48-squads-confirmed
Assane DIAO,Senegal,SEN,7,Forward,FW,Como (ITA),07/09/2005,185,needs_stats_enrichment,FALSE,https://fdp.fifa.org/assetspublic/ce281/pdf/SquadLists-English.pdf,https://inside.fifa.com/organisation/media-releases/world-cup-2026-48-squads-confirmed
Cheikh Ahmadou Bamba Mbacke DIENG,Senegal,SEN,9,Forward,FW,FC Lorient (FRA),23/03/2000,178,needs_stats_enrichment,FALSE,https://fdp.fifa.org/assetspublic/ce281/pdf/SquadLists-English.pdf,https://inside.fifa.com/organisation/media-releases/world-cup-2026-48-squads-confirmed
Ibrahim MBAYE,Senegal,SEN,20,Forward,FW,Paris Saint-Germain (FRA),24/01/2008,175,needs_stats_enrichment,FALSE,https://fdp.fifa.org/assetspublic/ce281/pdf/SquadLists-English.pdf,https://inside.fifa.com/organisation/media-releases/world-cup-2026-48-squads-confirmed
Iliman Cheikh Baroy NDIAYE,Senegal,SEN,13,Forward,FW,Everton FC (ENG),06/03/2000,180,needs_stats_enrichment,FALSE,https://fdp.fifa.org/assetspublic/ce281/pdf/SquadLists-English.pdf,https://inside.fifa.com/organisation/media-releases/world-cup-2026-48-squads-confirmed
Ismaila SARR,Senegal,SEN,18,Forward,FW,Crystal Palace FC (ENG),25/02/1998,185,needs_stats_enrichment,FALSE,https://fdp.fifa.org/assetspublic/ce281/pdf/SquadLists-English.pdf,https://inside.fifa.com/organisation/media-releases/world-cup-2026-48-squads-confirmed
Nicolas JACKSON,Senegal,SEN,11,Forward,FW,FC Bayern München (GER),20/06/2001,187,needs_stats_enrichment,FALSE,https://fdp.fifa.org/assetspublic/ce281/pdf/SquadLists-English.pdf,https://inside.fifa.com/organisation/media-releases/world-cup-2026-48-squads-confirmed
Pape Cherif NDIAYE,Senegal,SEN,12,Forward,FW,Samsunspor (TUR),23/01/1996,190,needs_stats_enrichment,FALSE,https://fdp.fifa.org/assetspublic/ce281/pdf/SquadLists-English.pdf,https://inside.fifa.com/organisation/media-releases/world-cup-2026-48-squads-confirmed
Sadio MANÉ,Senegal,SEN,10,Forward,FW,Al Nassr FC (KSA),10/04/1992,175,needs_stats_enrichment,FALSE,https://fdp.fifa.org/assetspublic/ce281/pdf/SquadLists-English.pdf,https://inside.fifa.com/organisation/media-releases/world-cup-2026-48-squads-confirmed
Bara Sapoko NDIAYE,Senegal,SEN,22,Midfielder,MF,FC Bayern München (GER),31/12/2007,180,needs_stats_enrichment,FALSE,https://fdp.fifa.org/assetspublic/ce281/pdf/SquadLists-English.pdf,https://inside.fifa.com/organisation/media-releases/world-cup-2026-48-squads-confirmed
Idrissa Gana GUEYE,Senegal,SEN,5,Midfielder,MF,Everton FC (ENG),26/09/1989,174,needs_stats_enrichment,FALSE,https://fdp.fifa.org/assetspublic/ce281/pdf/SquadLists-English.pdf,https://inside.fifa.com/organisation/media-releases/world-cup-2026-48-squads-confirmed
Ismaila Pathe CISS,Senegal,SEN,6,Midfielder,MF,Rayo Vallecano (ESP),16/03/1994,186,needs_stats_enrichment,FALSE,https://fdp.fifa.org/assetspublic/ce281/pdf/SquadLists-English.pdf,https://inside.fifa.com/organisation/media-releases/world-cup-2026-48-squads-confirmed
Lamine CAMARA,Senegal,SEN,8,Midfielder,MF,AS Monaco (FRA),01/01/2004,174,needs_stats_enrichment,FALSE,https://fdp.fifa.org/assetspublic/ce281/pdf/SquadLists-English.pdf,https://inside.fifa.com/organisation/media-releases/world-cup-2026-48-squads-confirmed
Mouhamadou Habib Mbacke DIARRA,Senegal,SEN,21,Midfielder,MF,Sunderland AFC (ENG),03/01/2004,178,needs_stats_enrichment,FALSE,https://fdp.fifa.org/assetspublic/ce281/pdf/SquadLists-English.pdf,https://inside.fifa.com/organisation/media-releases/world-cup-2026-48-squads-confirmed
Pape Alassane GUEYE,Senegal,SEN,26,Midfielder,MF,Villarreal CF (ESP),24/01/1999,189,needs_stats_enrichment,FALSE,https://fdp.fifa.org/assetspublic/ce281/pdf/SquadLists-English.pdf,https://inside.fifa.com/organisation/media-releases/world-cup-2026-48-squads-confirmed
Pape Matar SARR,Senegal,SEN,17,Midfielder,MF,Tottenham Hotspur FC (ENG),14/09/2002,185,needs_stats_enrichment,FALSE,https://fdp.fifa.org/assetspublic/ce281/pdf/SquadLists-English.pdf,https://inside.fifa.com/organisation/media-releases/world-cup-2026-48-squads-confirmed
Iqraam RAYNERS,South Africa,RSA,15,Forward,FW,Mamelodi Sundowns FC (RSA),19/12/1995,174,needs_stats_enrichment,FALSE,https://fdp.fifa.org/assetspublic/ce281/pdf/SquadLists-English.pdf,https://inside.fifa.com/organisation/media-releases/world-cup-2026-48-squads-confirmed
Kamogelo Michael SEBELEBELE,South Africa,RSA,25,Forward,FW,Orlando Pirates FC (RSA),21/07/2002,166,needs_stats_enrichment,FALSE,https://fdp.fifa.org/assetspublic/ce281/pdf/SquadLists-English.pdf,https://inside.fifa.com/organisation/media-releases/world-cup-2026-48-squads-confirmed
Lyle Brent FOSTER,South Africa,RSA,9,Forward,FW,Burnley FC (ENG),03/09/2000,185,needs_stats_enrichment,FALSE,https://fdp.fifa.org/assetspublic/ce281/pdf/SquadLists-English.pdf,https://inside.fifa.com/organisation/media-releases/world-cup-2026-48-squads-confirmed
Oswin Reagan APPOLLIS,South Africa,RSA,7,Forward,FW,Orlando Pirates FC (RSA),25/08/2001,171,needs_stats_enrichment,FALSE,https://fdp.fifa.org/assetspublic/ce281/pdf/SquadLists-English.pdf,https://inside.fifa.com/organisation/media-releases/world-cup-2026-48-squads-confirmed
Relebohile MOFOKENG,South Africa,RSA,10,Forward,FW,Orlando Pirates FC (RSA),23/10/2004,168,needs_stats_enrichment,FALSE,https://fdp.fifa.org/assetspublic/ce281/pdf/SquadLists-English.pdf,https://inside.fifa.com/organisation/media-releases/world-cup-2026-48-squads-confirmed
Sekotori Evidence MAKGOPA,South Africa,RSA,17,Forward,FW,Orlando Pirates FC (RSA),05/06/2000,183,needs_stats_enrichment,FALSE,https://fdp.fifa.org/assetspublic/ce281/pdf/SquadLists-English.pdf,https://inside.fifa.com/organisation/media-releases/world-cup-2026-48-squads-confirmed
Thapelo MASEKO,South Africa,RSA,12,Forward,FW,AEL Limassol (CYP),11/11/2003,178,needs_stats_enrichment,FALSE,https://fdp.fifa.org/assetspublic/ce281/pdf/SquadLists-English.pdf,https://inside.fifa.com/organisation/media-releases/world-cup-2026-48-squads-confirmed
Tshepang MOREMI,South Africa,RSA,8,Forward,FW,Orlando Pirates FC (RSA),02/10/2000,169,needs_stats_enrichment,FALSE,https://fdp.fifa.org/assetspublic/ce281/pdf/SquadLists-English.pdf,https://inside.fifa.com/organisation/media-releases/world-cup-2026-48-squads-confirmed
Jayden Oswin ADAMS,South Africa,RSA,23,Midfielder,MF,Mamelodi Sundowns FC (RSA),05/05/2001,177,needs_stats_enrichment,FALSE,https://fdp.fifa.org/assetspublic/ce281/pdf/SquadLists-English.pdf,https://inside.fifa.com/organisation/media-releases/world-cup-2026-48-squads-confirmed
Sphephelo S'miso SITHOLE,South Africa,RSA,13,Midfielder,MF,CD Tondela (POR),03/03/1999,197,needs_stats_enrichment,FALSE,https://fdp.fifa.org/assetspublic/ce281/pdf/SquadLists-English.pdf,https://inside.fifa.com/organisation/media-releases/world-cup-2026-48-squads-confirmed
Teboho MOKOENA,South Africa,RSA,4,Midfielder,MF,Mamelodi Sundowns FC (RSA),24/01/1997,177,needs_stats_enrichment,FALSE,https://fdp.fifa.org/assetspublic/ce281/pdf/SquadLists-English.pdf,https://inside.fifa.com/organisation/media-releases/world-cup-2026-48-squads-confirmed
Thalente Wandile MBATHA,South Africa,RSA,5,Midfielder,MF,Orlando Pirates FC (RSA),06/03/2000,179,needs_stats_enrichment,FALSE,https://fdp.fifa.org/assetspublic/ce281/pdf/SquadLists-English.pdf,https://inside.fifa.com/organisation/media-releases/world-cup-2026-48-squads-confirmed
Themba ZWANE,South Africa,RSA,11,Midfielder,MF,Mamelodi Sundowns FC (RSA),03/08/1989,178,needs_stats_enrichment,FALSE,https://fdp.fifa.org/assetspublic/ce281/pdf/SquadLists-English.pdf,https://inside.fifa.com/organisation/media-releases/world-cup-2026-48-squads-confirmed
Borja IGLESIAS QUINTÁS,Spain,ESP,26,Forward,FW,RC Celta Vigo (ESP),17/01/1993,187,needs_stats_enrichment,FALSE,https://fdp.fifa.org/assetspublic/ce281/pdf/SquadLists-English.pdf,https://inside.fifa.com/organisation/media-releases/world-cup-2026-48-squads-confirmed
Daniel OLMO CARVAJAL,Spain,ESP,10,Forward,FW,FC Barcelona (ESP),07/05/1998,179,needs_stats_enrichment,FALSE,https://fdp.fifa.org/assetspublic/ce281/pdf/SquadLists-English.pdf,https://inside.fifa.com/organisation/media-releases/world-cup-2026-48-squads-confirmed
Nicholas WILLIAMS ARTHUER,Spain,ESP,17,Forward,FW,Athletic Club (ESP),12/07/2002,181,needs_stats_enrichment,FALSE,https://fdp.fifa.org/assetspublic/ce281/pdf/SquadLists-English.pdf,https://inside.fifa.com/organisation/media-releases/world-cup-2026-48-squads-confirmed
Victor MUÑOZ VILLANUEVA,Spain,ESP,25,Forward,FW,CA Osasuna (ESP),13/07/2003,173,needs_stats_enrichment,FALSE,https://fdp.fifa.org/assetspublic/ce281/pdf/SquadLists-English.pdf,https://inside.fifa.com/organisation/media-releases/world-cup-2026-48-squads-confirmed
Yeremy Jesús PINO SANTOS,Spain,ESP,11,Forward,FW,Crystal Palace FC (ENG),20/10/2002,174,needs_stats_enrichment,FALSE,https://fdp.fifa.org/assetspublic/ce281/pdf/SquadLists-English.pdf,https://inside.fifa.com/organisation/media-releases/world-cup-2026-48-squads-confirmed
Alejandro BAENA RODRÍGUEZ,Spain,ESP,15,Midfielder,MF,Atlético De Madrid (ESP),20/07/2001,172,needs_stats_enrichment,FALSE,https://fdp.fifa.org/assetspublic/ce281/pdf/SquadLists-English.pdf,https://inside.fifa.com/organisation/media-releases/world-cup-2026-48-squads-confirmed
Fabian RUIZ PEÑA,Spain,ESP,8,Midfielder,MF,Paris Saint-Germain (FRA),03/04/1996,188,needs_stats_enrichment,FALSE,https://fdp.fifa.org/assetspublic/ce281/pdf/SquadLists-English.pdf,https://inside.fifa.com/organisation/media-releases/world-cup-2026-48-squads-confirmed
Martin ZUBIMENDI IBAÑEZ,Spain,ESP,18,Midfielder,MF,Arsenal FC (ENG),02/02/1999,181,needs_stats_enrichment,FALSE,https://fdp.fifa.org/assetspublic/ce281/pdf/SquadLists-English.pdf,https://inside.fifa.com/organisation/media-releases/world-cup-2026-48-squads-confirmed
Mikel MERINO ZAZÓN,Spain,ESP,6,Midfielder,MF,Arsenal FC (ENG),22/06/1996,188,needs_stats_enrichment,FALSE,https://fdp.fifa.org/assetspublic/ce281/pdf/SquadLists-English.pdf,https://inside.fifa.com/organisation/media-releases/world-cup-2026-48-squads-confirmed
Pablo PAEZ GAVIRA,Spain,ESP,9,Midfielder,MF,FC Barcelona (ESP),05/08/2004,173,needs_stats_enrichment,FALSE,https://fdp.fifa.org/assetspublic/ce281/pdf/SquadLists-English.pdf,https://inside.fifa.com/organisation/media-releases/world-cup-2026-48-squads-confirmed
Pedro GONZÁLEZ LÓPEZ,Spain,ESP,20,Midfielder,MF,FC Barcelona (ESP),25/11/2002,174,needs_stats_enrichment,FALSE,https://fdp.fifa.org/assetspublic/ce281/pdf/SquadLists-English.pdf,https://inside.fifa.com/organisation/media-releases/world-cup-2026-48-squads-confirmed
Rodrigo HERNÁNDEZ CASCANTE,Spain,ESP,16,Midfielder,MF,Manchester City FC (ENG),22/06/1996,190,needs_stats_enrichment,FALSE,https://fdp.fifa.org/assetspublic/ce281/pdf/SquadLists-English.pdf,https://inside.fifa.com/organisation/media-releases/world-cup-2026-48-squads-confirmed
Anthony David Junior ELANGA,Sweden,SWE,11,Forward,FW,Newcastle United FC (ENG),27/04/2002,178,needs_stats_enrichment,FALSE,https://fdp.fifa.org/assetspublic/ce281/pdf/SquadLists-English.pdf,https://inside.fifa.com/organisation/media-releases/world-cup-2026-48-squads-confirmed
Håkan Gustaf NILSSON,Sweden,SWE,25,Forward,FW,Club Brugge (BEL),23/05/1997,197,needs_stats_enrichment,FALSE,https://fdp.fifa.org/assetspublic/ce281/pdf/SquadLists-English.pdf,https://inside.fifa.com/organisation/media-releases/world-cup-2026-48-squads-confirmed
Taha Abdi ALI,Sweden,SWE,26,Forward,FW,Malmö FF (SWE),01/07/1998,174,needs_stats_enrichment,FALSE,https://fdp.fifa.org/assetspublic/ce281/pdf/SquadLists-English.pdf,https://inside.fifa.com/organisation/media-releases/world-cup-2026-48-squads-confirmed
Besfort ZENELI,Sweden,SWE,22,Midfielder,MF,Royale Union Saint-Gilloise (BEL),21/11/2002,187,needs_stats_enrichment,FALSE,https://fdp.fifa.org/assetspublic/ce281/pdf/SquadLists-English.pdf,https://inside.fifa.com/organisation/media-releases/world-cup-2026-48-squads-confirmed
Erik Benjamin NYGREN,Sweden,SWE,10,Midfielder,MF,Celtic FC (SCO),08/07/2001,187,needs_stats_enrichment,FALSE,https://fdp.fifa.org/assetspublic/ce281/pdf/SquadLists-English.pdf,https://inside.fifa.com/organisation/media-releases/world-cup-2026-48-squads-confirmed
Jesper Kewe KARLSTRÖM,Sweden,SWE,16,Midfielder,MF,Udinese (ITA),21/06/1995,182,needs_stats_enrichment,FALSE,https://fdp.fifa.org/assetspublic/ce281/pdf/SquadLists-English.pdf,https://inside.fifa.com/organisation/media-releases/world-cup-2026-48-squads-confirmed
Ken SEMA,Sweden,SWE,13,Midfielder,MF,Pafos FC (CYP),30/09/1993,180,needs_stats_enrichment,FALSE,https://fdp.fifa.org/assetspublic/ce281/pdf/SquadLists-English.pdf,https://inside.fifa.com/organisation/media-releases/world-cup-2026-48-squads-confirmed
Lucas Erik Holger BERGVALL,Sweden,SWE,7,Midfielder,MF,Tottenham Hotspur FC (ENG),02/02/2006,187,needs_stats_enrichment,FALSE,https://fdp.fifa.org/assetspublic/ce281/pdf/SquadLists-English.pdf,https://inside.fifa.com/organisation/media-releases/world-cup-2026-48-squads-confirmed
Mattias Olof SVANBERG,Sweden,SWE,19,Midfielder,MF,VfL Wolfsburg (GER),05/01/1999,186,needs_stats_enrichment,FALSE,https://fdp.fifa.org/assetspublic/ce281/pdf/SquadLists-English.pdf,https://inside.fifa.com/organisation/media-releases/world-cup-2026-48-squads-confirmed
Yasin AYARI,Sweden,SWE,18,Midfielder,MF,Brighton & Hove Albion FC (ENG),06/10/2003,172,needs_stats_enrichment,FALSE,https://fdp.fifa.org/assetspublic/ce281/pdf/SquadLists-English.pdf,https://inside.fifa.com/organisation/media-releases/world-cup-2026-48-squads-confirmed
Breel Donald EMBOLO,Switzerland,SUI,7,Forward,FW,Stade Rennais FC (FRA),14/02/1997,184,needs_stats_enrichment,FALSE,https://fdp.fifa.org/assetspublic/ce281/pdf/SquadLists-English.pdf,https://inside.fifa.com/organisation/media-releases/world-cup-2026-48-squads-confirmed
Cedric Jan ITTEN,Switzerland,SUI,26,Forward,FW,Fortuna Düsseldorf (GER),27/12/1996,190,needs_stats_enrichment,FALSE,https://fdp.fifa.org/assetspublic/ce281/pdf/SquadLists-English.pdf,https://inside.fifa.com/organisation/media-releases/world-cup-2026-48-squads-confirmed
Christian Andreas FASSNACHT,Switzerland,SUI,16,Forward,FW,BSC Young Boys (SUI),11/11/1993,185,needs_stats_enrichment,FALSE,https://fdp.fifa.org/assetspublic/ce281/pdf/SquadLists-English.pdf,https://inside.fifa.com/organisation/media-releases/world-cup-2026-48-squads-confirmed
Dan NDOYE,Switzerland,SUI,11,Forward,FW,Nottingham Forest FC (ENG),25/10/2000,184,needs_stats_enrichment,FALSE,https://fdp.fifa.org/assetspublic/ce281/pdf/SquadLists-English.pdf,https://inside.fifa.com/organisation/media-releases/world-cup-2026-48-squads-confirmed
Mohamed Zeki AMDOUNI,Switzerland,SUI,23,Forward,FW,Burnley FC (ENG),04/12/2000,183,needs_stats_enrichment,FALSE,https://fdp.fifa.org/assetspublic/ce281/pdf/SquadLists-English.pdf,https://inside.fifa.com/organisation/media-releases/world-cup-2026-48-squads-confirmed
Noah Arinzechukwu OKAFOR,Switzerland,SUI,19,Forward,FW,Leeds United FC (ENG),24/05/2000,185,needs_stats_enrichment,FALSE,https://fdp.fifa.org/assetspublic/ce281/pdf/SquadLists-English.pdf,https://inside.fifa.com/organisation/media-releases/world-cup-2026-48-squads-confirmed
Ruben Estephan VARGAS MARTINEZ,Switzerland,SUI,17,Forward,FW,Sevilla FC (ESP),05/08/1998,179,needs_stats_enrichment,FALSE,https://fdp.fifa.org/assetspublic/ce281/pdf/SquadLists-English.pdf,https://inside.fifa.com/organisation/media-releases/world-cup-2026-48-squads-confirmed
Ardon JASHARI,Switzerland,SUI,14,Midfielder,MF,AC Milan (ITA),30/07/2002,181,needs_stats_enrichment,FALSE,https://fdp.fifa.org/assetspublic/ce281/pdf/SquadLists-English.pdf,https://inside.fifa.com/organisation/media-releases/world-cup-2026-48-squads-confirmed
Denis Lemi ZAKARIA LAKO LADO,Switzerland,SUI,6,Midfielder,MF,AS Monaco (FRA),20/11/1996,189,needs_stats_enrichment,FALSE,https://fdp.fifa.org/assetspublic/ce281/pdf/SquadLists-English.pdf,https://inside.fifa.com/organisation/media-releases/world-cup-2026-48-squads-confirmed
Fabian RIEDER,Switzerland,SUI,22,Midfielder,MF,FC Augsburg (GER),16/02/2002,181,needs_stats_enrichment,FALSE,https://fdp.fifa.org/assetspublic/ce281/pdf/SquadLists-English.pdf,https://inside.fifa.com/organisation/media-releases/world-cup-2026-48-squads-confirmed
Granit XHAKA,Switzerland,SUI,10,Midfielder,MF,Sunderland AFC (ENG),27/09/1992,183,needs_stats_enrichment,FALSE,https://fdp.fifa.org/assetspublic/ce281/pdf/SquadLists-English.pdf,https://inside.fifa.com/organisation/media-releases/world-cup-2026-48-squads-confirmed
Johan Kula MANZAMBI,Switzerland,SUI,9,Midfielder,MF,SC Freiburg (GER),14/10/2005,182,needs_stats_enrichment,FALSE,https://fdp.fifa.org/assetspublic/ce281/pdf/SquadLists-English.pdf,https://inside.fifa.com/organisation/media-releases/world-cup-2026-48-squads-confirmed
Michel AEBISCHER,Switzerland,SUI,20,Midfielder,MF,Pisa SC (ITA),06/01/1997,183,needs_stats_enrichment,FALSE,https://fdp.fifa.org/assetspublic/ce281/pdf/SquadLists-English.pdf,https://inside.fifa.com/organisation/media-releases/world-cup-2026-48-squads-confirmed
Mohameth Djibril Ibrahima SOW,Switzerland,SUI,15,Midfielder,MF,Sevilla FC (ESP),06/02/1997,183,needs_stats_enrichment,FALSE,https://fdp.fifa.org/assetspublic/ce281/pdf/SquadLists-English.pdf,https://inside.fifa.com/organisation/media-releases/world-cup-2026-48-squads-confirmed
Remo Marco FREULER,Switzerland,SUI,8,Midfielder,MF,Bologna FC (ITA),15/04/1992,181,needs_stats_enrichment,FALSE,https://fdp.fifa.org/assetspublic/ce281/pdf/SquadLists-English.pdf,https://inside.fifa.com/organisation/media-releases/world-cup-2026-48-squads-confirmed
Elias SAAD,Tunisia,TUN,8,Forward,FW,Hannover 96 (GER),27/12/1999,185,needs_stats_enrichment,FALSE,https://fdp.fifa.org/assetspublic/ce281/pdf/SquadLists-English.pdf,https://inside.fifa.com/organisation/media-releases/world-cup-2026-48-squads-confirmed
Firas CHAOUAT,Tunisia,TUN,19,Forward,FW,Club Africain (TUN),08/05/1996,185,needs_stats_enrichment,FALSE,https://fdp.fifa.org/assetspublic/ce281/pdf/SquadLists-English.pdf,https://inside.fifa.com/organisation/media-releases/world-cup-2026-48-squads-confirmed
Hazem MASTOURI,Tunisia,TUN,9,Forward,FW,FC Dynamo Makhachkala (RUS),18/06/1997,191,needs_stats_enrichment,FALSE,https://fdp.fifa.org/assetspublic/ce281/pdf/SquadLists-English.pdf,https://inside.fifa.com/organisation/media-releases/world-cup-2026-48-squads-confirmed
Mohamed Elyes ACHOURI,Tunisia,TUN,7,Forward,FW,FC København (DEN),10/02/1999,187,needs_stats_enrichment,FALSE,https://fdp.fifa.org/assetspublic/ce281/pdf/SquadLists-English.pdf,https://inside.fifa.com/organisation/media-releases/world-cup-2026-48-squads-confirmed
Rayan ELLOUMI,Tunisia,TUN,18,Forward,FW,Vancouver Whitecaps FC (CAN),17/09/2007,180,needs_stats_enrichment,FALSE,https://fdp.fifa.org/assetspublic/ce281/pdf/SquadLists-English.pdf,https://inside.fifa.com/organisation/media-releases/world-cup-2026-48-squads-confirmed
Anis BEN SLIMANE,Tunisia,TUN,25,Midfielder,MF,Norwich City FC (ENG),16/03/2001,188,needs_stats_enrichment,FALSE,https://fdp.fifa.org/assetspublic/ce281/pdf/SquadLists-English.pdf,https://inside.fifa.com/organisation/media-releases/world-cup-2026-48-squads-confirmed
Ellyes Joris SKHIRI,Tunisia,TUN,17,Midfielder,MF,Eintracht Frankfurt (GER),10/05/1995,185,needs_stats_enrichment,FALSE,https://fdp.fifa.org/assetspublic/ce281/pdf/SquadLists-English.pdf,https://inside.fifa.com/organisation/media-releases/world-cup-2026-48-squads-confirmed
Hannibal MEJBRI,Tunisia,TUN,10,Midfielder,MF,Burnley FC (ENG),21/01/2003,177,needs_stats_enrichment,FALSE,https://fdp.fifa.org/assetspublic/ce281/pdf/SquadLists-English.pdf,https://inside.fifa.com/organisation/media-releases/world-cup-2026-48-squads-confirmed
Ismael Seifallah GHARBI,Tunisia,TUN,11,Midfielder,MF,FC Augsburg (GER),10/04/2004,180,needs_stats_enrichment,FALSE,https://fdp.fifa.org/assetspublic/ce281/pdf/SquadLists-English.pdf,https://inside.fifa.com/organisation/media-releases/world-cup-2026-48-squads-confirmed
Khalil AYARI,Tunisia,TUN,14,Midfielder,MF,Paris Saint-Germain (FRA),02/02/2005,174,needs_stats_enrichment,FALSE,https://fdp.fifa.org/assetspublic/ce281/pdf/SquadLists-English.pdf,https://inside.fifa.com/organisation/media-releases/world-cup-2026-48-squads-confirmed
Mohamed BELHADJ MAHMOUD,Tunisia,TUN,15,Midfielder,MF,FC Lugano (SUI),24/04/2000,179,needs_stats_enrichment,FALSE,https://fdp.fifa.org/assetspublic/ce281/pdf/SquadLists-English.pdf,https://inside.fifa.com/organisation/media-releases/world-cup-2026-48-squads-confirmed
Rani KHEDIRA,Tunisia,TUN,13,Midfielder,MF,1. FC Union Berlin (GER),27/01/1994,188,needs_stats_enrichment,FALSE,https://fdp.fifa.org/assetspublic/ce281/pdf/SquadLists-English.pdf,https://inside.fifa.com/organisation/media-releases/world-cup-2026-48-squads-confirmed
Sebastian TOUNEKTI,Tunisia,TUN,26,Midfielder,MF,Celtic FC (SCO),13/07/2002,182,needs_stats_enrichment,FALSE,https://fdp.fifa.org/assetspublic/ce281/pdf/SquadLists-English.pdf,https://inside.fifa.com/organisation/media-releases/world-cup-2026-48-squads-confirmed
Arda GÜLER,Türkiye,TUR,8,Forward,FW,Real Madrid C. F. (ESP),25/02/2005,175,needs_stats_enrichment,FALSE,https://fdp.fifa.org/assetspublic/ce281/pdf/SquadLists-English.pdf,https://inside.fifa.com/organisation/media-releases/world-cup-2026-48-squads-confirmed
Barış Alper YILMAZ,Türkiye,TUR,21,Forward,FW,Galatasaray SK (TUR),23/05/2000,186,needs_stats_enrichment,FALSE,https://fdp.fifa.org/assetspublic/ce281/pdf/SquadLists-English.pdf,https://inside.fifa.com/organisation/media-releases/world-cup-2026-48-squads-confirmed
Can Yılmaz UZUN,Türkiye,TUR,26,Forward,FW,Eintracht Frankfurt (GER),11/11/2005,186,needs_stats_enrichment,FALSE,https://fdp.fifa.org/assetspublic/ce281/pdf/SquadLists-English.pdf,https://inside.fifa.com/organisation/media-releases/world-cup-2026-48-squads-confirmed
Deniz Daniel GÜL,Türkiye,TUR,9,Forward,FW,FC Porto (POR),02/07/2004,192,needs_stats_enrichment,FALSE,https://fdp.fifa.org/assetspublic/ce281/pdf/SquadLists-English.pdf,https://inside.fifa.com/organisation/media-releases/world-cup-2026-48-squads-confirmed
Kenan YILDIZ,Türkiye,TUR,11,Forward,FW,Juventus FC (ITA),04/05/2005,187,needs_stats_enrichment,FALSE,https://fdp.fifa.org/assetspublic/ce281/pdf/SquadLists-English.pdf,https://inside.fifa.com/organisation/media-releases/world-cup-2026-48-squads-confirmed
Muhammed Kerem AKTÜRKOĞLU,Türkiye,TUR,7,Forward,FW,Fenerbahçe SK (TUR),21/10/1998,172,needs_stats_enrichment,FALSE,https://fdp.fifa.org/assetspublic/ce281/pdf/SquadLists-English.pdf,https://inside.fifa.com/organisation/media-releases/world-cup-2026-48-squads-confirmed
Oğuz AYDIN,Türkiye,TUR,24,Forward,FW,Fenerbahçe SK (TUR),27/10/2000,183,needs_stats_enrichment,FALSE,https://fdp.fifa.org/assetspublic/ce281/pdf/SquadLists-English.pdf,https://inside.fifa.com/organisation/media-releases/world-cup-2026-48-squads-confirmed
Yunus AKGÜN,Türkiye,TUR,19,Forward,FW,Galatasaray SK (TUR),07/07/2000,173,needs_stats_enrichment,FALSE,https://fdp.fifa.org/assetspublic/ce281/pdf/SquadLists-English.pdf,https://inside.fifa.com/organisation/media-releases/world-cup-2026-48-squads-confirmed
İrfan KAHVECİ,Türkiye,TUR,17,Forward,FW,Kasımpaşa SK (TUR),15/07/1995,180,needs_stats_enrichment,FALSE,https://fdp.fifa.org/assetspublic/ce281/pdf/SquadLists-English.pdf,https://inside.fifa.com/organisation/media-releases/world-cup-2026-48-squads-confirmed
Hakan ÇALHANOĞLU,Türkiye,TUR,10,Midfielder,MF,FC Internazionale Milano (ITA),08/02/1994,178,needs_stats_enrichment,FALSE,https://fdp.fifa.org/assetspublic/ce281/pdf/SquadLists-English.pdf,https://inside.fifa.com/organisation/media-releases/world-cup-2026-48-squads-confirmed
Kaan AYHAN,Türkiye,TUR,22,Midfielder,MF,Galatasaray SK (TUR),10/11/1994,185,needs_stats_enrichment,FALSE,https://fdp.fifa.org/assetspublic/ce281/pdf/SquadLists-English.pdf,https://inside.fifa.com/organisation/media-releases/world-cup-2026-48-squads-confirmed
Orkun KÖKÇÜ,Türkiye,TUR,6,Midfielder,MF,Beşiktaş JK (TUR),29/12/2000,175,needs_stats_enrichment,FALSE,https://fdp.fifa.org/assetspublic/ce281/pdf/SquadLists-English.pdf,https://inside.fifa.com/organisation/media-releases/world-cup-2026-48-squads-confirmed
Salih ÖZCAN,Türkiye,TUR,5,Midfielder,MF,Borussia Dortmund (GER),11/01/1998,182,needs_stats_enrichment,FALSE,https://fdp.fifa.org/assetspublic/ce281/pdf/SquadLists-English.pdf,https://inside.fifa.com/organisation/media-releases/world-cup-2026-48-squads-confirmed
İsmaİl YÜKSEK,Türkiye,TUR,16,Midfielder,MF,Fenerbahçe SK (TUR),26/01/1999,183,needs_stats_enrichment,FALSE,https://fdp.fifa.org/assetspublic/ce281/pdf/SquadLists-English.pdf,https://inside.fifa.com/organisation/media-releases/world-cup-2026-48-squads-confirmed
Alejandro ZENDEJAS SAAVEDRA,USA,USA,26,Forward,FW,Club América (MEX),07/02/1998,167,needs_stats_enrichment,FALSE,https://fdp.fifa.org/assetspublic/ce281/pdf/SquadLists-English.pdf,https://inside.fifa.com/organisation/media-releases/world-cup-2026-48-squads-confirmed
Brenden Russell AARONSON,USA,USA,11,Forward,FW,Leeds United FC (ENG),22/10/2000,177,needs_stats_enrichment,FALSE,https://fdp.fifa.org/assetspublic/ce281/pdf/SquadLists-English.pdf,https://inside.fifa.com/organisation/media-releases/world-cup-2026-48-squads-confirmed
Christian Mate PULISIC,USA,USA,10,Forward,FW,AC Milan (ITA),18/09/1998,177,needs_stats_enrichment,FALSE,https://fdp.fifa.org/assetspublic/ce281/pdf/SquadLists-English.pdf,https://inside.fifa.com/organisation/media-releases/world-cup-2026-48-squads-confirmed
Folarin Jolaoluwa BALOGUN,USA,USA,20,Forward,FW,AS Monaco (FRA),03/07/2001,179,needs_stats_enrichment,FALSE,https://fdp.fifa.org/assetspublic/ce281/pdf/SquadLists-English.pdf,https://inside.fifa.com/organisation/media-releases/world-cup-2026-48-squads-confirmed
Haji Amir WRIGHT,USA,USA,19,Forward,FW,Coventry City FC (ENG),27/03/1998,191,needs_stats_enrichment,FALSE,https://fdp.fifa.org/assetspublic/ce281/pdf/SquadLists-English.pdf,https://inside.fifa.com/organisation/media-releases/world-cup-2026-48-squads-confirmed
Ricardo Daniel PEPI,USA,USA,9,Forward,FW,PSV Eindhoven (NED),09/01/2003,185,needs_stats_enrichment,FALSE,https://fdp.fifa.org/assetspublic/ce281/pdf/SquadLists-English.pdf,https://inside.fifa.com/organisation/media-releases/world-cup-2026-48-squads-confirmed
Timothy Tarpeh WEAH,USA,USA,21,Forward,FW,Olympique Marseille (FRA),22/02/2000,183,needs_stats_enrichment,FALSE,https://fdp.fifa.org/assetspublic/ce281/pdf/SquadLists-English.pdf,https://inside.fifa.com/organisation/media-releases/world-cup-2026-48-squads-confirmed
Cristian ROLDAN,USA,USA,15,Midfielder,MF,Seattle Sounders FC (USA),03/06/1995,173,needs_stats_enrichment,FALSE,https://fdp.fifa.org/assetspublic/ce281/pdf/SquadLists-English.pdf,https://inside.fifa.com/organisation/media-releases/world-cup-2026-48-squads-confirmed
Giovanni Alejandro REYNA,USA,USA,7,Midfielder,MF,Borussia Mönchengladbach (GER),13/11/2002,187,needs_stats_enrichment,FALSE,https://fdp.fifa.org/assetspublic/ce281/pdf/SquadLists-English.pdf,https://inside.fifa.com/organisation/media-releases/world-cup-2026-48-squads-confirmed
Malik Leon TILLMAN,USA,USA,17,Midfielder,MF,Bayer 04 Leverkusen (GER),28/05/2002,187,needs_stats_enrichment,FALSE,https://fdp.fifa.org/assetspublic/ce281/pdf/SquadLists-English.pdf,https://inside.fifa.com/organisation/media-releases/world-cup-2026-48-squads-confirmed
Sebastian Matthew BERHALTER,USA,USA,14,Midfielder,MF,Vancouver Whitecaps FC (CAN),10/05/2001,175,needs_stats_enrichment,FALSE,https://fdp.fifa.org/assetspublic/ce281/pdf/SquadLists-English.pdf,https://inside.fifa.com/organisation/media-releases/world-cup-2026-48-squads-confirmed
Tyler Shaan ADAMS,USA,USA,4,Midfielder,MF,AFC Bournemouth (ENG),14/02/1999,175,needs_stats_enrichment,FALSE,https://fdp.fifa.org/assetspublic/ce281/pdf/SquadLists-English.pdf,https://inside.fifa.com/organisation/media-releases/world-cup-2026-48-squads-confirmed
Weston James Earl MC KENNIE,USA,USA,8,Midfielder,MF,Juventus FC (ITA),28/08/1998,180,needs_stats_enrichment,FALSE,https://fdp.fifa.org/assetspublic/ce281/pdf/SquadLists-English.pdf,https://inside.fifa.com/organisation/media-releases/world-cup-2026-48-squads-confirmed
Darwin Gabriel NUÑEZ RIBEIRO,Uruguay,URU,9,Forward,FW,Al Hilal SC (KSA),24/06/1999,185,needs_stats_enrichment,FALSE,https://fdp.fifa.org/assetspublic/ce281/pdf/SquadLists-English.pdf,https://inside.fifa.com/organisation/media-releases/world-cup-2026-48-squads-confirmed
Facundo PELLISTRI REBOLLO,Uruguay,URU,11,Forward,FW,Panathinaikos FC (GRE),20/12/2001,174,needs_stats_enrichment,FALSE,https://fdp.fifa.org/assetspublic/ce281/pdf/SquadLists-English.pdf,https://inside.fifa.com/organisation/media-releases/world-cup-2026-48-squads-confirmed
Federico Sebastian VIÑAS BARBOZA,Uruguay,URU,21,Forward,FW,Real Oviedo (ESP),30/06/1998,181,needs_stats_enrichment,FALSE,https://fdp.fifa.org/assetspublic/ce281/pdf/SquadLists-English.pdf,https://inside.fifa.com/organisation/media-releases/world-cup-2026-48-squads-confirmed
Paul Brian RODRÍGUEZ BRAVO,Uruguay,URU,18,Forward,FW,Club América (MEX),20/05/2000,175,needs_stats_enrichment,FALSE,https://fdp.fifa.org/assetspublic/ce281/pdf/SquadLists-English.pdf,https://inside.fifa.com/organisation/media-releases/world-cup-2026-48-squads-confirmed
Rodrigo Sebastian AGUIRRE SOTO,Uruguay,URU,19,Forward,FW,Tigres UANL (MEX),01/10/1994,182,needs_stats_enrichment,FALSE,https://fdp.fifa.org/assetspublic/ce281/pdf/SquadLists-English.pdf,https://inside.fifa.com/organisation/media-releases/world-cup-2026-48-squads-confirmed
Agustin CANOBBIO,Uruguay,URU,14,Midfielder,MF,Fluminense FC (BRA),01/10/1998,176,needs_stats_enrichment,FALSE,https://fdp.fifa.org/assetspublic/ce281/pdf/SquadLists-English.pdf,https://inside.fifa.com/organisation/media-releases/world-cup-2026-48-squads-confirmed
Diego Nicolás DE LA CRUZ ARCOSA,Uruguay,URU,7,Midfielder,MF,CR Flamengo (BRA),01/06/1997,167,needs_stats_enrichment,FALSE,https://fdp.fifa.org/assetspublic/ce281/pdf/SquadLists-English.pdf,https://inside.fifa.com/organisation/media-releases/world-cup-2026-48-squads-confirmed
Emiliano MARTÍNEZ TORANZA,Uruguay,URU,15,Midfielder,MF,SE Palmeiras (BRA),17/08/1999,184,needs_stats_enrichment,FALSE,https://fdp.fifa.org/assetspublic/ce281/pdf/SquadLists-English.pdf,https://inside.fifa.com/organisation/media-releases/world-cup-2026-48-squads-confirmed
Federico Santiago VALVERDE DIPETTA,Uruguay,URU,8,Midfielder,MF,Real Madrid C. F. (ESP),22/07/1998,182,needs_stats_enrichment,FALSE,https://fdp.fifa.org/assetspublic/ce281/pdf/SquadLists-English.pdf,https://inside.fifa.com/organisation/media-releases/world-cup-2026-48-squads-confirmed
Giorgian Daniel DE ARRASCAETA BENEDETTI,Uruguay,URU,10,Midfielder,MF,CR Flamengo (BRA),01/06/1994,177,needs_stats_enrichment,FALSE,https://fdp.fifa.org/assetspublic/ce281/pdf/SquadLists-English.pdf,https://inside.fifa.com/organisation/media-releases/world-cup-2026-48-squads-confirmed
Joaquin PIQUEREZ MOREIRA,Uruguay,URU,22,Midfielder,MF,SE Palmeiras (BRA),24/08/1998,185,needs_stats_enrichment,FALSE,https://fdp.fifa.org/assetspublic/ce281/pdf/SquadLists-English.pdf,https://inside.fifa.com/organisation/media-releases/world-cup-2026-48-squads-confirmed
Juan Manuel SANABRIA MAGOLÉ,Uruguay,URU,25,Midfielder,MF,Real Salt Lake (USA),29/03/2000,170,needs_stats_enrichment,FALSE,https://fdp.fifa.org/assetspublic/ce281/pdf/SquadLists-English.pdf,https://inside.fifa.com/organisation/media-releases/world-cup-2026-48-squads-confirmed
Manuel UGARTE RIBEIRO,Uruguay,URU,5,Midfielder,MF,Manchester United FC (ENG),11/04/2001,182,needs_stats_enrichment,FALSE,https://fdp.fifa.org/assetspublic/ce281/pdf/SquadLists-English.pdf,https://inside.fifa.com/organisation/media-releases/world-cup-2026-48-squads-confirmed
Maximiliano Javier ARAÚJO VILCHES,Uruguay,URU,20,Midfielder,MF,Sporting CP (POR),15/02/2000,176,needs_stats_enrichment,FALSE,https://fdp.fifa.org/assetspublic/ce281/pdf/SquadLists-English.pdf,https://inside.fifa.com/organisation/media-releases/world-cup-2026-48-squads-confirmed
Radrigo ZALAZAR MARTINEZ,Uruguay,URU,26,Midfielder,MF,SC Braga (POR),12/08/1999,175,needs_stats_enrichment,FALSE,https://fdp.fifa.org/assetspublic/ce281/pdf/SquadLists-English.pdf,https://inside.fifa.com/organisation/media-releases/world-cup-2026-48-squads-confirmed
Rodrigo BENTANCUR COLMÁN,Uruguay,URU,6,Midfielder,MF,Tottenham Hotspur FC (ENG),25/06/1997,187,needs_stats_enrichment,FALSE,https://fdp.fifa.org/assetspublic/ce281/pdf/SquadLists-English.pdf,https://inside.fifa.com/organisation/media-releases/world-cup-2026-48-squads-confirmed
Azizbek AMONOV,Uzbekistan,UZB,20,Forward,FW,FK Dinamo Samarkand (UZB),30/10/1997,181,needs_stats_enrichment,FALSE,https://fdp.fifa.org/assetspublic/ce281/pdf/SquadLists-English.pdf,https://inside.fifa.com/organisation/media-releases/world-cup-2026-48-squads-confirmed
Eldor SHOMURODOV,Uzbekistan,UZB,14,Forward,FW,Başakşehir FK (TUR),29/06/1995,190,needs_stats_enrichment,FALSE,https://fdp.fifa.org/assetspublic/ce281/pdf/SquadLists-English.pdf,https://inside.fifa.com/organisation/media-releases/world-cup-2026-48-squads-confirmed
Igor SERGEEV,Uzbekistan,UZB,21,Forward,FW,Persepolis FC (IRN),30/04/1993,185,needs_stats_enrichment,FALSE,https://fdp.fifa.org/assetspublic/ce281/pdf/SquadLists-English.pdf,https://inside.fifa.com/organisation/media-releases/world-cup-2026-48-squads-confirmed
Abbosbek FAYZULLAEV,Uzbekistan,UZB,22,Midfielder,MF,Başakşehir FK (TUR),03/10/2003,167,needs_stats_enrichment,FALSE,https://fdp.fifa.org/assetspublic/ce281/pdf/SquadLists-English.pdf,https://inside.fifa.com/organisation/media-releases/world-cup-2026-48-squads-confirmed
Akmal MOZGOVOY,Uzbekistan,UZB,6,Midfielder,MF,Pakhtakor Tashkent FK (UZB),02/04/1999,180,needs_stats_enrichment,FALSE,https://fdp.fifa.org/assetspublic/ce281/pdf/SquadLists-English.pdf,https://inside.fifa.com/organisation/media-releases/world-cup-2026-48-squads-confirmed
Azizjon GANIEV,Uzbekistan,UZB,19,Midfielder,MF,Al Bataeh Club (UAE),22/02/1998,178,needs_stats_enrichment,FALSE,https://fdp.fifa.org/assetspublic/ce281/pdf/SquadLists-English.pdf,https://inside.fifa.com/organisation/media-releases/world-cup-2026-48-squads-confirmed
Dostonbek KHAMDAMOV,Uzbekistan,UZB,17,Midfielder,MF,Pakhtakor Tashkent FK (UZB),24/07/1996,178,needs_stats_enrichment,FALSE,https://fdp.fifa.org/assetspublic/ce281/pdf/SquadLists-English.pdf,https://inside.fifa.com/organisation/media-releases/world-cup-2026-48-squads-confirmed
Jaloliddin MASHARIPOV,Uzbekistan,UZB,10,Midfielder,MF,Esteghlal Tehran FC (IRN),01/09/1993,174,needs_stats_enrichment,FALSE,https://fdp.fifa.org/assetspublic/ce281/pdf/SquadLists-English.pdf,https://inside.fifa.com/organisation/media-releases/world-cup-2026-48-squads-confirmed
Jamshid ISKANDEROV,Uzbekistan,UZB,8,Midfielder,MF,FK Neftchi Farg'ona (UZB),16/10/1993,171,needs_stats_enrichment,FALSE,https://fdp.fifa.org/assetspublic/ce281/pdf/SquadLists-English.pdf,https://inside.fifa.com/organisation/media-releases/world-cup-2026-48-squads-confirmed
Odiljon XAMROBEKOV,Uzbekistan,UZB,9,Midfielder,MF,Tractor Sazi Tabriz FC (IRN),13/02/1996,180,needs_stats_enrichment,FALSE,https://fdp.fifa.org/assetspublic/ce281/pdf/SquadLists-English.pdf,https://inside.fifa.com/organisation/media-releases/world-cup-2026-48-squads-confirmed
Oston URUNOV,Uzbekistan,UZB,11,Midfielder,MF,Persepolis FC (IRN),19/12/2000,181,needs_stats_enrichment,FALSE,https://fdp.fifa.org/assetspublic/ce281/pdf/SquadLists-English.pdf,https://inside.fifa.com/organisation/media-releases/world-cup-2026-48-squads-confirmed
Otabek SHUKUROV,Uzbekistan,UZB,7,Midfielder,MF,Baniyas Club (UAE),22/06/1996,183,needs_stats_enrichment,FALSE,https://fdp.fifa.org/assetspublic/ce281/pdf/SquadLists-English.pdf,https://inside.fifa.com/organisation/media-releases/world-cup-2026-48-squads-confirmed
Sherzod ESANOV,Uzbekistan,UZB,23,Midfielder,MF,FK Buxoro (UZB),01/02/2003,190,needs_stats_enrichment,FALSE,https://fdp.fifa.org/assetspublic/ce281/pdf/SquadLists-English.pdf,https://inside.fifa.com/organisation/media-releases/world-cup-2026-48-squads-confirmed
