player,team,club,position,verified_competition,verified_goals,verified_assists,verified_minutes,verified_attempts,verified_penalties_scored,npxg90,verified_goals90,verified_intl_goals90,shots90,expected_team_matches,expected_minutes_per_match,starter_probability,team_attack_adjustment,group_difficulty_adjustment,penalty_taker_probability,expected_team_penalties_per_match,penalty_conversion_probability,data_quality_score,source_primary,source_player_stats,source_team_context,notes,final_squad_status,source_squad_status,rate_basis,manual_review_required,last_checked_utc,team_code,squad_number,fifa_pos,fifa_player_name,fifa_first_names,fifa_last_names,fifa_name_on_shirt,dob,height_cm,scoring_ready,candidate_pool_status,source_fifa_squad
Kylian Mbappé,France,Real Madrid,Forward,UEFA Champions League 2025/26,15.0,1.0,912.0,56.0,3.0,,1.48,,5.526,5.8,83,0.96,1.16,0.96,0.85,0.18,0.8,0.92,https://www.uefa.com/uefachampionsleague/clubs/players/250076574--kylian-mbappe/statistics/,https://www.uefa.com/uefachampionsleague/clubs/players/250076574--kylian-mbappe/statistics/,https://www.fifa.com/en/tournaments/mens/worldcup/canadamexicousa2026/articles/group-i-focus-teams-fixtures-standings,"UEFA player page gives matches, minutes, goals, attempts, assists and penalties scored. Team-match and adjustment fields are model assumptions.",Official FIFA final squad — merged with scoring seed row,https://www.reuters.com/sports/soccer/world-cup-group-lineups-2026-04-01/,official_uefa_minutes,False,2026-06-09,FRA,10,FW,MBAPPE Kylian,Kylian,MBAPPE LOTTIN,MBAPPE,20/12/1998,180,TRUE,scoring_ready_seed,https://fdp.fifa.org/assetspublic/ce281/pdf/SquadLists-English.pdf
Vinícius Júnior,Brazil,Real Madrid,Forward/Winger,LaLiga 2025/26,16.0,5.0,2825.0,75.0,4.0,,0.51,,2.389,5.4,80,0.9,1.1,1.03,0.25,0.17,0.78,0.9,https://www.laliga.com/en-GB/player/vini-jr,https://www.laliga.com/en-GB/player/vini-jr,https://www.fifa.com/en/tournaments/mens/worldcup/canadamexicousa2026/articles/group-c-focus-teams-fixtures-standings,"LaLiga player page gives goals, assists, shots, minutes, matches and penalties field. Brazil penalty hierarchy must be verified.",Official FIFA final squad — merged with scoring seed row,https://www.reuters.com/sports/soccer/world-cup-group-lineups-2026-04-01/,official_laliga_minutes,False,2026-06-09,BRA,7,FW,VINICIUS JUNIOR,Vinicius José,PAIXÃO DE OLIVEIRA JÚNIOR,VINI JR.,12/07/2000,176,TRUE,scoring_ready_seed,https://fdp.fifa.org/assetspublic/ce281/pdf/SquadLists-English.pdf
Lamine Yamal,Spain,FC Barcelona,Forward/Winger,LaLiga 2025/26,16.0,11.0,2268.0,85.0,3.0,,0.635,,3.373,5.7,78,0.9,1.14,1.03,0.12,0.17,0.78,0.9,https://www.laliga.com/en-GB/player/lamine-yamal,https://www.laliga.com/en-GB/player/lamine-yamal,https://www.fifa.com/en/tournaments/mens/worldcup/canadamexicousa2026/articles/group-h-focus-teams-fixtures-standings,"LaLiga player page gives goals, assists, shots, minutes, matches and penalties field. Penalty field is kept as source value but World Cup penalty-taker probability is low by assumption.",Official FIFA final squad — merged with scoring seed row,https://www.reuters.com/sports/soccer/world-cup-group-lineups-2026-04-01/,official_laliga_minutes,False,2026-06-09,ESP,19,FW,YAMAL Lamine,Lamine Yamal,NASRAOUI EBANA,LAMINE YAMAL,13/07/2007,183,TRUE,scoring_ready_seed,https://fdp.fifa.org/assetspublic/ce281/pdf/SquadLists-English.pdf
Lionel Messi,Argentina,Inter Miami CF,Forward/Midfielder,MLS 2026,12.0,8.0,1243.0,85.0,,,0.869,,6.154,5.6,76,0.86,1.13,1.05,0.72,0.18,0.78,0.88,https://www.intermiamicf.com/players/lionel-messi/stats/,https://www.mlssoccer.com/players/lionel-messi/stats/,https://www.fifa.com/en/articles/group-j-focus-teams-fixtures-standings,"Inter Miami/MLS stats page gives 2026 matches, starts, minutes, goals, assists and shots. Penalty responsibility is a model assumption.",Official FIFA final squad — merged with scoring seed row,https://www.mlssoccer.com/news/inter-miami-s-lionel-messi-rodrigo-de-paul-make-argentina-roster-for-2026-world-cup,official_mls_minutes,False,2026-06-09,ARG,10,FW,MESSI Lionel,Lionel Andrés,MESSI,MESSI,24/06/1987,170,TRUE,scoring_ready_seed,https://fdp.fifa.org/assetspublic/ce281/pdf/SquadLists-English.pdf
Erling Haaland,Norway,Manchester City,Forward,Premier League 2025/26,27.0,8.0,2958.0,,,,0.822,,,3.8,88,0.98,0.98,0.95,0.88,0.15,0.82,0.84,https://www.premierleague.com/en/news/4591856/haaland-wins-202526-premier-league-golden-boot-award,https://www.fotmob.com/players/737066/erling-haaland,https://www.fifa.com/en/tournaments/mens/worldcup/canadamexicousa2026/articles/group-i-focus-teams-fixtures-standings,"Premier League official source confirms 27 goals; FotMob supplies minutes/assists. Treat minutes as third-party verified, not league-official.",Official FIFA final squad — merged with scoring seed row,https://www.reuters.com/sports/soccer/world-cup-group-lineups-2026-04-01/,official_goals_plus_fotmob_minutes,True,2026-06-09,NOR,9,FW,HAALAND Erling,Erling Braut,HAALAND,BRAUT HAALAND,21/07/2000,195,TRUE,scoring_ready_seed,https://fdp.fifa.org/assetspublic/ce281/pdf/SquadLists-English.pdf
Cristiano Ronaldo,Portugal,Al Nassr,Forward,Saudi Pro League 2025/26,28.0,2.0,2610.0,,,,0.966,,,5.5,78,0.86,1.11,1.03,0.88,0.18,0.8,0.82,https://www.spl.com.sa/en/players/80466/cristiano-ronaldo,https://www.fotmob.com/players/30893/cristiano-ronaldo,https://www.fifa.com/en/tournaments/mens/worldcup/canadamexicousa2026/articles/group-k-focus-teams-fixtures-standings,Saudi Pro League official page gives appearances/goals/assists; FotMob supplies minutes. Treat minutes as third-party verified.,Official FIFA final squad — merged with scoring seed row,https://www.reuters.com/sports/soccer/world-cup-group-lineups-2026-04-01/,official_goals_plus_fotmob_minutes,True,2026-06-09,POR,7,FW,CRISTIANO RONALDO,Cristiano Ronaldo,DOS SANTOS AVEIRO,RONALDO,05/02/1985,185,TRUE,scoring_ready_seed,https://fdp.fifa.org/assetspublic/ce281/pdf/SquadLists-English.pdf
Mikel Oyarzabal,Spain,Real Sociedad,Forward,LaLiga 2025/26,15.0,4.0,2714.0,,,,0.497,0.46,,5.5,74,0.82,1.14,1.03,0.42,0.17,0.8,0.77,https://www.fotmob.com/players/678234/mikel-oyarzabal,https://www.fotmob.com/players/678234/mikel-oyarzabal,https://www.fifa.com/en/tournaments/mens/worldcup/canadamexicousa2026/articles/group-h-focus-teams-fixtures-standings,FotMob supplies domestic goals/assists/minutes. Intl goals90 is approximate from public reporting and should be replaced with a federation/FIFA export.,Official FIFA final squad — merged with scoring seed row,https://www.reuters.com/sports/soccer/world-cup-group-lineups-2026-04-01/,fotmob_minutes_plus_provisional_intl_rate,True,2026-06-09,ESP,21,FW,OYARZABAL Mikel,Mikel,OYARZABAL UGARTE,OYARZABAL,21/04/1997,181,TRUE,scoring_ready_seed,https://fdp.fifa.org/assetspublic/ce281/pdf/SquadLists-English.pdf
Ferran Torres,Spain,FC Barcelona,Forward,LaLiga 2025/26,16.0,2.0,1976.0,37.0,,,0.729,,1.685,5.3,65,0.65,1.14,1.03,0.2,0.17,0.78,0.74,https://www.laliga.com/en-GB/leaderboard,https://www.fotmob.com/players/881771/ferran-torres,https://www.fifa.com/en/tournaments/mens/worldcup/canadamexicousa2026/articles/group-h-focus-teams-fixtures-standings,LaLiga leaderboard confirms 16 league goals and 37 shots; FotMob supplies minutes/assists. Starter probability deliberately discounted.,Official FIFA final squad — merged with scoring seed row,https://www.reuters.com/sports/soccer/world-cup-group-lineups-2026-04-01/,laliga_leaderboard_plus_fotmob_minutes,True,2026-06-09,ESP,7,FW,TORRES Ferran,Ferran,TORRES GARCÍA,FERRAN,29/02/2000,183,TRUE,scoring_ready_seed,https://fdp.fifa.org/assetspublic/ce281/pdf/SquadLists-English.pdf
Julián Álvarez,Argentina,Atlético Madrid,Forward,LaLiga 2025/26,8.0,4.0,1902.0,,,,0.379,,,5.1,72,0.72,1.13,1.05,0.22,0.18,0.78,0.72,https://www.uefa.com/uefachampionsleague/news/029d-1ec1670159ea-2d1882e6a430-1000--champions-league-top-scorer-kylian-mbappe/,https://www.fotmob.com/players/974753/julian-alvarez,https://www.fifa.com/en/articles/group-j-focus-teams-fixtures-standings,UEFA article confirms 10 Champions League goals; row uses LaLiga FotMob minutes/goals for per-90. Verify Argentina role: Messi/Lautaro may affect minutes/penalties.,Official FIFA final squad — merged with scoring seed row,https://www.reuters.com/sports/soccer/world-cup-group-lineups-2026-04-01/,fotmob_domestic_minutes_with_uefa_secondary_context,True,2026-06-09,ARG,9,FW,ALVAREZ Julian,Julián,ÁLVAREZ,J. ALVAREZ,31/01/2000,170,TRUE,scoring_ready_seed,https://fdp.fifa.org/assetspublic/ce281/pdf/SquadLists-English.pdf
Lautaro Martínez,Argentina,Inter Milan,Forward,Serie A 2025/26,17.0,6.0,,,,0.73,,0.71,,5.0,74,0.76,1.13,1.05,0.28,0.18,0.79,0.7,https://www.inter.it/en/news/lautaro-martinez-best-striker-serie-a-2025-26,https://footystats.org/players/argentina/lautaro-martinez,https://www.fifa.com/en/articles/group-j-focus-teams-fixtures-standings,Inter confirms 17 league goals and six assists in its article; FootyStats supplies npxG90/goals90. Replace with Opta/FBref/league export for publication.,Official FIFA final squad — merged with scoring seed row,https://www.reuters.com/sports/soccer/world-cup-group-lineups-2026-04-01/,club_article_plus_footystats_rate,True,2026-06-09,ARG,22,FW,MARTINEZ Lautaro,Lautaro Javier,MARTÍNEZ,L. MARTINEZ,22/08/1997,175,TRUE,scoring_ready_seed,https://fdp.fifa.org/assetspublic/ce281/pdf/SquadLists-English.pdf
Raphinha,Brazil,FC Barcelona,Forward/Winger,LaLiga 2025/26,13.0,3.0,1388.0,,,,0.843,,,4.8,69,0.7,1.1,1.03,0.2,0.17,0.78,0.7,https://www.fotmob.com/players/696679/raphinha,https://www.fotmob.com/players/696679/raphinha,https://www.fifa.com/en/tournaments/mens/worldcup/canadamexicousa2026/articles/group-c-focus-teams-fixtures-standings,FotMob supplies goals/assists/minutes. Verify with LaLiga/FIFA squad data before publishing.,Official FIFA final squad — merged with scoring seed row,https://www.reuters.com/sports/soccer/world-cup-group-lineups-2026-04-01/,fotmob_minutes,True,2026-06-09,BRA,11,FW,RAPHINHA,Raphael,DIAS BELLOLI,RAPHINHA,14/12/1996,176,TRUE,scoring_ready_seed,https://fdp.fifa.org/assetspublic/ce281/pdf/SquadLists-English.pdf
Harry Kane,England,FC Bayern München,Forward,Bundesliga 2025/26,36.0,5.0,,113.0,10.0,,,,,5.7,82,0.95,1.12,0.98,0.9,0.18,0.84,0.82,https://www.bundesliga.com/en/player/harry-kane,https://www.bundesliga.com/en/player/harry-kane,https://www.fifa.com/en/tournaments/mens/worldcup/canadamexicousa2026/articles/group-l-focus-teams-fixtures-standings,"Bundesliga source gives goals, assists, penalties scored, shots on goal and appearances; verified_minutes left blank because source excerpt did not expose league minutes.",Official FIFA final squad — merged with scoring seed row,https://www.reuters.com/sports/soccer/world-cup-group-lineups-2026-04-01/,official_goals_no_minutes,True,2026-06-09,ENG,9,FW,KANE Harry,Harry Edward,KANE,KANE,28/07/1993,190,FALSE,needs_stats_enrichment_seed,https://fdp.fifa.org/assetspublic/ce281/pdf/SquadLists-English.pdf
Ousmane Dembélé,France,Paris Saint-Germain,Forward,UEFA Champions League 2025/26,8.0,,,,,,,,,4.9,68,0.72,1.16,0.96,0.12,0.18,0.76,0.64,https://www.uefa.com/uefachampionsleague/news/029d-1ec1670159ea-2d1882e6a430-1000--champions-league-top-scorer-kylian-mbappe/,https://www.uefa.com/uefachampionsleague/news/029d-1ec1670159ea-2d1882e6a430-1000--champions-league-top-scorer-kylian-mbappe/,https://www.fifa.com/en/tournaments/mens/worldcup/canadamexicousa2026/articles/group-i-focus-teams-fixtures-standings,UEFA top-scorer article confirms eight UCL goals. Add minutes/shots from UEFA player page before publication.,Official FIFA final squad — merged with scoring seed row,https://www.reuters.com/sports/soccer/world-cup-group-lineups-2026-04-01/,uefa_goals_only,True,2026-06-09,FRA,7,FW,DEMBELE Ousmane,Masour Ousmane,DEMBELE,DEMBELE,15/05/1997,179,FALSE,needs_stats_enrichment_seed,https://fdp.fifa.org/assetspublic/ce281/pdf/SquadLists-English.pdf
Anthony Gordon,England,Newcastle United,Forward/Winger,UEFA Champions League 2025/26,10.0,,,,,,,,,4.1,58,0.45,1.12,0.98,0.05,0.18,0.76,0.58,https://www.uefa.com/uefachampionsleague/news/029d-1ec1670159ea-2d1882e6a430-1000--champions-league-top-scorer-kylian-mbappe/,https://www.uefa.com/uefachampionsleague/news/029d-1ec1670159ea-2d1882e6a430-1000--champions-league-top-scorer-kylian-mbappe/,https://www.fifa.com/en/tournaments/mens/worldcup/canadamexicousa2026/articles/group-l-focus-teams-fixtures-standings,UEFA top-scorer article confirms ten UCL goals. Starter probability low until England final role is verified.,Official FIFA final squad — merged with scoring seed row,https://www.reuters.com/sports/soccer/world-cup-group-lineups-2026-04-01/,uefa_goals_only,True,2026-06-09,ENG,18,FW,GORDON Anthony,Anthony Michael,GORDON,GORDON,24/02/2001,182,FALSE,needs_stats_enrichment_seed,https://fdp.fifa.org/assetspublic/ce281/pdf/SquadLists-English.pdf
Romelu Lukaku,Belgium,Napoli,Forward,Belgium / Napoli 2025/26 context,1.0,0.0,,,,,,,,3.8,45,0.35,1.05,1.03,0.4,0.16,0.78,0.5,https://www.reuters.com/sports/soccer/lukaku-returns-style-with-90th-goal-belgium-2026-06-02/,https://www.reuters.com/sports/soccer/belgium-coach-seeks-temper-lukaku-fever-2026-06-05/,https://www.fifa.com/en/tournaments/mens/worldcup/canadamexicousa2026/articles/group-g-focus-teams-fixtures-standings,Reuters confirms 90th Belgium goal and reports limited Napoli season. Row is heavily discounted for injuries/minutes uncertainty.,Official FIFA final squad — merged with scoring seed row,https://www.reuters.com/graphics/SOCCER-WORLDCUP/mopaoglqkpa/teams/belgium/,context_only_low_minutes,True,2026-06-09,BEL,9,FW,LUKAKU Romelu,Romelu,LUKAKU BOLINGOLI,LUKAKU,13/05/1993,190,FALSE,needs_stats_enrichment_seed,https://fdp.fifa.org/assetspublic/ce281/pdf/SquadLists-English.pdf
Jonathan David,Canada,Juventus,Forward,Manual row — verify,,,,,,,,,,3.7,76,0.9,0.98,1.02,0.55,0.16,0.78,0.45,https://www.reuters.com/sports/soccer/world-cup-group-lineups-2026-04-01/,https://www.transfermarkt.com/jonathan-david/profil/spieler/533738,https://www.fifa.com/en/tournaments/mens/worldcup/canadamexicousa2026/articles/group-b-preview-stats-fixtures,Candidate placeholder for Canada. Fill Juventus/club minutes/goals/shots and Canada penalty role before publication.,Official FIFA final squad — merged with scoring seed row,https://www.reuters.com/sports/soccer/world-cup-group-lineups-2026-04-01/,placeholder_no_player_stats,True,2026-06-09,CAN,10,FW,DAVID Jonathan,Jonathan Christian,DAVID,J. DAVID,14/01/2000,175,FALSE,needs_stats_enrichment_seed,https://fdp.fifa.org/assetspublic/ce281/pdf/SquadLists-English.pdf
Mohamed Salah,Egypt,Liverpool,Forward/Winger,Manual row — verify,,,,,,,,,,4.2,82,0.95,1.02,1.03,0.7,0.16,0.79,0.45,https://www.reuters.com/sports/soccer/world-cup-group-lineups-2026-04-01/,https://www.premierleague.com/en/stats/player-comparison,https://www.fifa.com/en/tournaments/mens/worldcup/canadamexicousa2026/articles/group-g-focus-teams-fixtures-standings,Candidate placeholder for Egypt. Fill Liverpool 2025/26 minutes/goals/shots and Egypt penalty role before publication.,Official FIFA final squad — merged with scoring seed row,https://www.reuters.com/sports/soccer/world-cup-group-lineups-2026-04-01/,placeholder_no_player_stats,True,2026-06-09,EGY,10,FW,MOHAMED SALAH,Mohamed Salah Hamed Mahrous,GHALY,M. SALAH,15/06/1992,175,FALSE,needs_stats_enrichment_seed,https://fdp.fifa.org/assetspublic/ce281/pdf/SquadLists-English.pdf
Kai Havertz,Germany,Arsenal,Forward/Midfielder,Manual row — verify,,,,,,,,,,4.8,70,0.7,1.09,1.02,0.25,0.17,0.78,0.45,https://www.fifa.com/en/tournaments/mens/worldcup/canadamexicousa2026/articles/group-e-focus-teams-fixtures-standings,https://www.premierleague.com/en/stats/player-comparison,https://www.fifa.com/en/tournaments/mens/worldcup/canadamexicousa2026/articles/group-e-focus-teams-fixtures-standings,Candidate placeholder for Germany. Fill club minutes/goals/shots from Premier League/FBref/FotMob before publication.,Official FIFA final squad — merged with scoring seed row,https://www.reuters.com/sports/soccer/world-cup-group-lineups-2026-04-01/,placeholder_no_player_stats,True,2026-06-09,GER,7,FW,HAVERTZ Kai,Kai Lukas,HAVERTZ,HAVERTZ,11/06/1999,190,FALSE,needs_stats_enrichment_seed,https://fdp.fifa.org/assetspublic/ce281/pdf/SquadLists-English.pdf
Cody Gakpo,Netherlands,Liverpool,Forward/Winger,Manual row — verify,,,,,,,,,,4.5,68,0.7,1.06,1.0,0.1,0.16,0.78,0.45,https://www.reuters.com/sports/soccer/world-cup-group-lineups-2026-04-01/,https://www.premierleague.com/en/stats/player-comparison,https://www.fifa.com/en/tournaments/mens/worldcup/canadamexicousa2026/articles/group-f-focus-teams-fixtures-standings,Candidate placeholder for Netherlands. Fill Liverpool 2025/26 data before publication.,Official FIFA final squad — merged with scoring seed row,https://www.reuters.com/sports/soccer/world-cup-group-lineups-2026-04-01/,placeholder_no_player_stats,True,2026-06-09,NED,11,FW,GAKPO Cody,Cody Mathès,GAKPO,GAKPO,07/05/1999,193,FALSE,needs_stats_enrichment_seed,https://fdp.fifa.org/assetspublic/ce281/pdf/SquadLists-English.pdf
Alexander Isak,Sweden,Newcastle United,Forward,Manual row — verify,,,,,,,,,,4.3,78,0.88,1.02,1.0,0.45,0.16,0.79,0.45,https://www.reuters.com/sports/soccer/world-cup-group-lineups-2026-04-01/,https://www.premierleague.com/en/stats/player-comparison,https://www.fifa.com/en/tournaments/mens/worldcup/canadamexicousa2026/articles/group-f-focus-teams-fixtures-standings,Candidate placeholder for Sweden. Fill Newcastle/club minutes/goals/shots and Sweden penalty role before publication.,Official FIFA final squad — merged with scoring seed row,https://www.reuters.com/sports/soccer/world-cup-group-lineups-2026-04-01/,placeholder_no_player_stats,True,2026-06-09,SWE,9,FW,ISAK Alexander,Alexander,ISAK,ISAK,21/09/1999,190,FALSE,needs_stats_enrichment_seed,https://fdp.fifa.org/assetspublic/ce281/pdf/SquadLists-English.pdf
Viktor Gyökeres,Sweden,Sporting CP,Forward,Manual row — verify,,,,,,,,,,4.3,80,0.86,1.02,1.0,0.55,0.16,0.79,0.45,https://www.reuters.com/sports/soccer/world-cup-group-lineups-2026-04-01/,https://www.uefa.com/,https://www.fifa.com/en/tournaments/mens/worldcup/canadamexicousa2026/articles/group-f-focus-teams-fixtures-standings,"Candidate placeholder for Sweden. Fill Sporting/UEFA/league minutes, goals, shots and penalties before publication.",Official FIFA final squad — merged with scoring seed row,https://www.reuters.com/sports/soccer/world-cup-group-lineups-2026-04-01/,placeholder_no_player_stats,True,2026-06-09,SWE,17,FW,GYOKERES Viktor,Viktor Einar,GYÖKERES,GYÖKERES,04/06/1998,189,FALSE,needs_stats_enrichment_seed,https://fdp.fifa.org/assetspublic/ce281/pdf/SquadLists-English.pdf
Adil BOULBINA,Algeria,Al Duhail SC (QAT),Forward,,,,,,,,,,,3.2,55,0.35,1.0,1.0,0.05,0.15,0.78,0.35,https://fdp.fifa.org/assetspublic/ce281/pdf/SquadLists-English.pdf,,https://www.fifa.com/en/tournaments/mens/worldcup/canadamexicousa2026/articles/match-schedule-fixtures-results-teams-stadiums,Official FIFA final squad candidate pool row. Add homogeneous player-stat source before scoring.,Official FIFA final squad — FW/MF candidate pool,https://inside.fifa.com/organisation/media-releases/world-cup-2026-48-squads-confirmed,candidate_pool_no_player_stats_yet,TRUE,2026-06-09,ALG,20,FW,BOULBINA Adil,Adil,BOULBINA,BOULBINA,02/05/2003,183,FALSE,needs_stats_enrichment,https://fdp.fifa.org/assetspublic/ce281/pdf/SquadLists-English.pdf
Ahmed Nadhir BENBOUALI,Algeria,Györi ETO FC (HUN),Forward,,,,,,,,,,,3.2,55,0.35,1.0,1.0,0.05,0.15,0.78,0.35,https://fdp.fifa.org/assetspublic/ce281/pdf/SquadLists-English.pdf,,https://www.fifa.com/en/tournaments/mens/worldcup/canadamexicousa2026/articles/match-schedule-fixtures-results-teams-stadiums,Official FIFA final squad candidate pool row. Add homogeneous player-stat source before scoring.,Official FIFA final squad — FW/MF candidate pool,https://inside.fifa.com/organisation/media-releases/world-cup-2026-48-squads-confirmed,candidate_pool_no_player_stats_yet,TRUE,2026-06-09,ALG,12,FW,BENBOUALI Nadhir,Ahmed Nadhir,BENBOUALI,BENBOUALI,17/04/2000,190,FALSE,needs_stats_enrichment,https://fdp.fifa.org/assetspublic/ce281/pdf/SquadLists-English.pdf
Amine Ferid GHOUIRI,Algeria,Olympique Marseille (FRA),Forward,,,,,,,,,,,3.2,55,0.35,1.0,1.0,0.05,0.15,0.78,0.35,https://fdp.fifa.org/assetspublic/ce281/pdf/SquadLists-English.pdf,,https://www.fifa.com/en/tournaments/mens/worldcup/canadamexicousa2026/articles/match-schedule-fixtures-results-teams-stadiums,Official FIFA final squad candidate pool row. Add homogeneous player-stat source before scoring.,Official FIFA final squad — FW/MF candidate pool,https://inside.fifa.com/organisation/media-releases/world-cup-2026-48-squads-confirmed,candidate_pool_no_player_stats_yet,TRUE,2026-06-09,ALG,9,FW,GOUIRI Amine,Amine Ferid,GHOUIRI,GOUIRI,16/02/2000,180,FALSE,needs_stats_enrichment,https://fdp.fifa.org/assetspublic/ce281/pdf/SquadLists-English.pdf
Anis HADJ MOUSSA,Algeria,Feyenoord Rotterdam (NED),Forward,,,,,,,,,,,3.2,55,0.35,1.0,1.0,0.05,0.15,0.78,0.35,https://fdp.fifa.org/assetspublic/ce281/pdf/SquadLists-English.pdf,,https://www.fifa.com/en/tournaments/mens/worldcup/canadamexicousa2026/articles/match-schedule-fixtures-results-teams-stadiums,Official FIFA final squad candidate pool row. Add homogeneous player-stat source before scoring.,Official FIFA final squad — FW/MF candidate pool,https://inside.fifa.com/organisation/media-releases/world-cup-2026-48-squads-confirmed,candidate_pool_no_player_stats_yet,TRUE,2026-06-09,ALG,11,FW,HADJ MOUSSA Anis,Anis,HADJ MOUSSA,HADJ MOUSSA,11/02/2002,176,FALSE,needs_stats_enrichment,https://fdp.fifa.org/assetspublic/ce281/pdf/SquadLists-English.pdf
Fares GHEDJEMIS,Algeria,Frosinone (ITA),Forward,,,,,,,,,,,3.2,55,0.35,1.0,1.0,0.05,0.15,0.78,0.35,https://fdp.fifa.org/assetspublic/ce281/pdf/SquadLists-English.pdf,,https://www.fifa.com/en/tournaments/mens/worldcup/canadamexicousa2026/articles/match-schedule-fixtures-results-teams-stadiums,Official FIFA final squad candidate pool row. Add homogeneous player-stat source before scoring.,Official FIFA final squad — FW/MF candidate pool,https://inside.fifa.com/organisation/media-releases/world-cup-2026-48-squads-confirmed,candidate_pool_no_player_stats_yet,TRUE,2026-06-09,ALG,25,FW,GHEDJEMIS Fares,Fares,GHEDJEMIS,GHEDJEMIS,06/09/2002,183,FALSE,needs_stats_enrichment,https://fdp.fifa.org/assetspublic/ce281/pdf/SquadLists-English.pdf
Mohammed Elamine AMOURA,Algeria,VfL Wolfsburg (GER),Forward,,,,,,,,,,,3.2,55,0.35,1.0,1.0,0.05,0.15,0.78,0.35,https://fdp.fifa.org/assetspublic/ce281/pdf/SquadLists-English.pdf,,https://www.fifa.com/en/tournaments/mens/worldcup/canadamexicousa2026/articles/match-schedule-fixtures-results-teams-stadiums,Official FIFA final squad candidate pool row. Add homogeneous player-stat source before scoring.,Official FIFA final squad — FW/MF candidate pool,https://inside.fifa.com/organisation/media-releases/world-cup-2026-48-squads-confirmed,candidate_pool_no_player_stats_yet,TRUE,2026-06-09,ALG,18,FW,AMOURA Mohamed,Mohammed Elamine,AMOURA,AMOURA,09/05/2000,170,FALSE,needs_stats_enrichment,https://fdp.fifa.org/assetspublic/ce281/pdf/SquadLists-English.pdf
Riyad Karim MAHREZ,Algeria,Al Ahli FC (KSA),Forward,,,,,,,,,,,3.2,55,0.35,1.0,1.0,0.05,0.15,0.78,0.35,https://fdp.fifa.org/assetspublic/ce281/pdf/SquadLists-English.pdf,,https://www.fifa.com/en/tournaments/mens/worldcup/canadamexicousa2026/articles/match-schedule-fixtures-results-teams-stadiums,Official FIFA final squad candidate pool row. Add homogeneous player-stat source before scoring.,Official FIFA final squad — FW/MF candidate pool,https://inside.fifa.com/organisation/media-releases/world-cup-2026-48-squads-confirmed,candidate_pool_no_player_stats_yet,TRUE,2026-06-09,ALG,7,FW,MAHREZ Riyad,Riyad Karim,MAHREZ,MAHREZ,21/02/1991,179,FALSE,needs_stats_enrichment,https://fdp.fifa.org/assetspublic/ce281/pdf/SquadLists-English.pdf
Fares CHAIBI,Algeria,Eintracht Frankfurt (GER),Midfielder,,,,,,,,,,,3.2,55,0.35,1.0,1.0,0.05,0.15,0.78,0.35,https://fdp.fifa.org/assetspublic/ce281/pdf/SquadLists-English.pdf,,https://www.fifa.com/en/tournaments/mens/worldcup/canadamexicousa2026/articles/match-schedule-fixtures-results-teams-stadiums,Official FIFA final squad candidate pool row. Add homogeneous player-stat source before scoring.,Official FIFA final squad — FW/MF candidate pool,https://inside.fifa.com/organisation/media-releases/world-cup-2026-48-squads-confirmed,candidate_pool_no_player_stats_yet,TRUE,2026-06-09,ALG,10,MF,CHAIBI Fares,Fares,CHAIBI,CHAIBI,28/11/2002,183,FALSE,needs_stats_enrichment,https://fdp.fifa.org/assetspublic/ce281/pdf/SquadLists-English.pdf
Hicham BOUDAOUI,Algeria,OGC Nice (FRA),Midfielder,,,,,,,,,,,3.2,55,0.35,1.0,1.0,0.05,0.15,0.78,0.35,https://fdp.fifa.org/assetspublic/ce281/pdf/SquadLists-English.pdf,,https://www.fifa.com/en/tournaments/mens/worldcup/canadamexicousa2026/articles/match-schedule-fixtures-results-teams-stadiums,Official FIFA final squad candidate pool row. Add homogeneous player-stat source before scoring.,Official FIFA final squad — FW/MF candidate pool,https://inside.fifa.com/organisation/media-releases/world-cup-2026-48-squads-confirmed,candidate_pool_no_player_stats_yet,TRUE,2026-06-09,ALG,14,MF,BOUDAOUI Hicham,Hicham,BOUDAOUI,BOUDAOUI,23/09/1999,175,FALSE,needs_stats_enrichment,https://fdp.fifa.org/assetspublic/ce281/pdf/SquadLists-English.pdf
Houssem-Eddine Chaabane AOUAR,Algeria,Al Ittihad (KSA),Midfielder,,,,,,,,,,,3.2,55,0.35,1.0,1.0,0.05,0.15,0.78,0.35,https://fdp.fifa.org/assetspublic/ce281/pdf/SquadLists-English.pdf,,https://www.fifa.com/en/tournaments/mens/worldcup/canadamexicousa2026/articles/match-schedule-fixtures-results-teams-stadiums,Official FIFA final squad candidate pool row. Add homogeneous player-stat source before scoring.,Official FIFA final squad — FW/MF candidate pool,https://inside.fifa.com/organisation/media-releases/world-cup-2026-48-squads-confirmed,candidate_pool_no_player_stats_yet,TRUE,2026-06-09,ALG,8,MF,AOUAR Houssem,Houssem-Eddine Chaabane,AOUAR,AOUAR,30/06/1998,175,FALSE,needs_stats_enrichment,https://fdp.fifa.org/assetspublic/ce281/pdf/SquadLists-English.pdf
Ibrahim MAZA,Algeria,Bayer 04 Leverkusen (GER),Midfielder,,,,,,,,,,,3.2,55,0.35,1.0,1.0,0.05,0.15,0.78,0.35,https://fdp.fifa.org/assetspublic/ce281/pdf/SquadLists-English.pdf,,https://www.fifa.com/en/tournaments/mens/worldcup/canadamexicousa2026/articles/match-schedule-fixtures-results-teams-stadiums,Official FIFA final squad candidate pool row. Add homogeneous player-stat source before scoring.,Official FIFA final squad — FW/MF candidate pool,https://inside.fifa.com/organisation/media-releases/world-cup-2026-48-squads-confirmed,candidate_pool_no_player_stats_yet,TRUE,2026-06-09,ALG,22,MF,MAZA Ibrahim,Ibrahim,MAZA,MAZA,24/11/2005,180,FALSE,needs_stats_enrichment,https://fdp.fifa.org/assetspublic/ce281/pdf/SquadLists-English.pdf
Nabil BENTALEB,Algeria,Lille OSC (FRA),Midfielder,,,,,,,,,,,3.2,55,0.35,1.0,1.0,0.05,0.15,0.78,0.35,https://fdp.fifa.org/assetspublic/ce281/pdf/SquadLists-English.pdf,,https://www.fifa.com/en/tournaments/mens/worldcup/canadamexicousa2026/articles/match-schedule-fixtures-results-teams-stadiums,Official FIFA final squad candidate pool row. Add homogeneous player-stat source before scoring.,Official FIFA final squad — FW/MF candidate pool,https://inside.fifa.com/organisation/media-releases/world-cup-2026-48-squads-confirmed,candidate_pool_no_player_stats_yet,TRUE,2026-06-09,ALG,19,MF,BENTALEB Nabil,Nabil,BENTALEB,BENTALEB,24/11/1994,189,FALSE,needs_stats_enrichment,https://fdp.fifa.org/assetspublic/ce281/pdf/SquadLists-English.pdf
Ramiz Larbi ZERROUKI,Algeria,FC Twente (NED),Midfielder,,,,,,,,,,,3.2,55,0.35,1.0,1.0,0.05,0.15,0.78,0.35,https://fdp.fifa.org/assetspublic/ce281/pdf/SquadLists-English.pdf,,https://www.fifa.com/en/tournaments/mens/worldcup/canadamexicousa2026/articles/match-schedule-fixtures-results-teams-stadiums,Official FIFA final squad candidate pool row. Add homogeneous player-stat source before scoring.,Official FIFA final squad — FW/MF candidate pool,https://inside.fifa.com/organisation/media-releases/world-cup-2026-48-squads-confirmed,candidate_pool_no_player_stats_yet,TRUE,2026-06-09,ALG,6,MF,ZERROUKI Ramiz,Ramiz Larbi,ZERROUKI,ZERROUKI,26/05/1998,183,FALSE,needs_stats_enrichment,https://fdp.fifa.org/assetspublic/ce281/pdf/SquadLists-English.pdf
Yassine M E G TITRAOUI,Algeria,Sporting Charleroi (BEL),Midfielder,,,,,,,,,,,3.2,55,0.35,1.0,1.0,0.05,0.15,0.78,0.35,https://fdp.fifa.org/assetspublic/ce281/pdf/SquadLists-English.pdf,,https://www.fifa.com/en/tournaments/mens/worldcup/canadamexicousa2026/articles/match-schedule-fixtures-results-teams-stadiums,Official FIFA final squad candidate pool row. Add homogeneous player-stat source before scoring.,Official FIFA final squad — FW/MF candidate pool,https://inside.fifa.com/organisation/media-releases/world-cup-2026-48-squads-confirmed,candidate_pool_no_player_stats_yet,TRUE,2026-06-09,ALG,24,MF,TITRAOUI Yassine,Yassine M E G,TITRAOUI,TITRAOUI,26/07/2003,180,FALSE,needs_stats_enrichment,https://fdp.fifa.org/assetspublic/ce281/pdf/SquadLists-English.pdf
Giuliano SIMEONE,Argentina,Atlético De Madrid (ESP),Forward,,,,,,,,,,,5.1,55,0.35,1.13,1.05,0.05,0.18,0.78,0.35,https://fdp.fifa.org/assetspublic/ce281/pdf/SquadLists-English.pdf,,https://www.fifa.com/en/tournaments/mens/worldcup/canadamexicousa2026/articles/match-schedule-fixtures-results-teams-stadiums,Official FIFA final squad candidate pool row. Add homogeneous player-stat source before scoring.,Official FIFA final squad — FW/MF candidate pool,https://inside.fifa.com/organisation/media-releases/world-cup-2026-48-squads-confirmed,candidate_pool_no_player_stats_yet,TRUE,2026-06-09,ARG,17,FW,SIMEONE Giuliano,Giuliano,SIMEONE,SIMEONE,18/12/2002,174,FALSE,needs_stats_enrichment,https://fdp.fifa.org/assetspublic/ce281/pdf/SquadLists-English.pdf
Jose Manuel Alberto LOPEZ,Argentina,SE Palmeiras (BRA),Forward,,,,,,,,,,,5.1,55,0.35,1.13,1.05,0.05,0.18,0.78,0.35,https://fdp.fifa.org/assetspublic/ce281/pdf/SquadLists-English.pdf,,https://www.fifa.com/en/tournaments/mens/worldcup/canadamexicousa2026/articles/match-schedule-fixtures-results-teams-stadiums,Official FIFA final squad candidate pool row. Add homogeneous player-stat source before scoring.,Official FIFA final squad — FW/MF candidate pool,https://inside.fifa.com/organisation/media-releases/world-cup-2026-48-squads-confirmed,candidate_pool_no_player_stats_yet,TRUE,2026-06-09,ARG,21,FW,LOPEZ Jose Manuel,Jose Manuel Alberto,LOPEZ,LOPEZ,06/12/2000,190,FALSE,needs_stats_enrichment,https://fdp.fifa.org/assetspublic/ce281/pdf/SquadLists-English.pdf
Nicolas PAZ MARTÍNEZ,Argentina,Como (ITA),Forward,,,,,,,,,,,5.1,55,0.35,1.13,1.05,0.05,0.18,0.78,0.35,https://fdp.fifa.org/assetspublic/ce281/pdf/SquadLists-English.pdf,,https://www.fifa.com/en/tournaments/mens/worldcup/canadamexicousa2026/articles/match-schedule-fixtures-results-teams-stadiums,Official FIFA final squad candidate pool row. Add homogeneous player-stat source before scoring.,Official FIFA final squad — FW/MF candidate pool,https://inside.fifa.com/organisation/media-releases/world-cup-2026-48-squads-confirmed,candidate_pool_no_player_stats_yet,TRUE,2026-06-09,ARG,18,FW,PAZ Nico,Nicolas,PAZ MARTÍNEZ,NICO PAZ,08/09/2004,185,FALSE,needs_stats_enrichment,https://fdp.fifa.org/assetspublic/ce281/pdf/SquadLists-English.pdf
Thiago Ezequiel ALMADA,Argentina,Atlético De Madrid (ESP),Forward,,,,,,,,,,,5.1,55,0.35,1.13,1.05,0.05,0.18,0.78,0.35,https://fdp.fifa.org/assetspublic/ce281/pdf/SquadLists-English.pdf,,https://www.fifa.com/en/tournaments/mens/worldcup/canadamexicousa2026/articles/match-schedule-fixtures-results-teams-stadiums,Official FIFA final squad candidate pool row. Add homogeneous player-stat source before scoring.,Official FIFA final squad — FW/MF candidate pool,https://inside.fifa.com/organisation/media-releases/world-cup-2026-48-squads-confirmed,candidate_pool_no_player_stats_yet,TRUE,2026-06-09,ARG,16,FW,ALMADA Thiago,Thiago Ezequiel,ALMADA,ALMADA,26/04/2001,171,FALSE,needs_stats_enrichment,https://fdp.fifa.org/assetspublic/ce281/pdf/SquadLists-English.pdf
Alexis MAC ALLISTER,Argentina,Liverpool FC (ENG),Midfielder,,,,,,,,,,,5.1,55,0.35,1.13,1.05,0.05,0.18,0.78,0.35,https://fdp.fifa.org/assetspublic/ce281/pdf/SquadLists-English.pdf,,https://www.fifa.com/en/tournaments/mens/worldcup/canadamexicousa2026/articles/match-schedule-fixtures-results-teams-stadiums,Official FIFA final squad candidate pool row. Add homogeneous player-stat source before scoring.,Official FIFA final squad — FW/MF candidate pool,https://inside.fifa.com/organisation/media-releases/world-cup-2026-48-squads-confirmed,candidate_pool_no_player_stats_yet,TRUE,2026-06-09,ARG,20,MF,MAC ALLISTER Alexis,Alexis,MAC ALLISTER,MAC ALLISTER,24/12/1998,176,FALSE,needs_stats_enrichment,https://fdp.fifa.org/assetspublic/ce281/pdf/SquadLists-English.pdf
Enzo Jeremías FERNÁNDEZ,Argentina,Chelsea FC (ENG),Midfielder,,,,,,,,,,,5.1,55,0.35,1.13,1.05,0.05,0.18,0.78,0.35,https://fdp.fifa.org/assetspublic/ce281/pdf/SquadLists-English.pdf,,https://www.fifa.com/en/tournaments/mens/worldcup/canadamexicousa2026/articles/match-schedule-fixtures-results-teams-stadiums,Official FIFA final squad candidate pool row. Add homogeneous player-stat source before scoring.,Official FIFA final squad — FW/MF candidate pool,https://inside.fifa.com/organisation/media-releases/world-cup-2026-48-squads-confirmed,candidate_pool_no_player_stats_yet,TRUE,2026-06-09,ARG,24,MF,FERNANDEZ Enzo,Enzo Jeremías,FERNÁNDEZ,E. FERNANDEZ,17/01/2001,178,FALSE,needs_stats_enrichment,https://fdp.fifa.org/assetspublic/ce281/pdf/SquadLists-English.pdf
Exequiel Alejandro PALACIOS,Argentina,Bayer 04 Leverkusen (GER),Midfielder,,,,,,,,,,,5.1,55,0.35,1.13,1.05,0.05,0.18,0.78,0.35,https://fdp.fifa.org/assetspublic/ce281/pdf/SquadLists-English.pdf,,https://www.fifa.com/en/tournaments/mens/worldcup/canadamexicousa2026/articles/match-schedule-fixtures-results-teams-stadiums,Official FIFA final squad candidate pool row. Add homogeneous player-stat source before scoring.,Official FIFA final squad — FW/MF candidate pool,https://inside.fifa.com/organisation/media-releases/world-cup-2026-48-squads-confirmed,candidate_pool_no_player_stats_yet,TRUE,2026-06-09,ARG,14,MF,PALACIOS Exequiel,Exequiel Alejandro,PALACIOS,PALACIOS,05/10/1998,177,FALSE,needs_stats_enrichment,https://fdp.fifa.org/assetspublic/ce281/pdf/SquadLists-English.pdf
Giovani LO CELSO,Argentina,Real Betis (ESP),Midfielder,,,,,,,,,,,5.1,55,0.35,1.13,1.05,0.05,0.18,0.78,0.35,https://fdp.fifa.org/assetspublic/ce281/pdf/SquadLists-English.pdf,,https://www.fifa.com/en/tournaments/mens/worldcup/canadamexicousa2026/articles/match-schedule-fixtures-results-teams-stadiums,Official FIFA final squad candidate pool row. Add homogeneous player-stat source before scoring.,Official FIFA final squad — FW/MF candidate pool,https://inside.fifa.com/organisation/media-releases/world-cup-2026-48-squads-confirmed,candidate_pool_no_player_stats_yet,TRUE,2026-06-09,ARG,11,MF,LO CELSO Giovani,Giovani,LO CELSO,LO CELSO,09/04/1996,177,FALSE,needs_stats_enrichment,https://fdp.fifa.org/assetspublic/ce281/pdf/SquadLists-English.pdf
Leandro Daniel PAREDES,Argentina,CA Boca Juniors (ARG),Midfielder,,,,,,,,,,,5.1,55,0.35,1.13,1.05,0.05,0.18,0.78,0.35,https://fdp.fifa.org/assetspublic/ce281/pdf/SquadLists-English.pdf,,https://www.fifa.com/en/tournaments/mens/worldcup/canadamexicousa2026/articles/match-schedule-fixtures-results-teams-stadiums,Official FIFA final squad candidate pool row. Add homogeneous player-stat source before scoring.,Official FIFA final squad — FW/MF candidate pool,https://inside.fifa.com/organisation/media-releases/world-cup-2026-48-squads-confirmed,candidate_pool_no_player_stats_yet,TRUE,2026-06-09,ARG,5,MF,PAREDES Leandro,Leandro Daniel,PAREDES,PAREDES,29/06/1994,182,FALSE,needs_stats_enrichment,https://fdp.fifa.org/assetspublic/ce281/pdf/SquadLists-English.pdf
Nicolas Ivan GONZALEZ,Argentina,Atlético De Madrid (ESP),Midfielder,,,,,,,,,,,5.1,55,0.35,1.13,1.05,0.05,0.18,0.78,0.35,https://fdp.fifa.org/assetspublic/ce281/pdf/SquadLists-English.pdf,,https://www.fifa.com/en/tournaments/mens/worldcup/canadamexicousa2026/articles/match-schedule-fixtures-results-teams-stadiums,Official FIFA final squad candidate pool row. Add homogeneous player-stat source before scoring.,Official FIFA final squad — FW/MF candidate pool,https://inside.fifa.com/organisation/media-releases/world-cup-2026-48-squads-confirmed,candidate_pool_no_player_stats_yet,TRUE,2026-06-09,ARG,15,MF,GONZALEZ Nico,Nicolas Ivan,GONZALEZ,N. GONZALEZ,06/04/1998,180,FALSE,needs_stats_enrichment,https://fdp.fifa.org/assetspublic/ce281/pdf/SquadLists-English.pdf
Rodrigo Javier DE PAUL,Argentina,Inter Miami CF (USA),Midfielder,,,,,,,,,,,5.1,55,0.35,1.13,1.05,0.05,0.18,0.78,0.35,https://fdp.fifa.org/assetspublic/ce281/pdf/SquadLists-English.pdf,,https://www.fifa.com/en/tournaments/mens/worldcup/canadamexicousa2026/articles/match-schedule-fixtures-results-teams-stadiums,Official FIFA final squad candidate pool row. Add homogeneous player-stat source before scoring.,Official FIFA final squad — FW/MF candidate pool,https://inside.fifa.com/organisation/media-releases/world-cup-2026-48-squads-confirmed,candidate_pool_no_player_stats_yet,TRUE,2026-06-09,ARG,7,MF,DE PAUL Rodrigo,Rodrigo Javier,DE PAUL,DE PAUL,24/05/1994,178,FALSE,needs_stats_enrichment,https://fdp.fifa.org/assetspublic/ce281/pdf/SquadLists-English.pdf
Valentin BARCO,Argentina,RC Strasbourg (FRA),Midfielder,,,,,,,,,,,5.1,55,0.35,1.13,1.05,0.05,0.18,0.78,0.35,https://fdp.fifa.org/assetspublic/ce281/pdf/SquadLists-English.pdf,,https://www.fifa.com/en/tournaments/mens/worldcup/canadamexicousa2026/articles/match-schedule-fixtures-results-teams-stadiums,Official FIFA final squad candidate pool row. Add homogeneous player-stat source before scoring.,Official FIFA final squad — FW/MF candidate pool,https://inside.fifa.com/organisation/media-releases/world-cup-2026-48-squads-confirmed,candidate_pool_no_player_stats_yet,TRUE,2026-06-09,ARG,8,MF,BARCO Valentin,Valentin,BARCO,BARCO,23/07/2004,172,FALSE,needs_stats_enrichment,https://fdp.fifa.org/assetspublic/ce281/pdf/SquadLists-English.pdf
Ajdin HRUSTIC,Australia,SC Heracles Almelo (NED),Forward,,,,,,,,,,,3.2,55,0.35,1.0,1.0,0.05,0.15,0.78,0.35,https://fdp.fifa.org/assetspublic/ce281/pdf/SquadLists-English.pdf,,https://www.fifa.com/en/tournaments/mens/worldcup/canadamexicousa2026/articles/match-schedule-fixtures-results-teams-stadiums,Official FIFA final squad candidate pool row. Add homogeneous player-stat source before scoring.,Official FIFA final squad — FW/MF candidate pool,https://inside.fifa.com/organisation/media-releases/world-cup-2026-48-squads-confirmed,candidate_pool_no_player_stats_yet,TRUE,2026-06-09,AUS,10,FW,HRUSTIC Ajdin,Ajdin,HRUSTIC,HRUSTIC,05/07/1996,180,FALSE,needs_stats_enrichment,https://fdp.fifa.org/assetspublic/ce281/pdf/SquadLists-English.pdf
Awer Bul MABIL,Australia,CD Castellón (ESP),Forward,,,,,,,,,,,3.2,55,0.35,1.0,1.0,0.05,0.15,0.78,0.35,https://fdp.fifa.org/assetspublic/ce281/pdf/SquadLists-English.pdf,,https://www.fifa.com/en/tournaments/mens/worldcup/canadamexicousa2026/articles/match-schedule-fixtures-results-teams-stadiums,Official FIFA final squad candidate pool row. Add homogeneous player-stat source before scoring.,Official FIFA final squad — FW/MF candidate pool,https://inside.fifa.com/organisation/media-releases/world-cup-2026-48-squads-confirmed,candidate_pool_no_player_stats_yet,TRUE,2026-06-09,AUS,11,FW,MABIL Awer,Awer Bul,MABIL,MABIL,15/09/1995,178,FALSE,needs_stats_enrichment,https://fdp.fifa.org/assetspublic/ce281/pdf/SquadLists-English.pdf
Cristian VOLPATO,Australia,US Sassuolo (ITA),Forward,,,,,,,,,,,3.2,55,0.35,1.0,1.0,0.05,0.15,0.78,0.35,https://fdp.fifa.org/assetspublic/ce281/pdf/SquadLists-English.pdf,,https://www.fifa.com/en/tournaments/mens/worldcup/canadamexicousa2026/articles/match-schedule-fixtures-results-teams-stadiums,Official FIFA final squad candidate pool row. Add homogeneous player-stat source before scoring.,Official FIFA final squad — FW/MF candidate pool,https://inside.fifa.com/organisation/media-releases/world-cup-2026-48-squads-confirmed,candidate_pool_no_player_stats_yet,TRUE,2026-06-09,AUS,20,FW,VOLPATO Cristian,Cristian,VOLPATO,VOLPATO,15/11/2003,187,FALSE,needs_stats_enrichment,https://fdp.fifa.org/assetspublic/ce281/pdf/SquadLists-English.pdf
Mathew Allan LECKIE,Australia,Melbourne City FC (AUS),Forward,,,,,,,,,,,3.2,55,0.35,1.0,1.0,0.05,0.15,0.78,0.35,https://fdp.fifa.org/assetspublic/ce281/pdf/SquadLists-English.pdf,,https://www.fifa.com/en/tournaments/mens/worldcup/canadamexicousa2026/articles/match-schedule-fixtures-results-teams-stadiums,Official FIFA final squad candidate pool row. Add homogeneous player-stat source before scoring.,Official FIFA final squad — FW/MF candidate pool,https://inside.fifa.com/organisation/media-releases/world-cup-2026-48-squads-confirmed,candidate_pool_no_player_stats_yet,TRUE,2026-06-09,AUS,7,FW,LECKIE Mathew,Mathew Allan,LECKIE,LECKIE,04/02/1991,181,FALSE,needs_stats_enrichment,https://fdp.fifa.org/assetspublic/ce281/pdf/SquadLists-English.pdf
Mohamed A TOURE,Australia,Norwich City FC (ENG),Forward,,,,,,,,,,,3.2,55,0.35,1.0,1.0,0.05,0.15,0.78,0.35,https://fdp.fifa.org/assetspublic/ce281/pdf/SquadLists-English.pdf,,https://www.fifa.com/en/tournaments/mens/worldcup/canadamexicousa2026/articles/match-schedule-fixtures-results-teams-stadiums,Official FIFA final squad candidate pool row. Add homogeneous player-stat source before scoring.,Official FIFA final squad — FW/MF candidate pool,https://inside.fifa.com/organisation/media-releases/world-cup-2026-48-squads-confirmed,candidate_pool_no_player_stats_yet,TRUE,2026-06-09,AUS,9,FW,TOURE Mohamed,Mohamed A,TOURE,TOURE,26/03/2004,186,FALSE,needs_stats_enrichment,https://fdp.fifa.org/assetspublic/ce281/pdf/SquadLists-English.pdf
Nestory IRANKUNDA,Australia,Watford FC (ENG),Forward,,,,,,,,,,,3.2,55,0.35,1.0,1.0,0.05,0.15,0.78,0.35,https://fdp.fifa.org/assetspublic/ce281/pdf/SquadLists-English.pdf,,https://www.fifa.com/en/tournaments/mens/worldcup/canadamexicousa2026/articles/match-schedule-fixtures-results-teams-stadiums,Official FIFA final squad candidate pool row. Add homogeneous player-stat source before scoring.,Official FIFA final squad — FW/MF candidate pool,https://inside.fifa.com/organisation/media-releases/world-cup-2026-48-squads-confirmed,candidate_pool_no_player_stats_yet,TRUE,2026-06-09,AUS,17,FW,IRANKUNDA Nestory,Nestory,IRANKUNDA,IRANKUNDA,09/02/2006,165,FALSE,needs_stats_enrichment,https://fdp.fifa.org/assetspublic/ce281/pdf/SquadLists-English.pdf
Nishan Matthew VELUPILLAY,Australia,Melbourne Victory FC (AUS),Forward,,,,,,,,,,,3.2,55,0.35,1.0,1.0,0.05,0.15,0.78,0.35,https://fdp.fifa.org/assetspublic/ce281/pdf/SquadLists-English.pdf,,https://www.fifa.com/en/tournaments/mens/worldcup/canadamexicousa2026/articles/match-schedule-fixtures-results-teams-stadiums,Official FIFA final squad candidate pool row. Add homogeneous player-stat source before scoring.,Official FIFA final squad — FW/MF candidate pool,https://inside.fifa.com/organisation/media-releases/world-cup-2026-48-squads-confirmed,candidate_pool_no_player_stats_yet,TRUE,2026-06-09,AUS,23,FW,VELUPILLAY Nishan,Nishan Matthew,VELUPILLAY,VELUPILLAY,07/05/2001,181,FALSE,needs_stats_enrichment,https://fdp.fifa.org/assetspublic/ce281/pdf/SquadLists-English.pdf
Tete Owen YENGI,Australia,FC Machida Zelvia (JPN),Forward,,,,,,,,,,,3.2,55,0.35,1.0,1.0,0.05,0.15,0.78,0.35,https://fdp.fifa.org/assetspublic/ce281/pdf/SquadLists-English.pdf,,https://www.fifa.com/en/tournaments/mens/worldcup/canadamexicousa2026/articles/match-schedule-fixtures-results-teams-stadiums,Official FIFA final squad candidate pool row. Add homogeneous player-stat source before scoring.,Official FIFA final squad — FW/MF candidate pool,https://inside.fifa.com/organisation/media-releases/world-cup-2026-48-squads-confirmed,candidate_pool_no_player_stats_yet,TRUE,2026-06-09,AUS,26,FW,YENGI Tete,Tete Owen,YENGI,YENGI,28/11/2000,197,FALSE,needs_stats_enrichment,https://fdp.fifa.org/assetspublic/ce281/pdf/SquadLists-English.pdf
Aiden Connor O'NEILL,Australia,New York City FC (USA),Midfielder,,,,,,,,,,,3.2,55,0.35,1.0,1.0,0.05,0.15,0.78,0.35,https://fdp.fifa.org/assetspublic/ce281/pdf/SquadLists-English.pdf,,https://www.fifa.com/en/tournaments/mens/worldcup/canadamexicousa2026/articles/match-schedule-fixtures-results-teams-stadiums,Official FIFA final squad candidate pool row. Add homogeneous player-stat source before scoring.,Official FIFA final squad — FW/MF candidate pool,https://inside.fifa.com/organisation/media-releases/world-cup-2026-48-squads-confirmed,candidate_pool_no_player_stats_yet,TRUE,2026-06-09,AUS,13,MF,ONEILL Aiden,Aiden Connor,O'NEILL,O'NEILL,04/07/1998,180,FALSE,needs_stats_enrichment,https://fdp.fifa.org/assetspublic/ce281/pdf/SquadLists-English.pdf
Cameron Peter DEVLIN,Australia,Heart Of Midlothian FC (SCO),Midfielder,,,,,,,,,,,3.2,55,0.35,1.0,1.0,0.05,0.15,0.78,0.35,https://fdp.fifa.org/assetspublic/ce281/pdf/SquadLists-English.pdf,,https://www.fifa.com/en/tournaments/mens/worldcup/canadamexicousa2026/articles/match-schedule-fixtures-results-teams-stadiums,Official FIFA final squad candidate pool row. Add homogeneous player-stat source before scoring.,Official FIFA final squad — FW/MF candidate pool,https://inside.fifa.com/organisation/media-releases/world-cup-2026-48-squads-confirmed,candidate_pool_no_player_stats_yet,TRUE,2026-06-09,AUS,14,MF,DEVLIN Cameron,Cameron Peter,DEVLIN,DEVLIN,07/06/1998,170,FALSE,needs_stats_enrichment,https://fdp.fifa.org/assetspublic/ce281/pdf/SquadLists-English.pdf
Connor Isaac METCALFE,Australia,FC St. Pauli (GER),Midfielder,,,,,,,,,,,3.2,55,0.35,1.0,1.0,0.05,0.15,0.78,0.35,https://fdp.fifa.org/assetspublic/ce281/pdf/SquadLists-English.pdf,,https://www.fifa.com/en/tournaments/mens/worldcup/canadamexicousa2026/articles/match-schedule-fixtures-results-teams-stadiums,Official FIFA final squad candidate pool row. Add homogeneous player-stat source before scoring.,Official FIFA final squad — FW/MF candidate pool,https://inside.fifa.com/organisation/media-releases/world-cup-2026-48-squads-confirmed,candidate_pool_no_player_stats_yet,TRUE,2026-06-09,AUS,8,MF,METCALFE Connor,Connor Isaac,METCALFE,METCALFE,05/11/1999,183,FALSE,needs_stats_enrichment,https://fdp.fifa.org/assetspublic/ce281/pdf/SquadLists-English.pdf
Jackson Alexander IRVINE,Australia,FC St. Pauli (GER),Midfielder,,,,,,,,,,,3.2,55,0.35,1.0,1.0,0.05,0.15,0.78,0.35,https://fdp.fifa.org/assetspublic/ce281/pdf/SquadLists-English.pdf,,https://www.fifa.com/en/tournaments/mens/worldcup/canadamexicousa2026/articles/match-schedule-fixtures-results-teams-stadiums,Official FIFA final squad candidate pool row. Add homogeneous player-stat source before scoring.,Official FIFA final squad — FW/MF candidate pool,https://inside.fifa.com/organisation/media-releases/world-cup-2026-48-squads-confirmed,candidate_pool_no_player_stats_yet,TRUE,2026-06-09,AUS,22,MF,IRVINE Jackson,Jackson Alexander,IRVINE,IRVINE,07/03/1993,189,FALSE,needs_stats_enrichment,https://fdp.fifa.org/assetspublic/ce281/pdf/SquadLists-English.pdf
Paul Michael Junior OKON-ENGSTLER,Australia,Sydney FC (AUS),Midfielder,,,,,,,,,,,3.2,55,0.35,1.0,1.0,0.05,0.15,0.78,0.35,https://fdp.fifa.org/assetspublic/ce281/pdf/SquadLists-English.pdf,,https://www.fifa.com/en/tournaments/mens/worldcup/canadamexicousa2026/articles/match-schedule-fixtures-results-teams-stadiums,Official FIFA final squad candidate pool row. Add homogeneous player-stat source before scoring.,Official FIFA final squad — FW/MF candidate pool,https://inside.fifa.com/organisation/media-releases/world-cup-2026-48-squads-confirmed,candidate_pool_no_player_stats_yet,TRUE,2026-06-09,AUS,24,MF,OKON-ENGSTLER Paul,Paul Michael Junior,OKON-ENGSTLER,OKON-ENGSTLER,24/01/2005,185,FALSE,needs_stats_enrichment,https://fdp.fifa.org/assetspublic/ce281/pdf/SquadLists-English.pdf
Marko ARNAUTOVIC,Austria,FK Crvena Zvezda (SRB),Forward,,,,,,,,,,,3.2,55,0.35,1.0,1.0,0.05,0.15,0.78,0.35,https://fdp.fifa.org/assetspublic/ce281/pdf/SquadLists-English.pdf,,https://www.fifa.com/en/tournaments/mens/worldcup/canadamexicousa2026/articles/match-schedule-fixtures-results-teams-stadiums,Official FIFA final squad candidate pool row. Add homogeneous player-stat source before scoring.,Official FIFA final squad — FW/MF candidate pool,https://inside.fifa.com/organisation/media-releases/world-cup-2026-48-squads-confirmed,candidate_pool_no_player_stats_yet,TRUE,2026-06-09,AUT,7,FW,ARNAUTOVIC Marko,Marko,ARNAUTOVIC,ARNAUTOVIC,19/04/1989,192,FALSE,needs_stats_enrichment,https://fdp.fifa.org/assetspublic/ce281/pdf/SquadLists-English.pdf
Michael GREGORITSCH,Austria,FC Augsburg (GER),Forward,,,,,,,,,,,3.2,55,0.35,1.0,1.0,0.05,0.15,0.78,0.35,https://fdp.fifa.org/assetspublic/ce281/pdf/SquadLists-English.pdf,,https://www.fifa.com/en/tournaments/mens/worldcup/canadamexicousa2026/articles/match-schedule-fixtures-results-teams-stadiums,Official FIFA final squad candidate pool row. Add homogeneous player-stat source before scoring.,Official FIFA final squad — FW/MF candidate pool,https://inside.fifa.com/organisation/media-releases/world-cup-2026-48-squads-confirmed,candidate_pool_no_player_stats_yet,TRUE,2026-06-09,AUT,11,FW,GREGORITSCH Michael,Michael,GREGORITSCH,GREGORITSCH,18/04/1994,193,FALSE,needs_stats_enrichment,https://fdp.fifa.org/assetspublic/ce281/pdf/SquadLists-English.pdf
Patrick WIMMER,Austria,VfL Wolfsburg (GER),Forward,,,,,,,,,,,3.2,55,0.35,1.0,1.0,0.05,0.15,0.78,0.35,https://fdp.fifa.org/assetspublic/ce281/pdf/SquadLists-English.pdf,,https://www.fifa.com/en/tournaments/mens/worldcup/canadamexicousa2026/articles/match-schedule-fixtures-results-teams-stadiums,Official FIFA final squad candidate pool row. Add homogeneous player-stat source before scoring.,Official FIFA final squad — FW/MF candidate pool,https://inside.fifa.com/organisation/media-releases/world-cup-2026-48-squads-confirmed,candidate_pool_no_player_stats_yet,TRUE,2026-06-09,AUT,21,FW,WIMMER Patrick,Patrick,WIMMER,WIMMER,30/05/2001,182,FALSE,needs_stats_enrichment,https://fdp.fifa.org/assetspublic/ce281/pdf/SquadLists-English.pdf
Saša KALAJDŽIĆ,Austria,LASK Linz (AUT),Forward,,,,,,,,,,,3.2,55,0.35,1.0,1.0,0.05,0.15,0.78,0.35,https://fdp.fifa.org/assetspublic/ce281/pdf/SquadLists-English.pdf,,https://www.fifa.com/en/tournaments/mens/worldcup/canadamexicousa2026/articles/match-schedule-fixtures-results-teams-stadiums,Official FIFA final squad candidate pool row. Add homogeneous player-stat source before scoring.,Official FIFA final squad — FW/MF candidate pool,https://inside.fifa.com/organisation/media-releases/world-cup-2026-48-squads-confirmed,candidate_pool_no_player_stats_yet,TRUE,2026-06-09,AUT,14,FW,KALAJDZIC Sasa,Saša,KALAJDŽIĆ,KALAJDZIC,07/07/1997,200,FALSE,needs_stats_enrichment,https://fdp.fifa.org/assetspublic/ce281/pdf/SquadLists-English.pdf
Alessandro Andre SCHÖPF,Austria,Wolfsberger AC (AUT),Midfielder,,,,,,,,,,,3.2,55,0.35,1.0,1.0,0.05,0.15,0.78,0.35,https://fdp.fifa.org/assetspublic/ce281/pdf/SquadLists-English.pdf,,https://www.fifa.com/en/tournaments/mens/worldcup/canadamexicousa2026/articles/match-schedule-fixtures-results-teams-stadiums,Official FIFA final squad candidate pool row. Add homogeneous player-stat source before scoring.,Official FIFA final squad — FW/MF candidate pool,https://inside.fifa.com/organisation/media-releases/world-cup-2026-48-squads-confirmed,candidate_pool_no_player_stats_yet,TRUE,2026-06-09,AUT,26,MF,SCHOEPF Alessandro,Alessandro Andre,SCHÖPF,SCHÖPF,07/02/1994,178,FALSE,needs_stats_enrichment,https://fdp.fifa.org/assetspublic/ce281/pdf/SquadLists-English.pdf
Alexander PRASS,Austria,TSG Hoffenheim (GER),Midfielder,,,,,,,,,,,3.2,55,0.35,1.0,1.0,0.05,0.15,0.78,0.35,https://fdp.fifa.org/assetspublic/ce281/pdf/SquadLists-English.pdf,,https://www.fifa.com/en/tournaments/mens/worldcup/canadamexicousa2026/articles/match-schedule-fixtures-results-teams-stadiums,Official FIFA final squad candidate pool row. Add homogeneous player-stat source before scoring.,Official FIFA final squad — FW/MF candidate pool,https://inside.fifa.com/organisation/media-releases/world-cup-2026-48-squads-confirmed,candidate_pool_no_player_stats_yet,TRUE,2026-06-09,AUT,22,MF,PRASS Alexander,Alexander,PRASS,PRASS,26/05/2001,180,FALSE,needs_stats_enrichment,https://fdp.fifa.org/assetspublic/ce281/pdf/SquadLists-English.pdf
Carney Chibueze CHUKWUEMEKA,Austria,Borussia Dortmund (GER),Midfielder,,,,,,,,,,,3.2,55,0.35,1.0,1.0,0.05,0.15,0.78,0.35,https://fdp.fifa.org/assetspublic/ce281/pdf/SquadLists-English.pdf,,https://www.fifa.com/en/tournaments/mens/worldcup/canadamexicousa2026/articles/match-schedule-fixtures-results-teams-stadiums,Official FIFA final squad candidate pool row. Add homogeneous player-stat source before scoring.,Official FIFA final squad — FW/MF candidate pool,https://inside.fifa.com/organisation/media-releases/world-cup-2026-48-squads-confirmed,candidate_pool_no_player_stats_yet,TRUE,2026-06-09,AUT,17,MF,CHUKWUEMEKA Carney,Carney Chibueze,CHUKWUEMEKA,CHUKWUEMEKA,20/10/2003,187,FALSE,needs_stats_enrichment,https://fdp.fifa.org/assetspublic/ce281/pdf/SquadLists-English.pdf
Christoph BAUMGARTNER,Austria,RB Leipzig (GER),Midfielder,,,,,,,,,,,3.2,55,0.35,1.0,1.0,0.05,0.15,0.78,0.35,https://fdp.fifa.org/assetspublic/ce281/pdf/SquadLists-English.pdf,,https://www.fifa.com/en/tournaments/mens/worldcup/canadamexicousa2026/articles/match-schedule-fixtures-results-teams-stadiums,Official FIFA final squad candidate pool row. Add homogeneous player-stat source before scoring.,Official FIFA final squad — FW/MF candidate pool,https://inside.fifa.com/organisation/media-releases/world-cup-2026-48-squads-confirmed,candidate_pool_no_player_stats_yet,TRUE,2026-06-09,AUT,19,MF,BAUMGARTNER Christoph,Christoph,BAUMGARTNER,BAUMGARTNER,01/08/1999,180,FALSE,needs_stats_enrichment,https://fdp.fifa.org/assetspublic/ce281/pdf/SquadLists-English.pdf
Florian GRILLITSCH,Austria,SC Braga (POR),Midfielder,,,,,,,,,,,3.2,55,0.35,1.0,1.0,0.05,0.15,0.78,0.35,https://fdp.fifa.org/assetspublic/ce281/pdf/SquadLists-English.pdf,,https://www.fifa.com/en/tournaments/mens/worldcup/canadamexicousa2026/articles/match-schedule-fixtures-results-teams-stadiums,Official FIFA final squad candidate pool row. Add homogeneous player-stat source before scoring.,Official FIFA final squad — FW/MF candidate pool,https://inside.fifa.com/organisation/media-releases/world-cup-2026-48-squads-confirmed,candidate_pool_no_player_stats_yet,TRUE,2026-06-09,AUT,10,MF,GRILLITSCH Florian,Florian,GRILLITSCH,GRILLITSCH,07/08/1995,186,FALSE,needs_stats_enrichment,https://fdp.fifa.org/assetspublic/ce281/pdf/SquadLists-English.pdf
Konrad LAIMER,Austria,FC Bayern München (GER),Midfielder,,,,,,,,,,,3.2,55,0.35,1.0,1.0,0.05,0.15,0.78,0.35,https://fdp.fifa.org/assetspublic/ce281/pdf/SquadLists-English.pdf,,https://www.fifa.com/en/tournaments/mens/worldcup/canadamexicousa2026/articles/match-schedule-fixtures-results-teams-stadiums,Official FIFA final squad candidate pool row. Add homogeneous player-stat source before scoring.,Official FIFA final squad — FW/MF candidate pool,https://inside.fifa.com/organisation/media-releases/world-cup-2026-48-squads-confirmed,candidate_pool_no_player_stats_yet,TRUE,2026-06-09,AUT,20,MF,LAIMER Konrad,Konrad,LAIMER,LAIMER,27/05/1997,180,FALSE,needs_stats_enrichment,https://fdp.fifa.org/assetspublic/ce281/pdf/SquadLists-English.pdf
Marcel SABITZER,Austria,Borussia Dortmund (GER),Midfielder,,,,,,,,,,,3.2,55,0.35,1.0,1.0,0.05,0.15,0.78,0.35,https://fdp.fifa.org/assetspublic/ce281/pdf/SquadLists-English.pdf,,https://www.fifa.com/en/tournaments/mens/worldcup/canadamexicousa2026/articles/match-schedule-fixtures-results-teams-stadiums,Official FIFA final squad candidate pool row. Add homogeneous player-stat source before scoring.,Official FIFA final squad — FW/MF candidate pool,https://inside.fifa.com/organisation/media-releases/world-cup-2026-48-squads-confirmed,candidate_pool_no_player_stats_yet,TRUE,2026-06-09,AUT,9,MF,SABITZER Marcel,Marcel,SABITZER,SABITZER,17/03/1994,178,FALSE,needs_stats_enrichment,https://fdp.fifa.org/assetspublic/ce281/pdf/SquadLists-English.pdf
Nicolas SEIWALD,Austria,RB Leipzig (GER),Midfielder,,,,,,,,,,,3.2,55,0.35,1.0,1.0,0.05,0.15,0.78,0.35,https://fdp.fifa.org/assetspublic/ce281/pdf/SquadLists-English.pdf,,https://www.fifa.com/en/tournaments/mens/worldcup/canadamexicousa2026/articles/match-schedule-fixtures-results-teams-stadiums,Official FIFA final squad candidate pool row. Add homogeneous player-stat source before scoring.,Official FIFA final squad — FW/MF candidate pool,https://inside.fifa.com/organisation/media-releases/world-cup-2026-48-squads-confirmed,candidate_pool_no_player_stats_yet,TRUE,2026-06-09,AUT,6,MF,SEIWALD Nicolas,Nicolas,SEIWALD,SEIWALD,04/05/2001,179,FALSE,needs_stats_enrichment,https://fdp.fifa.org/assetspublic/ce281/pdf/SquadLists-English.pdf
Paul WANNER,Austria,PSV Eindhoven (NED),Midfielder,,,,,,,,,,,3.2,55,0.35,1.0,1.0,0.05,0.15,0.78,0.35,https://fdp.fifa.org/assetspublic/ce281/pdf/SquadLists-English.pdf,,https://www.fifa.com/en/tournaments/mens/worldcup/canadamexicousa2026/articles/match-schedule-fixtures-results-teams-stadiums,Official FIFA final squad candidate pool row. Add homogeneous player-stat source before scoring.,Official FIFA final squad — FW/MF candidate pool,https://inside.fifa.com/organisation/media-releases/world-cup-2026-48-squads-confirmed,candidate_pool_no_player_stats_yet,TRUE,2026-06-09,AUT,24,MF,WANNER Paul,Paul,WANNER,WANNER,23/12/2005,185,FALSE,needs_stats_enrichment,https://fdp.fifa.org/assetspublic/ce281/pdf/SquadLists-English.pdf
Romano SCHMID,Austria,SV Werder Bremen (GER),Midfielder,,,,,,,,,,,3.2,55,0.35,1.0,1.0,0.05,0.15,0.78,0.35,https://fdp.fifa.org/assetspublic/ce281/pdf/SquadLists-English.pdf,,https://www.fifa.com/en/tournaments/mens/worldcup/canadamexicousa2026/articles/match-schedule-fixtures-results-teams-stadiums,Official FIFA final squad candidate pool row. Add homogeneous player-stat source before scoring.,Official FIFA final squad — FW/MF candidate pool,https://inside.fifa.com/organisation/media-releases/world-cup-2026-48-squads-confirmed,candidate_pool_no_player_stats_yet,TRUE,2026-06-09,AUT,18,MF,SCHMID Romano,Romano,SCHMID,SCHMID,27/01/2000,168,FALSE,needs_stats_enrichment,https://fdp.fifa.org/assetspublic/ce281/pdf/SquadLists-English.pdf
Xaver SCHLAGER,Austria,RB Leipzig (GER),Midfielder,,,,,,,,,,,3.2,55,0.35,1.0,1.0,0.05,0.15,0.78,0.35,https://fdp.fifa.org/assetspublic/ce281/pdf/SquadLists-English.pdf,,https://www.fifa.com/en/tournaments/mens/worldcup/canadamexicousa2026/articles/match-schedule-fixtures-results-teams-stadiums,Official FIFA final squad candidate pool row. Add homogeneous player-stat source before scoring.,Official FIFA final squad — FW/MF candidate pool,https://inside.fifa.com/organisation/media-releases/world-cup-2026-48-squads-confirmed,candidate_pool_no_player_stats_yet,TRUE,2026-06-09,AUT,4,MF,SCHLAGER Xaver,Xaver,SCHLAGER,XAVER,28/09/1997,174,FALSE,needs_stats_enrichment,https://fdp.fifa.org/assetspublic/ce281/pdf/SquadLists-English.pdf
Charles Marc S DE KETELAERE,Belgium,Atalanta Bergamo (ITA),Forward,,,,,,,,,,,3.8,55,0.35,1.05,1.03,0.05,0.16,0.78,0.35,https://fdp.fifa.org/assetspublic/ce281/pdf/SquadLists-English.pdf,,https://www.fifa.com/en/tournaments/mens/worldcup/canadamexicousa2026/articles/match-schedule-fixtures-results-teams-stadiums,Official FIFA final squad candidate pool row. Add homogeneous player-stat source before scoring.,Official FIFA final squad — FW/MF candidate pool,https://inside.fifa.com/organisation/media-releases/world-cup-2026-48-squads-confirmed,candidate_pool_no_player_stats_yet,TRUE,2026-06-09,BEL,17,FW,DE KETELAERE Charles,Charles Marc S,DE KETELAERE,DE KETELAERE,10/03/2001,192,FALSE,needs_stats_enrichment,https://fdp.fifa.org/assetspublic/ce281/pdf/SquadLists-English.pdf
Dodi LUKEBAKIO NGANDOLI,Belgium,SL Ben ca (POR),Forward,,,,,,,,,,,3.8,55,0.35,1.05,1.03,0.05,0.16,0.78,0.35,https://fdp.fifa.org/assetspublic/ce281/pdf/SquadLists-English.pdf,,https://www.fifa.com/en/tournaments/mens/worldcup/canadamexicousa2026/articles/match-schedule-fixtures-results-teams-stadiums,Official FIFA final squad candidate pool row. Add homogeneous player-stat source before scoring.,Official FIFA final squad — FW/MF candidate pool,https://inside.fifa.com/organisation/media-releases/world-cup-2026-48-squads-confirmed,candidate_pool_no_player_stats_yet,TRUE,2026-06-09,BEL,14,FW,LUKEBAKIO Dodi,Dodi,LUKEBAKIO NGANDOLI,LUKEBAKIO,24/09/1997,184,FALSE,needs_stats_enrichment,https://fdp.fifa.org/assetspublic/ce281/pdf/SquadLists-English.pdf
Jeremy Baffour DOKU,Belgium,Manchester City FC (ENG),Forward,,,,,,,,,,,3.8,55,0.35,1.05,1.03,0.05,0.16,0.78,0.35,https://fdp.fifa.org/assetspublic/ce281/pdf/SquadLists-English.pdf,,https://www.fifa.com/en/tournaments/mens/worldcup/canadamexicousa2026/articles/match-schedule-fixtures-results-teams-stadiums,Official FIFA final squad candidate pool row. Add homogeneous player-stat source before scoring.,Official FIFA final squad — FW/MF candidate pool,https://inside.fifa.com/organisation/media-releases/world-cup-2026-48-squads-confirmed,candidate_pool_no_player_stats_yet,TRUE,2026-06-09,BEL,11,FW,DOKU Jeremy,Jeremy Baffour,DOKU,DOKU,27/05/2002,173,FALSE,needs_stats_enrichment,https://fdp.fifa.org/assetspublic/ce281/pdf/SquadLists-English.pdf
Leandro TROSSARD,Belgium,Arsenal FC (ENG),Forward,,,,,,,,,,,3.8,55,0.35,1.05,1.03,0.05,0.16,0.78,0.35,https://fdp.fifa.org/assetspublic/ce281/pdf/SquadLists-English.pdf,,https://www.fifa.com/en/tournaments/mens/worldcup/canadamexicousa2026/articles/match-schedule-fixtures-results-teams-stadiums,Official FIFA final squad candidate pool row. Add homogeneous player-stat source before scoring.,Official FIFA final squad — FW/MF candidate pool,https://inside.fifa.com/organisation/media-releases/world-cup-2026-48-squads-confirmed,candidate_pool_no_player_stats_yet,TRUE,2026-06-09,BEL,10,FW,TROSSARD Leandro,Leandro,TROSSARD,TROSSARD,04/12/1994,172,FALSE,needs_stats_enrichment,https://fdp.fifa.org/assetspublic/ce281/pdf/SquadLists-English.pdf
Matias FERNANDEZ-PARDO,Belgium,Lille OSC (FRA),Forward,,,,,,,,,,,3.8,55,0.35,1.05,1.03,0.05,0.16,0.78,0.35,https://fdp.fifa.org/assetspublic/ce281/pdf/SquadLists-English.pdf,,https://www.fifa.com/en/tournaments/mens/worldcup/canadamexicousa2026/articles/match-schedule-fixtures-results-teams-stadiums,Official FIFA final squad candidate pool row. Add homogeneous player-stat source before scoring.,Official FIFA final squad — FW/MF candidate pool,https://inside.fifa.com/organisation/media-releases/world-cup-2026-48-squads-confirmed,candidate_pool_no_player_stats_yet,TRUE,2026-06-09,BEL,26,FW,FERNANDEZ-PARDO Matias,Matias,FERNANDEZ-PARDO,FERNANDEZ-PARDO,03/02/2005,188,FALSE,needs_stats_enrichment,https://fdp.fifa.org/assetspublic/ce281/pdf/SquadLists-English.pdf
Alexis Jesse M SAELEMAEKERS,Belgium,AC Milan (ITA),Midfielder,,,,,,,,,,,3.8,55,0.35,1.05,1.03,0.05,0.16,0.78,0.35,https://fdp.fifa.org/assetspublic/ce281/pdf/SquadLists-English.pdf,,https://www.fifa.com/en/tournaments/mens/worldcup/canadamexicousa2026/articles/match-schedule-fixtures-results-teams-stadiums,Official FIFA final squad candidate pool row. Add homogeneous player-stat source before scoring.,Official FIFA final squad — FW/MF candidate pool,https://inside.fifa.com/organisation/media-releases/world-cup-2026-48-squads-confirmed,candidate_pool_no_player_stats_yet,TRUE,2026-06-09,BEL,22,MF,SAELEMAEKERS Alexis,Alexis Jesse M,SAELEMAEKERS,SAELEMAEKERS,27/06/1999,180,FALSE,needs_stats_enrichment,https://fdp.fifa.org/assetspublic/ce281/pdf/SquadLists-English.pdf
Amadou Ba Z MVOM ONANA,Belgium,Aston Villa FC (ENG),Midfielder,,,,,,,,,,,3.8,55,0.35,1.05,1.03,0.05,0.16,0.78,0.35,https://fdp.fifa.org/assetspublic/ce281/pdf/SquadLists-English.pdf,,https://www.fifa.com/en/tournaments/mens/worldcup/canadamexicousa2026/articles/match-schedule-fixtures-results-teams-stadiums,Official FIFA final squad candidate pool row. Add homogeneous player-stat source before scoring.,Official FIFA final squad — FW/MF candidate pool,https://inside.fifa.com/organisation/media-releases/world-cup-2026-48-squads-confirmed,candidate_pool_no_player_stats_yet,TRUE,2026-06-09,BEL,24,MF,ONANA Amadou,Amadou Ba Z,MVOM ONANA,ONANA,16/08/2001,192,FALSE,needs_stats_enrichment,https://fdp.fifa.org/assetspublic/ce281/pdf/SquadLists-English.pdf
Axel Laurent A WITSEL,Belgium,Girona FC (ESP),Midfielder,,,,,,,,,,,3.8,55,0.35,1.05,1.03,0.05,0.16,0.78,0.35,https://fdp.fifa.org/assetspublic/ce281/pdf/SquadLists-English.pdf,,https://www.fifa.com/en/tournaments/mens/worldcup/canadamexicousa2026/articles/match-schedule-fixtures-results-teams-stadiums,Official FIFA final squad candidate pool row. Add homogeneous player-stat source before scoring.,Official FIFA final squad — FW/MF candidate pool,https://inside.fifa.com/organisation/media-releases/world-cup-2026-48-squads-confirmed,candidate_pool_no_player_stats_yet,TRUE,2026-06-09,BEL,6,MF,WITSEL Axel,Axel Laurent A,WITSEL,WITSEL,12/01/1989,186,FALSE,needs_stats_enrichment,https://fdp.fifa.org/assetspublic/ce281/pdf/SquadLists-English.pdf
Diego Manuel J DA SILVA MOREIRA,Belgium,RC Strasbourg (FRA),Midfielder,,,,,,,,,,,3.8,55,0.35,1.05,1.03,0.05,0.16,0.78,0.35,https://fdp.fifa.org/assetspublic/ce281/pdf/SquadLists-English.pdf,,https://www.fifa.com/en/tournaments/mens/worldcup/canadamexicousa2026/articles/match-schedule-fixtures-results-teams-stadiums,Official FIFA final squad candidate pool row. Add homogeneous player-stat source before scoring.,Official FIFA final squad — FW/MF candidate pool,https://inside.fifa.com/organisation/media-releases/world-cup-2026-48-squads-confirmed,candidate_pool_no_player_stats_yet,TRUE,2026-06-09,BEL,19,MF,MOREIRA Diego,Diego Manuel J,DA SILVA MOREIRA,MOREIRA,06/08/2004,179,FALSE,needs_stats_enrichment,https://fdp.fifa.org/assetspublic/ce281/pdf/SquadLists-English.pdf
Hans VANAKEN,Belgium,Club Brugge (BEL),Midfielder,,,,,,,,,,,3.8,55,0.35,1.05,1.03,0.05,0.16,0.78,0.35,https://fdp.fifa.org/assetspublic/ce281/pdf/SquadLists-English.pdf,,https://www.fifa.com/en/tournaments/mens/worldcup/canadamexicousa2026/articles/match-schedule-fixtures-results-teams-stadiums,Official FIFA final squad candidate pool row. Add homogeneous player-stat source before scoring.,Official FIFA final squad — FW/MF candidate pool,https://inside.fifa.com/organisation/media-releases/world-cup-2026-48-squads-confirmed,candidate_pool_no_player_stats_yet,TRUE,2026-06-09,BEL,20,MF,VANAKEN Hans,Hans,VANAKEN,VANAKEN,24/08/1992,195,FALSE,needs_stats_enrichment,https://fdp.fifa.org/assetspublic/ce281/pdf/SquadLists-English.pdf
Kevin DE BRUYNE,Belgium,SSC Napoli (ITA),Midfielder,,,,,,,,,,,3.8,55,0.35,1.05,1.03,0.05,0.16,0.78,0.35,https://fdp.fifa.org/assetspublic/ce281/pdf/SquadLists-English.pdf,,https://www.fifa.com/en/tournaments/mens/worldcup/canadamexicousa2026/articles/match-schedule-fixtures-results-teams-stadiums,Official FIFA final squad candidate pool row. Add homogeneous player-stat source before scoring.,Official FIFA final squad — FW/MF candidate pool,https://inside.fifa.com/organisation/media-releases/world-cup-2026-48-squads-confirmed,candidate_pool_no_player_stats_yet,TRUE,2026-06-09,BEL,7,MF,DE BRUYNE Kevin,Kevin,DE BRUYNE,DE BRUYNE,28/06/1991,181,FALSE,needs_stats_enrichment,https://fdp.fifa.org/assetspublic/ce281/pdf/SquadLists-English.pdf
Nicolas Thierry Y RASKIN,Belgium,Rangers FC (SCO),Midfielder,,,,,,,,,,,3.8,55,0.35,1.05,1.03,0.05,0.16,0.78,0.35,https://fdp.fifa.org/assetspublic/ce281/pdf/SquadLists-English.pdf,,https://www.fifa.com/en/tournaments/mens/worldcup/canadamexicousa2026/articles/match-schedule-fixtures-results-teams-stadiums,Official FIFA final squad candidate pool row. Add homogeneous player-stat source before scoring.,Official FIFA final squad — FW/MF candidate pool,https://inside.fifa.com/organisation/media-releases/world-cup-2026-48-squads-confirmed,candidate_pool_no_player_stats_yet,TRUE,2026-06-09,BEL,23,MF,RASKIN Nicolas,Nicolas Thierry Y,RASKIN,RASKIN,23/02/2001,178,FALSE,needs_stats_enrichment,https://fdp.fifa.org/assetspublic/ce281/pdf/SquadLists-English.pdf
Youri Marion A TIELEMANS,Belgium,Aston Villa FC (ENG),Midfielder,,,,,,,,,,,3.8,55,0.35,1.05,1.03,0.05,0.16,0.78,0.35,https://fdp.fifa.org/assetspublic/ce281/pdf/SquadLists-English.pdf,,https://www.fifa.com/en/tournaments/mens/worldcup/canadamexicousa2026/articles/match-schedule-fixtures-results-teams-stadiums,Official FIFA final squad candidate pool row. Add homogeneous player-stat source before scoring.,Official FIFA final squad — FW/MF candidate pool,https://inside.fifa.com/organisation/media-releases/world-cup-2026-48-squads-confirmed,candidate_pool_no_player_stats_yet,TRUE,2026-06-09,BEL,8,MF,TIELEMANS Youri,Youri Marion A,TIELEMANS,TIELEMANS,07/05/1997,176,FALSE,needs_stats_enrichment,https://fdp.fifa.org/assetspublic/ce281/pdf/SquadLists-English.pdf
Edin DŽEKO,Bosnia And Herzegovina,FC Schalke 04 (GER),Forward,,,,,,,,,,,3.2,55,0.35,1.0,1.0,0.05,0.15,0.78,0.35,https://fdp.fifa.org/assetspublic/ce281/pdf/SquadLists-English.pdf,,https://www.fifa.com/en/tournaments/mens/worldcup/canadamexicousa2026/articles/match-schedule-fixtures-results-teams-stadiums,Official FIFA final squad candidate pool row. Add homogeneous player-stat source before scoring.,Official FIFA final squad — FW/MF candidate pool,https://inside.fifa.com/organisation/media-releases/world-cup-2026-48-squads-confirmed,candidate_pool_no_player_stats_yet,TRUE,2026-06-09,BIH,11,FW,DZEKO Edin,Edin,DŽEKO,DŽEKO,17/03/1986,192,FALSE,needs_stats_enrichment,https://fdp.fifa.org/assetspublic/ce281/pdf/SquadLists-English.pdf
Ermedin DEMIROVIĆ,Bosnia And Herzegovina,VfB Stuttgart (GER),Forward,,,,,,,,,,,3.2,55,0.35,1.0,1.0,0.05,0.15,0.78,0.35,https://fdp.fifa.org/assetspublic/ce281/pdf/SquadLists-English.pdf,,https://www.fifa.com/en/tournaments/mens/worldcup/canadamexicousa2026/articles/match-schedule-fixtures-results-teams-stadiums,Official FIFA final squad candidate pool row. Add homogeneous player-stat source before scoring.,Official FIFA final squad — FW/MF candidate pool,https://inside.fifa.com/organisation/media-releases/world-cup-2026-48-squads-confirmed,candidate_pool_no_player_stats_yet,TRUE,2026-06-09,BIH,10,FW,DEMIROVIC Ermedin,Ermedin,DEMIROVIĆ,DEMIROVIĆ,25/03/1998,185,FALSE,needs_stats_enrichment,https://fdp.fifa.org/assetspublic/ce281/pdf/SquadLists-English.pdf
Esmir BAJRAKTAREVIĆ,Bosnia And Herzegovina,PSV Eindhoven (NED),Forward,,,,,,,,,,,3.2,55,0.35,1.0,1.0,0.05,0.15,0.78,0.35,https://fdp.fifa.org/assetspublic/ce281/pdf/SquadLists-English.pdf,,https://www.fifa.com/en/tournaments/mens/worldcup/canadamexicousa2026/articles/match-schedule-fixtures-results-teams-stadiums,Official FIFA final squad candidate pool row. Add homogeneous player-stat source before scoring.,Official FIFA final squad — FW/MF candidate pool,https://inside.fifa.com/organisation/media-releases/world-cup-2026-48-squads-confirmed,candidate_pool_no_player_stats_yet,TRUE,2026-06-09,BIH,20,FW,BAJRAKTAREVIC Esmir,Esmir,BAJRAKTAREVIĆ,BAJRAKTAREVIĆ,10/03/2005,175,FALSE,needs_stats_enrichment,https://fdp.fifa.org/assetspublic/ce281/pdf/SquadLists-English.pdf
Haris TABAKOVIĆ,Bosnia And Herzegovina,Borussia Mönchengladbach (GER),Forward,,,,,,,,,,,3.2,55,0.35,1.0,1.0,0.05,0.15,0.78,0.35,https://fdp.fifa.org/assetspublic/ce281/pdf/SquadLists-English.pdf,,https://www.fifa.com/en/tournaments/mens/worldcup/canadamexicousa2026/articles/match-schedule-fixtures-results-teams-stadiums,Official FIFA final squad candidate pool row. Add homogeneous player-stat source before scoring.,Official FIFA final squad — FW/MF candidate pool,https://inside.fifa.com/organisation/media-releases/world-cup-2026-48-squads-confirmed,candidate_pool_no_player_stats_yet,TRUE,2026-06-09,BIH,23,FW,TABAKOVIC Haris,Haris,TABAKOVIĆ,TABAKOVIĆ,20/06/1994,196,FALSE,needs_stats_enrichment,https://fdp.fifa.org/assetspublic/ce281/pdf/SquadLists-English.pdf
Jovo LUKIĆ,Bosnia And Herzegovina,Universitatea Cluj (ROU),Forward,,,,,,,,,,,3.2,55,0.35,1.0,1.0,0.05,0.15,0.78,0.35,https://fdp.fifa.org/assetspublic/ce281/pdf/SquadLists-English.pdf,,https://www.fifa.com/en/tournaments/mens/worldcup/canadamexicousa2026/articles/match-schedule-fixtures-results-teams-stadiums,Official FIFA final squad candidate pool row. Add homogeneous player-stat source before scoring.,Official FIFA final squad — FW/MF candidate pool,https://inside.fifa.com/organisation/media-releases/world-cup-2026-48-squads-confirmed,candidate_pool_no_player_stats_yet,TRUE,2026-06-09,BIH,25,FW,LUKIC Jovo,Jovo,LUKIĆ,LUKIĆ,28/11/1998,190,FALSE,needs_stats_enrichment,https://fdp.fifa.org/assetspublic/ce281/pdf/SquadLists-English.pdf
Kerim ALAJBEGOVIĆ,Bosnia And Herzegovina,FC Red Bull Salzburg (AUT),Forward,,,,,,,,,,,3.2,55,0.35,1.0,1.0,0.05,0.15,0.78,0.35,https://fdp.fifa.org/assetspublic/ce281/pdf/SquadLists-English.pdf,,https://www.fifa.com/en/tournaments/mens/worldcup/canadamexicousa2026/articles/match-schedule-fixtures-results-teams-stadiums,Official FIFA final squad candidate pool row. Add homogeneous player-stat source before scoring.,Official FIFA final squad — FW/MF candidate pool,https://inside.fifa.com/organisation/media-releases/world-cup-2026-48-squads-confirmed,candidate_pool_no_player_stats_yet,TRUE,2026-06-09,BIH,19,FW,ALAJBEGOVIC Kerim,Kerim,ALAJBEGOVIĆ,ALAJBEGOVIĆ,21/09/2007,186,FALSE,needs_stats_enrichment,https://fdp.fifa.org/assetspublic/ce281/pdf/SquadLists-English.pdf
Samed BAŽDAR,Bosnia And Herzegovina,Jagiellonia Białystok (POL),Forward,,,,,,,,,,,3.2,55,0.35,1.0,1.0,0.05,0.15,0.78,0.35,https://fdp.fifa.org/assetspublic/ce281/pdf/SquadLists-English.pdf,,https://www.fifa.com/en/tournaments/mens/worldcup/canadamexicousa2026/articles/match-schedule-fixtures-results-teams-stadiums,Official FIFA final squad candidate pool row. Add homogeneous player-stat source before scoring.,Official FIFA final squad — FW/MF candidate pool,https://inside.fifa.com/organisation/media-releases/world-cup-2026-48-squads-confirmed,candidate_pool_no_player_stats_yet,TRUE,2026-06-09,BIH,9,FW,BAZDAR Samed,Samed,BAŽDAR,BAŽDAR,31/01/2004,189,FALSE,needs_stats_enrichment,https://fdp.fifa.org/assetspublic/ce281/pdf/SquadLists-English.pdf
Amar MEMIĆ,Bosnia And Herzegovina,FC Viktoria Plzeň (CZE),Midfielder,,,,,,,,,,,3.2,55,0.35,1.0,1.0,0.05,0.15,0.78,0.35,https://fdp.fifa.org/assetspublic/ce281/pdf/SquadLists-English.pdf,,https://www.fifa.com/en/tournaments/mens/worldcup/canadamexicousa2026/articles/match-schedule-fixtures-results-teams-stadiums,Official FIFA final squad candidate pool row. Add homogeneous player-stat source before scoring.,Official FIFA final squad — FW/MF candidate pool,https://inside.fifa.com/organisation/media-releases/world-cup-2026-48-squads-confirmed,candidate_pool_no_player_stats_yet,TRUE,2026-06-09,BIH,15,MF,MEMIC Amar,Amar,MEMIĆ,MEMIĆ,20/01/2001,176,FALSE,needs_stats_enrichment,https://fdp.fifa.org/assetspublic/ce281/pdf/SquadLists-English.pdf
Amir HADŽIAHMETOVIĆ,Bosnia And Herzegovina,Hull City FC (ENG),Midfielder,,,,,,,,,,,3.2,55,0.35,1.0,1.0,0.05,0.15,0.78,0.35,https://fdp.fifa.org/assetspublic/ce281/pdf/SquadLists-English.pdf,,https://www.fifa.com/en/tournaments/mens/worldcup/canadamexicousa2026/articles/match-schedule-fixtures-results-teams-stadiums,Official FIFA final squad candidate pool row. Add homogeneous player-stat source before scoring.,Official FIFA final squad — FW/MF candidate pool,https://inside.fifa.com/organisation/media-releases/world-cup-2026-48-squads-confirmed,candidate_pool_no_player_stats_yet,TRUE,2026-06-09,BIH,16,MF,HADZIAHMETOVIC Amir,Amir,HADŽIAHMETOVIĆ,HADŽIAHMETOVIĆ,08/03/1997,179,FALSE,needs_stats_enrichment,https://fdp.fifa.org/assetspublic/ce281/pdf/SquadLists-English.pdf
Armin GIGOVIĆ,Bosnia And Herzegovina,BSC Young Boys (SUI),Midfielder,,,,,,,,,,,3.2,55,0.35,1.0,1.0,0.05,0.15,0.78,0.35,https://fdp.fifa.org/assetspublic/ce281/pdf/SquadLists-English.pdf,,https://www.fifa.com/en/tournaments/mens/worldcup/canadamexicousa2026/articles/match-schedule-fixtures-results-teams-stadiums,Official FIFA final squad candidate pool row. Add homogeneous player-stat source before scoring.,Official FIFA final squad — FW/MF candidate pool,https://inside.fifa.com/organisation/media-releases/world-cup-2026-48-squads-confirmed,candidate_pool_no_player_stats_yet,TRUE,2026-06-09,BIH,8,MF,GIGOVIC Armin,Armin,GIGOVIĆ,GIGOVIĆ,06/04/2002,187,FALSE,needs_stats_enrichment,https://fdp.fifa.org/assetspublic/ce281/pdf/SquadLists-English.pdf
Benjamin TAHIROVIC,Bosnia And Herzegovina,Brøndby IF (DEN),Midfielder,,,,,,,,,,,3.2,55,0.35,1.0,1.0,0.05,0.15,0.78,0.35,https://fdp.fifa.org/assetspublic/ce281/pdf/SquadLists-English.pdf,,https://www.fifa.com/en/tournaments/mens/worldcup/canadamexicousa2026/articles/match-schedule-fixtures-results-teams-stadiums,Official FIFA final squad candidate pool row. Add homogeneous player-stat source before scoring.,Official FIFA final squad — FW/MF candidate pool,https://inside.fifa.com/organisation/media-releases/world-cup-2026-48-squads-confirmed,candidate_pool_no_player_stats_yet,TRUE,2026-06-09,BIH,6,MF,TAHIROVIC Benjamin,Benjamin,TAHIROVIC,TAHIROVIĆ,03/03/2003,191,FALSE,needs_stats_enrichment,https://fdp.fifa.org/assetspublic/ce281/pdf/SquadLists-English.pdf
Dženis BURNIĆ,Bosnia And Herzegovina,Karlsruher SC (GER),Midfielder,,,,,,,,,,,3.2,55,0.35,1.0,1.0,0.05,0.15,0.78,0.35,https://fdp.fifa.org/assetspublic/ce281/pdf/SquadLists-English.pdf,,https://www.fifa.com/en/tournaments/mens/worldcup/canadamexicousa2026/articles/match-schedule-fixtures-results-teams-stadiums,Official FIFA final squad candidate pool row. Add homogeneous player-stat source before scoring.,Official FIFA final squad — FW/MF candidate pool,https://inside.fifa.com/organisation/media-releases/world-cup-2026-48-squads-confirmed,candidate_pool_no_player_stats_yet,TRUE,2026-06-09,BIH,17,MF,BURNIC Dzenis,Dženis,BURNIĆ,BURNIĆ,22/05/1998,182,FALSE,needs_stats_enrichment,https://fdp.fifa.org/assetspublic/ce281/pdf/SquadLists-English.pdf
Ermin MAHMIĆ,Bosnia And Herzegovina,FC Slovan Liberec (CZE),Midfielder,,,,,,,,,,,3.2,55,0.35,1.0,1.0,0.05,0.15,0.78,0.35,https://fdp.fifa.org/assetspublic/ce281/pdf/SquadLists-English.pdf,,https://www.fifa.com/en/tournaments/mens/worldcup/canadamexicousa2026/articles/match-schedule-fixtures-results-teams-stadiums,Official FIFA final squad candidate pool row. Add homogeneous player-stat source before scoring.,Official FIFA final squad — FW/MF candidate pool,https://inside.fifa.com/organisation/media-releases/world-cup-2026-48-squads-confirmed,candidate_pool_no_player_stats_yet,TRUE,2026-06-09,BIH,26,MF,MAHMIC Ermin,Ermin,MAHMIĆ,MAHMIĆ,14/03/2005,182,FALSE,needs_stats_enrichment,https://fdp.fifa.org/assetspublic/ce281/pdf/SquadLists-English.pdf
Ivan BAŠIĆ,Bosnia And Herzegovina,FC Astana (KAZ),Midfielder,,,,,,,,,,,3.2,55,0.35,1.0,1.0,0.05,0.15,0.78,0.35,https://fdp.fifa.org/assetspublic/ce281/pdf/SquadLists-English.pdf,,https://www.fifa.com/en/tournaments/mens/worldcup/canadamexicousa2026/articles/match-schedule-fixtures-results-teams-stadiums,Official FIFA final squad candidate pool row. Add homogeneous player-stat source before scoring.,Official FIFA final squad — FW/MF candidate pool,https://inside.fifa.com/organisation/media-releases/world-cup-2026-48-squads-confirmed,candidate_pool_no_player_stats_yet,TRUE,2026-06-09,BIH,13,MF,BASIC Ivan,Ivan,BAŠIĆ,BAŠIĆ,30/04/2002,178,FALSE,needs_stats_enrichment,https://fdp.fifa.org/assetspublic/ce281/pdf/SquadLists-English.pdf
Ivan ŠUNJIĆ,Bosnia And Herzegovina,Pafos FC (CYP),Midfielder,,,,,,,,,,,3.2,55,0.35,1.0,1.0,0.05,0.15,0.78,0.35,https://fdp.fifa.org/assetspublic/ce281/pdf/SquadLists-English.pdf,,https://www.fifa.com/en/tournaments/mens/worldcup/canadamexicousa2026/articles/match-schedule-fixtures-results-teams-stadiums,Official FIFA final squad candidate pool row. Add homogeneous player-stat source before scoring.,Official FIFA final squad — FW/MF candidate pool,https://inside.fifa.com/organisation/media-releases/world-cup-2026-48-squads-confirmed,candidate_pool_no_player_stats_yet,TRUE,2026-06-09,BIH,14,MF,SUNJIC Ivan,Ivan,ŠUNJIĆ,ŠUNJIĆ,09/10/1996,183,FALSE,needs_stats_enrichment,https://fdp.fifa.org/assetspublic/ce281/pdf/SquadLists-English.pdf
Endrick Felipe MOREIRA DE SOUSA PESSOA,Brazil,Olympique Lyonnais (FRA),Forward,,,,,,,,,,,5.1,55,0.35,1.1,1.03,0.05,0.17,0.78,0.35,https://fdp.fifa.org/assetspublic/ce281/pdf/SquadLists-English.pdf,,https://www.fifa.com/en/tournaments/mens/worldcup/canadamexicousa2026/articles/match-schedule-fixtures-results-teams-stadiums,Official FIFA final squad candidate pool row. Add homogeneous player-stat source before scoring.,Official FIFA final squad — FW/MF candidate pool,https://inside.fifa.com/organisation/media-releases/world-cup-2026-48-squads-confirmed,candidate_pool_no_player_stats_yet,TRUE,2026-06-09,BRA,19,FW,ENDRICK,Endrick Felipe,MOREIRA DE SOUSA PESSOA,ENDRICK,21/07/2006,172,FALSE,needs_stats_enrichment,https://fdp.fifa.org/assetspublic/ce281/pdf/SquadLists-English.pdf
Gabriel TEODORO MARTINELLI SILVA,Brazil,Arsenal FC (ENG),Forward,,,,,,,,,,,5.1,55,0.35,1.1,1.03,0.05,0.17,0.78,0.35,https://fdp.fifa.org/assetspublic/ce281/pdf/SquadLists-English.pdf,,https://www.fifa.com/en/tournaments/mens/worldcup/canadamexicousa2026/articles/match-schedule-fixtures-results-teams-stadiums,Official FIFA final squad candidate pool row. Add homogeneous player-stat source before scoring.,Official FIFA final squad — FW/MF candidate pool,https://inside.fifa.com/organisation/media-releases/world-cup-2026-48-squads-confirmed,candidate_pool_no_player_stats_yet,TRUE,2026-06-09,BRA,22,FW,GABRIEL MARTINELLI,Gabriel,TEODORO MARTINELLI SILVA,MARTINELLI,18/06/2001,178,FALSE,needs_stats_enrichment,https://fdp.fifa.org/assetspublic/ce281/pdf/SquadLists-English.pdf
Igor Thiago NASCIMENTO RODRIGUES,Brazil,Brentford FC (ENG),Forward,,,,,,,,,,,5.1,55,0.35,1.1,1.03,0.05,0.17,0.78,0.35,https://fdp.fifa.org/assetspublic/ce281/pdf/SquadLists-English.pdf,,https://www.fifa.com/en/tournaments/mens/worldcup/canadamexicousa2026/articles/match-schedule-fixtures-results-teams-stadiums,Official FIFA final squad candidate pool row. Add homogeneous player-stat source before scoring.,Official FIFA final squad — FW/MF candidate pool,https://inside.fifa.com/organisation/media-releases/world-cup-2026-48-squads-confirmed,candidate_pool_no_player_stats_yet,TRUE,2026-06-09,BRA,25,FW,IGOR THIAGO,Igor Thiago,NASCIMENTO RODRIGUES,THIAGO,26/06/2001,190,FALSE,needs_stats_enrichment,https://fdp.fifa.org/assetspublic/ce281/pdf/SquadLists-English.pdf
Luiz Henrique André ROSA DA SILVA,Brazil,FC Zenit St. Petersburg (RUS),Forward,,,,,,,,,,,5.1,55,0.35,1.1,1.03,0.05,0.17,0.78,0.35,https://fdp.fifa.org/assetspublic/ce281/pdf/SquadLists-English.pdf,,https://www.fifa.com/en/tournaments/mens/worldcup/canadamexicousa2026/articles/match-schedule-fixtures-results-teams-stadiums,Official FIFA final squad candidate pool row. Add homogeneous player-stat source before scoring.,Official FIFA final squad — FW/MF candidate pool,https://inside.fifa.com/organisation/media-releases/world-cup-2026-48-squads-confirmed,candidate_pool_no_player_stats_yet,TRUE,2026-06-09,BRA,21,FW,LUIZ HENRIQUE,Luiz Henrique André,ROSA DA SILVA,L. HENRIQUE,02/01/2001,182,FALSE,needs_stats_enrichment,https://fdp.fifa.org/assetspublic/ce281/pdf/SquadLists-English.pdf
Matheus SANTOS CARNEIRO DA CUNHA,Brazil,Manchester United FC (ENG),Forward,,,,,,,,,,,5.1,55,0.35,1.1,1.03,0.05,0.17,0.78,0.35,https://fdp.fifa.org/assetspublic/ce281/pdf/SquadLists-English.pdf,,https://www.fifa.com/en/tournaments/mens/worldcup/canadamexicousa2026/articles/match-schedule-fixtures-results-teams-stadiums,Official FIFA final squad candidate pool row. Add homogeneous player-stat source before scoring.,Official FIFA final squad — FW/MF candidate pool,https://inside.fifa.com/organisation/media-releases/world-cup-2026-48-squads-confirmed,candidate_pool_no_player_stats_yet,TRUE,2026-06-09,BRA,9,FW,MATHEUS CUNHA,Matheus,SANTOS CARNEIRO DA CUNHA,CUNHA,27/05/1999,183,FALSE,needs_stats_enrichment,https://fdp.fifa.org/assetspublic/ce281/pdf/SquadLists-English.pdf
Neymar DA SILVA SANTOS JÚNIOR,Brazil,Santos FC (BRA),Forward,,,,,,,,,,,5.1,55,0.35,1.1,1.03,0.05,0.17,0.78,0.35,https://fdp.fifa.org/assetspublic/ce281/pdf/SquadLists-English.pdf,,https://www.fifa.com/en/tournaments/mens/worldcup/canadamexicousa2026/articles/match-schedule-fixtures-results-teams-stadiums,Official FIFA final squad candidate pool row. Add homogeneous player-stat source before scoring.,Official FIFA final squad — FW/MF candidate pool,https://inside.fifa.com/organisation/media-releases/world-cup-2026-48-squads-confirmed,candidate_pool_no_player_stats_yet,TRUE,2026-06-09,BRA,10,FW,NEYMAR JR,Neymar,DA SILVA SANTOS JÚNIOR,NEYMAR JR,05/02/1992,175,FALSE,needs_stats_enrichment,https://fdp.fifa.org/assetspublic/ce281/pdf/SquadLists-English.pdf
Rayan Vitor SIMPLICIO ROCHA,Brazil,AFC Bournemouth (ENG),Forward,,,,,,,,,,,5.1,55,0.35,1.1,1.03,0.05,0.17,0.78,0.35,https://fdp.fifa.org/assetspublic/ce281/pdf/SquadLists-English.pdf,,https://www.fifa.com/en/tournaments/mens/worldcup/canadamexicousa2026/articles/match-schedule-fixtures-results-teams-stadiums,Official FIFA final squad candidate pool row. Add homogeneous player-stat source before scoring.,Official FIFA final squad — FW/MF candidate pool,https://inside.fifa.com/organisation/media-releases/world-cup-2026-48-squads-confirmed,candidate_pool_no_player_stats_yet,TRUE,2026-06-09,BRA,26,FW,RAYAN,Rayan Vitor,SIMPLICIO ROCHA,RAYAN,03/08/2006,187,FALSE,needs_stats_enrichment,https://fdp.fifa.org/assetspublic/ce281/pdf/SquadLists-English.pdf
Bruno GUIMARÃES RODRIGUEZ MOURA,Brazil,Newcastle United FC (ENG),Midfielder,,,,,,,,,,,5.1,55,0.35,1.1,1.03,0.05,0.17,0.78,0.35,https://fdp.fifa.org/assetspublic/ce281/pdf/SquadLists-English.pdf,,https://www.fifa.com/en/tournaments/mens/worldcup/canadamexicousa2026/articles/match-schedule-fixtures-results-teams-stadiums,Official FIFA final squad candidate pool row. Add homogeneous player-stat source before scoring.,Official FIFA final squad — FW/MF candidate pool,https://inside.fifa.com/organisation/media-releases/world-cup-2026-48-squads-confirmed,candidate_pool_no_player_stats_yet,TRUE,2026-06-09,BRA,8,MF,BRUNO GUIMARAES,Bruno,GUIMARÃES RODRIGUEZ MOURA,BRUNO G.,16/11/1997,182,FALSE,needs_stats_enrichment,https://fdp.fifa.org/assetspublic/ce281/pdf/SquadLists-English.pdf
Carlos Henrique CASIMIRO,Brazil,Manchester United FC (ENG),Midfielder,,,,,,,,,,,5.1,55,0.35,1.1,1.03,0.05,0.17,0.78,0.35,https://fdp.fifa.org/assetspublic/ce281/pdf/SquadLists-English.pdf,,https://www.fifa.com/en/tournaments/mens/worldcup/canadamexicousa2026/articles/match-schedule-fixtures-results-teams-stadiums,Official FIFA final squad candidate pool row. Add homogeneous player-stat source before scoring.,Official FIFA final squad — FW/MF candidate pool,https://inside.fifa.com/organisation/media-releases/world-cup-2026-48-squads-confirmed,candidate_pool_no_player_stats_yet,TRUE,2026-06-09,BRA,5,MF,CASEMIRO,Carlos Henrique,CASIMIRO,CASEMIRO,23/02/1992,185,FALSE,needs_stats_enrichment,https://fdp.fifa.org/assetspublic/ce281/pdf/SquadLists-English.pdf
Danilo DOS SANTOS DE OLIVEIRA,Brazil,Botafogo (BRA),Midfielder,,,,,,,,,,,5.1,55,0.35,1.1,1.03,0.05,0.17,0.78,0.35,https://fdp.fifa.org/assetspublic/ce281/pdf/SquadLists-English.pdf,,https://www.fifa.com/en/tournaments/mens/worldcup/canadamexicousa2026/articles/match-schedule-fixtures-results-teams-stadiums,Official FIFA final squad candidate pool row. Add homogeneous player-stat source before scoring.,Official FIFA final squad — FW/MF candidate pool,https://inside.fifa.com/organisation/media-releases/world-cup-2026-48-squads-confirmed,candidate_pool_no_player_stats_yet,TRUE,2026-06-09,BRA,18,MF,DANILO SANTOS,Danilo,DOS SANTOS DE OLIVEIRA,DANILO S.,29/04/2001,177,FALSE,needs_stats_enrichment,https://fdp.fifa.org/assetspublic/ce281/pdf/SquadLists-English.pdf
Fabio Henrique TAVARES,Brazil,Al Ittihad (KSA),Midfielder,,,,,,,,,,,5.1,55,0.35,1.1,1.03,0.05,0.17,0.78,0.35,https://fdp.fifa.org/assetspublic/ce281/pdf/SquadLists-English.pdf,,https://www.fifa.com/en/tournaments/mens/worldcup/canadamexicousa2026/articles/match-schedule-fixtures-results-teams-stadiums,Official FIFA final squad candidate pool row. Add homogeneous player-stat source before scoring.,Official FIFA final squad — FW/MF candidate pool,https://inside.fifa.com/organisation/media-releases/world-cup-2026-48-squads-confirmed,candidate_pool_no_player_stats_yet,TRUE,2026-06-09,BRA,17,MF,FABINHO,Fabio Henrique,TAVARES,FABINHO,23/10/1993,188,FALSE,needs_stats_enrichment,https://fdp.fifa.org/assetspublic/ce281/pdf/SquadLists-English.pdf
Lucas TOLENTINO COELHO DE LIMA,Brazil,CR Flamengo (BRA),Midfielder,,,,,,,,,,,5.1,55,0.35,1.1,1.03,0.05,0.17,0.78,0.35,https://fdp.fifa.org/assetspublic/ce281/pdf/SquadLists-English.pdf,,https://www.fifa.com/en/tournaments/mens/worldcup/canadamexicousa2026/articles/match-schedule-fixtures-results-teams-stadiums,Official FIFA final squad candidate pool row. Add homogeneous player-stat source before scoring.,Official FIFA final squad — FW/MF candidate pool,https://inside.fifa.com/organisation/media-releases/world-cup-2026-48-squads-confirmed,candidate_pool_no_player_stats_yet,TRUE,2026-06-09,BRA,20,MF,LUCAS PAQUETA,Lucas,TOLENTINO COELHO DE LIMA,L. PAQUETÁ,27/08/1997,183,FALSE,needs_stats_enrichment,https://fdp.fifa.org/assetspublic/ce281/pdf/SquadLists-English.pdf
Éderson José DOS SANTOS LOURENÇO DA SILVA,Brazil,Atalanta Bergamo (ITA),Midfielder,,,,,,,,,,,5.1,55,0.35,1.1,1.03,0.05,0.17,0.78,0.35,https://fdp.fifa.org/assetspublic/ce281/pdf/SquadLists-English.pdf,,https://www.fifa.com/en/tournaments/mens/worldcup/canadamexicousa2026/articles/match-schedule-fixtures-results-teams-stadiums,Official FIFA final squad candidate pool row. Add homogeneous player-stat source before scoring.,Official FIFA final squad — FW/MF candidate pool,https://inside.fifa.com/organisation/media-releases/world-cup-2026-48-squads-confirmed,candidate_pool_no_player_stats_yet,TRUE,2026-06-09,BRA,2,MF,EDERSON SILVA,Éderson José,DOS SANTOS LOURENÇO DA SILVA,ÉDERSON S.,07/07/1999,184,FALSE,needs_stats_enrichment,https://fdp.fifa.org/assetspublic/ce281/pdf/SquadLists-English.pdf
Dailon ROCHA LIVRAMENTO,Cabo Verde,Casa Pia AC (POR),Forward,,,,,,,,,,,3.2,55,0.35,1.0,1.0,0.05,0.15,0.78,0.35,https://fdp.fifa.org/assetspublic/ce281/pdf/SquadLists-English.pdf,,https://www.fifa.com/en/tournaments/mens/worldcup/canadamexicousa2026/articles/match-schedule-fixtures-results-teams-stadiums,Official FIFA final squad candidate pool row. Add homogeneous player-stat source before scoring.,Official FIFA final squad — FW/MF candidate pool,https://inside.fifa.com/organisation/media-releases/world-cup-2026-48-squads-confirmed,candidate_pool_no_player_stats_yet,TRUE,2026-06-09,CPV,19,FW,DAILON LIVRAMENTO,Dailon,ROCHA LIVRAMENTO,LIVRAMENTO,04/05/2001,185,FALSE,needs_stats_enrichment,https://fdp.fifa.org/assetspublic/ce281/pdf/SquadLists-English.pdf
Gilson BENCHIMOL TAVARES,Cabo Verde,FC Akron Tolyatti (RUS),Forward,,,,,,,,,,,3.2,55,0.35,1.0,1.0,0.05,0.15,0.78,0.35,https://fdp.fifa.org/assetspublic/ce281/pdf/SquadLists-English.pdf,,https://www.fifa.com/en/tournaments/mens/worldcup/canadamexicousa2026/articles/match-schedule-fixtures-results-teams-stadiums,Official FIFA final squad candidate pool row. Add homogeneous player-stat source before scoring.,Official FIFA final squad — FW/MF candidate pool,https://inside.fifa.com/organisation/media-releases/world-cup-2026-48-squads-confirmed,candidate_pool_no_player_stats_yet,TRUE,2026-06-09,CPV,9,FW,GILSON BENCHIMOL,Gilson,BENCHIMOL TAVARES,BENCHIMOL,29/12/2001,187,FALSE,needs_stats_enrichment,https://fdp.fifa.org/assetspublic/ce281/pdf/SquadLists-English.pdf
Ryan Isaac DA GRACA MENDES,Cabo Verde,Iğdır FK (TUR),Forward,,,,,,,,,,,3.2,55,0.35,1.0,1.0,0.05,0.15,0.78,0.35,https://fdp.fifa.org/assetspublic/ce281/pdf/SquadLists-English.pdf,,https://www.fifa.com/en/tournaments/mens/worldcup/canadamexicousa2026/articles/match-schedule-fixtures-results-teams-stadiums,Official FIFA final squad candidate pool row. Add homogeneous player-stat source before scoring.,Official FIFA final squad — FW/MF candidate pool,https://inside.fifa.com/organisation/media-releases/world-cup-2026-48-squads-confirmed,candidate_pool_no_player_stats_yet,TRUE,2026-06-09,CPV,20,FW,RYAN MENDES,Ryan Isaac,DA GRACA MENDES,RYAN,08/01/1990,178,FALSE,needs_stats_enrichment,https://fdp.fifa.org/assetspublic/ce281/pdf/SquadLists-English.pdf
Deroy D'ENCARNAÇÃO DUARTE,Cabo Verde,PFC Ludogorets Razgrad (BUL),Midfielder,,,,,,,,,,,3.2,55,0.35,1.0,1.0,0.05,0.15,0.78,0.35,https://fdp.fifa.org/assetspublic/ce281/pdf/SquadLists-English.pdf,,https://www.fifa.com/en/tournaments/mens/worldcup/canadamexicousa2026/articles/match-schedule-fixtures-results-teams-stadiums,Official FIFA final squad candidate pool row. Add homogeneous player-stat source before scoring.,Official FIFA final squad — FW/MF candidate pool,https://inside.fifa.com/organisation/media-releases/world-cup-2026-48-squads-confirmed,candidate_pool_no_player_stats_yet,TRUE,2026-06-09,CPV,14,MF,DEROY DUARTE,Deroy,D'ENCARNAÇÃO DUARTE,D. DUARTE,04/07/1999,177,FALSE,needs_stats_enrichment,https://fdp.fifa.org/assetspublic/ce281/pdf/SquadLists-English.pdf
Garry MENDES RODRIGUES,Cabo Verde,Apollon Limassol (CYP),Midfielder,,,,,,,,,,,3.2,55,0.35,1.0,1.0,0.05,0.15,0.78,0.35,https://fdp.fifa.org/assetspublic/ce281/pdf/SquadLists-English.pdf,,https://www.fifa.com/en/tournaments/mens/worldcup/canadamexicousa2026/articles/match-schedule-fixtures-results-teams-stadiums,Official FIFA final squad candidate pool row. Add homogeneous player-stat source before scoring.,Official FIFA final squad — FW/MF candidate pool,https://inside.fifa.com/organisation/media-releases/world-cup-2026-48-squads-confirmed,candidate_pool_no_player_stats_yet,TRUE,2026-06-09,CPV,11,MF,GARRY RODRIGUES,Garry,MENDES RODRIGUES,RODRIGUES,27/11/1990,173,FALSE,needs_stats_enrichment,https://fdp.fifa.org/assetspublic/ce281/pdf/SquadLists-English.pdf
Hélio Sandro OLIVEIRA ALVES VARELA,Cabo Verde,Maccabi Tel-Aviv FC (ISR),Midfielder,,,,,,,,,,,3.2,55,0.35,1.0,1.0,0.05,0.15,0.78,0.35,https://fdp.fifa.org/assetspublic/ce281/pdf/SquadLists-English.pdf,,https://www.fifa.com/en/tournaments/mens/worldcup/canadamexicousa2026/articles/match-schedule-fixtures-results-teams-stadiums,Official FIFA final squad candidate pool row. Add homogeneous player-stat source before scoring.,Official FIFA final squad — FW/MF candidate pool,https://inside.fifa.com/organisation/media-releases/world-cup-2026-48-squads-confirmed,candidate_pool_no_player_stats_yet,TRUE,2026-06-09,CPV,26,MF,HELIO VARELA,Hélio Sandro,OLIVEIRA ALVES VARELA,HÉLIO,03/05/2002,176,FALSE,needs_stats_enrichment,https://fdp.fifa.org/assetspublic/ce281/pdf/SquadLists-English.pdf
Jair SEMEDO MONTEIRO,Cabo Verde,SC Farense (POR),Midfielder,,,,,,,,,,,3.2,55,0.35,1.0,1.0,0.05,0.15,0.78,0.35,https://fdp.fifa.org/assetspublic/ce281/pdf/SquadLists-English.pdf,,https://www.fifa.com/en/tournaments/mens/worldcup/canadamexicousa2026/articles/match-schedule-fixtures-results-teams-stadiums,Official FIFA final squad candidate pool row. Add homogeneous player-stat source before scoring.,Official FIFA final squad — FW/MF candidate pool,https://inside.fifa.com/organisation/media-releases/world-cup-2026-48-squads-confirmed,candidate_pool_no_player_stats_yet,TRUE,2026-06-09,CPV,16,MF,YANNICK SEMEDO,Jair,SEMEDO MONTEIRO,Y. SEMEDO,29/12/1995,176,FALSE,needs_stats_enrichment,https://fdp.fifa.org/assetspublic/ce281/pdf/SquadLists-English.pdf
Jamiro Gregory MONTEIRO ALVARENGA,Cabo Verde,PEC Zwolle (NED),Midfielder,,,,,,,,,,,3.2,55,0.35,1.0,1.0,0.05,0.15,0.78,0.35,https://fdp.fifa.org/assetspublic/ce281/pdf/SquadLists-English.pdf,,https://www.fifa.com/en/tournaments/mens/worldcup/canadamexicousa2026/articles/match-schedule-fixtures-results-teams-stadiums,Official FIFA final squad candidate pool row. Add homogeneous player-stat source before scoring.,Official FIFA final squad — FW/MF candidate pool,https://inside.fifa.com/organisation/media-releases/world-cup-2026-48-squads-confirmed,candidate_pool_no_player_stats_yet,TRUE,2026-06-09,CPV,10,MF,JAMIRO MONTEIRO,Jamiro Gregory,MONTEIRO ALVARENGA,MONTEIRO,23/11/1993,175,FALSE,needs_stats_enrichment,https://fdp.fifa.org/assetspublic/ce281/pdf/SquadLists-English.pdf
Jovane Eduardo BORGES CABRAL,Cabo Verde,CF Estrela Da Amadora (POR),Midfielder,,,,,,,,,,,3.2,55,0.35,1.0,1.0,0.05,0.15,0.78,0.35,https://fdp.fifa.org/assetspublic/ce281/pdf/SquadLists-English.pdf,,https://www.fifa.com/en/tournaments/mens/worldcup/canadamexicousa2026/articles/match-schedule-fixtures-results-teams-stadiums,Official FIFA final squad candidate pool row. Add homogeneous player-stat source before scoring.,Official FIFA final squad — FW/MF candidate pool,https://inside.fifa.com/organisation/media-releases/world-cup-2026-48-squads-confirmed,candidate_pool_no_player_stats_yet,TRUE,2026-06-09,CPV,7,MF,JOVANE CABRAL,Jovane Eduardo,BORGES CABRAL,JOVANE,14/06/1998,174,FALSE,needs_stats_enrichment,https://fdp.fifa.org/assetspublic/ce281/pdf/SquadLists-English.pdf
João Paulo MOREIRA FERNANDES,Cabo Verde,FC FCSB (ROU),Midfielder,,,,,,,,,,,3.2,55,0.35,1.0,1.0,0.05,0.15,0.78,0.35,https://fdp.fifa.org/assetspublic/ce281/pdf/SquadLists-English.pdf,,https://www.fifa.com/en/tournaments/mens/worldcup/canadamexicousa2026/articles/match-schedule-fixtures-results-teams-stadiums,Official FIFA final squad candidate pool row. Add homogeneous player-stat source before scoring.,Official FIFA final squad — FW/MF candidate pool,https://inside.fifa.com/organisation/media-releases/world-cup-2026-48-squads-confirmed,candidate_pool_no_player_stats_yet,TRUE,2026-06-09,CPV,8,MF,JOAO PAULO,João Paulo,MOREIRA FERNANDES,JOÃO PAULO,26/05/1998,180,FALSE,needs_stats_enrichment,https://fdp.fifa.org/assetspublic/ce281/pdf/SquadLists-English.pdf
Kevin Lenini GONÇALVES PEREIRA DE PINA,Cabo Verde,FC Krasnodar (RUS),Midfielder,,,,,,,,,,,3.2,55,0.35,1.0,1.0,0.05,0.15,0.78,0.35,https://fdp.fifa.org/assetspublic/ce281/pdf/SquadLists-English.pdf,,https://www.fifa.com/en/tournaments/mens/worldcup/canadamexicousa2026/articles/match-schedule-fixtures-results-teams-stadiums,Official FIFA final squad candidate pool row. Add homogeneous player-stat source before scoring.,Official FIFA final squad — FW/MF candidate pool,https://inside.fifa.com/organisation/media-releases/world-cup-2026-48-squads-confirmed,candidate_pool_no_player_stats_yet,TRUE,2026-06-09,CPV,6,MF,KEVIN PINA,Kevin Lenini,GONÇALVES PEREIRA DE PINA,KEVIN L.,27/01/1997,177,FALSE,needs_stats_enrichment,https://fdp.fifa.org/assetspublic/ce281/pdf/SquadLists-English.pdf
Laros Michael D'ENCARNAÇÃO DUARTE,Cabo Verde,Puskás Akadémia FC (HUN),Midfielder,,,,,,,,,,,3.2,55,0.35,1.0,1.0,0.05,0.15,0.78,0.35,https://fdp.fifa.org/assetspublic/ce281/pdf/SquadLists-English.pdf,,https://www.fifa.com/en/tournaments/mens/worldcup/canadamexicousa2026/articles/match-schedule-fixtures-results-teams-stadiums,Official FIFA final squad candidate pool row. Add homogeneous player-stat source before scoring.,Official FIFA final squad — FW/MF candidate pool,https://inside.fifa.com/organisation/media-releases/world-cup-2026-48-squads-confirmed,candidate_pool_no_player_stats_yet,TRUE,2026-06-09,CPV,15,MF,LAROS DUARTE,Laros Michael,D'ENCARNAÇÃO DUARTE,L. DUARTE,28/02/1997,180,FALSE,needs_stats_enrichment,https://fdp.fifa.org/assetspublic/ce281/pdf/SquadLists-English.pdf
Nuno Miguel DA COSTA JOIA,Cabo Verde,Başakşehir FK (TUR),Midfielder,,,,,,,,,,,3.2,55,0.35,1.0,1.0,0.05,0.15,0.78,0.35,https://fdp.fifa.org/assetspublic/ce281/pdf/SquadLists-English.pdf,,https://www.fifa.com/en/tournaments/mens/worldcup/canadamexicousa2026/articles/match-schedule-fixtures-results-teams-stadiums,Official FIFA final squad candidate pool row. Add homogeneous player-stat source before scoring.,Official FIFA final squad — FW/MF candidate pool,https://inside.fifa.com/organisation/media-releases/world-cup-2026-48-squads-confirmed,candidate_pool_no_player_stats_yet,TRUE,2026-06-09,CPV,21,MF,NUNO DA COSTA,Nuno Miguel,DA COSTA JOIA,DA COSTA,10/02/1991,182,FALSE,needs_stats_enrichment,https://fdp.fifa.org/assetspublic/ce281/pdf/SquadLists-English.pdf
Telmo Emanuel GOMES ARCANJO,Cabo Verde,Vitória SC (POR),Midfielder,,,,,,,,,,,3.2,55,0.35,1.0,1.0,0.05,0.15,0.78,0.35,https://fdp.fifa.org/assetspublic/ce281/pdf/SquadLists-English.pdf,,https://www.fifa.com/en/tournaments/mens/worldcup/canadamexicousa2026/articles/match-schedule-fixtures-results-teams-stadiums,Official FIFA final squad candidate pool row. Add homogeneous player-stat source before scoring.,Official FIFA final squad — FW/MF candidate pool,https://inside.fifa.com/organisation/media-releases/world-cup-2026-48-squads-confirmed,candidate_pool_no_player_stats_yet,TRUE,2026-06-09,CPV,18,MF,TELMO ARCANJO,Telmo Emanuel,GOMES ARCANJO,ARCANJO,21/06/2001,180,FALSE,needs_stats_enrichment,https://fdp.fifa.org/assetspublic/ce281/pdf/SquadLists-English.pdf
Willy Johnson SEMEDO AFONSO,Cabo Verde,AC Omonia (CYP),Midfielder,,,,,,,,,,,3.2,55,0.35,1.0,1.0,0.05,0.15,0.78,0.35,https://fdp.fifa.org/assetspublic/ce281/pdf/SquadLists-English.pdf,,https://www.fifa.com/en/tournaments/mens/worldcup/canadamexicousa2026/articles/match-schedule-fixtures-results-teams-stadiums,Official FIFA final squad candidate pool row. Add homogeneous player-stat source before scoring.,Official FIFA final squad — FW/MF candidate pool,https://inside.fifa.com/organisation/media-releases/world-cup-2026-48-squads-confirmed,candidate_pool_no_player_stats_yet,TRUE,2026-06-09,CPV,17,MF,WILLY SEMEDO,Willy Johnson,SEMEDO AFONSO,SEMEDO,27/04/1994,185,FALSE,needs_stats_enrichment,https://fdp.fifa.org/assetspublic/ce281/pdf/SquadLists-English.pdf
Ali AHMED,Canada,Norwich City FC (ENG),Forward,,,,,,,,,,,3.7,55,0.35,0.98,1.02,0.05,0.16,0.78,0.35,https://fdp.fifa.org/assetspublic/ce281/pdf/SquadLists-English.pdf,,https://www.fifa.com/en/tournaments/mens/worldcup/canadamexicousa2026/articles/match-schedule-fixtures-results-teams-stadiums,Official FIFA final squad candidate pool row. Add homogeneous player-stat source before scoring.,Official FIFA final squad — FW/MF candidate pool,https://inside.fifa.com/organisation/media-releases/world-cup-2026-48-squads-confirmed,candidate_pool_no_player_stats_yet,TRUE,2026-06-09,CAN,20,FW,AHMED Ali,Ali,AHMED,AHMED,10/10/2000,180,FALSE,needs_stats_enrichment,https://fdp.fifa.org/assetspublic/ce281/pdf/SquadLists-English.pdf
Cyle Christopher LARIN,Canada,Southampton FC (ENG),Forward,,,,,,,,,,,3.7,55,0.35,0.98,1.02,0.05,0.16,0.78,0.35,https://fdp.fifa.org/assetspublic/ce281/pdf/SquadLists-English.pdf,,https://www.fifa.com/en/tournaments/mens/worldcup/canadamexicousa2026/articles/match-schedule-fixtures-results-teams-stadiums,Official FIFA final squad candidate pool row. Add homogeneous player-stat source before scoring.,Official FIFA final squad — FW/MF candidate pool,https://inside.fifa.com/organisation/media-releases/world-cup-2026-48-squads-confirmed,candidate_pool_no_player_stats_yet,TRUE,2026-06-09,CAN,9,FW,LARIN Cyle,Cyle Christopher,LARIN,LARIN,17/04/1995,188,FALSE,needs_stats_enrichment,https://fdp.fifa.org/assetspublic/ce281/pdf/SquadLists-English.pdf
Promise Oluwatobi Emmanuel DAVID,Canada,Royale Union Saint-Gilloise (BEL),Forward,,,,,,,,,,,3.7,55,0.35,0.98,1.02,0.05,0.16,0.78,0.35,https://fdp.fifa.org/assetspublic/ce281/pdf/SquadLists-English.pdf,,https://www.fifa.com/en/tournaments/mens/worldcup/canadamexicousa2026/articles/match-schedule-fixtures-results-teams-stadiums,Official FIFA final squad candidate pool row. Add homogeneous player-stat source before scoring.,Official FIFA final squad — FW/MF candidate pool,https://inside.fifa.com/organisation/media-releases/world-cup-2026-48-squads-confirmed,candidate_pool_no_player_stats_yet,TRUE,2026-06-09,CAN,24,FW,DAVID Promise,Promise Oluwatobi Emmanuel,DAVID,PROMISE,03/07/2001,195,FALSE,needs_stats_enrichment,https://fdp.fifa.org/assetspublic/ce281/pdf/SquadLists-English.pdf
Tajon Trevor BUCHANAN,Canada,Villarreal CF (ESP),Forward,,,,,,,,,,,3.7,55,0.35,0.98,1.02,0.05,0.16,0.78,0.35,https://fdp.fifa.org/assetspublic/ce281/pdf/SquadLists-English.pdf,,https://www.fifa.com/en/tournaments/mens/worldcup/canadamexicousa2026/articles/match-schedule-fixtures-results-teams-stadiums,Official FIFA final squad candidate pool row. Add homogeneous player-stat source before scoring.,Official FIFA final squad — FW/MF candidate pool,https://inside.fifa.com/organisation/media-releases/world-cup-2026-48-squads-confirmed,candidate_pool_no_player_stats_yet,TRUE,2026-06-09,CAN,17,FW,BUCHANAN Tajon,Tajon Trevor,BUCHANAN,BUCHANAN,08/02/1999,183,FALSE,needs_stats_enrichment,https://fdp.fifa.org/assetspublic/ce281/pdf/SquadLists-English.pdf
Tanitoluwa Oluwatimilehin OLUWASEYI,Canada,Villarreal CF (ESP),Forward,,,,,,,,,,,3.7,55,0.35,0.98,1.02,0.05,0.16,0.78,0.35,https://fdp.fifa.org/assetspublic/ce281/pdf/SquadLists-English.pdf,,https://www.fifa.com/en/tournaments/mens/worldcup/canadamexicousa2026/articles/match-schedule-fixtures-results-teams-stadiums,Official FIFA final squad candidate pool row. Add homogeneous player-stat source before scoring.,Official FIFA final squad — FW/MF candidate pool,https://inside.fifa.com/organisation/media-releases/world-cup-2026-48-squads-confirmed,candidate_pool_no_player_stats_yet,TRUE,2026-06-09,CAN,12,FW,OLUWASEYI Tani,Tanitoluwa Oluwatimilehin,OLUWASEYI,OLUWASEYI,15/05/2000,187,FALSE,needs_stats_enrichment,https://fdp.fifa.org/assetspublic/ce281/pdf/SquadLists-English.pdf
Ismaël Kenneth Jordan KONE,Canada,US Sassuolo (ITA),Midfielder,,,,,,,,,,,3.7,55,0.35,0.98,1.02,0.05,0.16,0.78,0.35,https://fdp.fifa.org/assetspublic/ce281/pdf/SquadLists-English.pdf,,https://www.fifa.com/en/tournaments/mens/worldcup/canadamexicousa2026/articles/match-schedule-fixtures-results-teams-stadiums,Official FIFA final squad candidate pool row. Add homogeneous player-stat source before scoring.,Official FIFA final squad — FW/MF candidate pool,https://inside.fifa.com/organisation/media-releases/world-cup-2026-48-squads-confirmed,candidate_pool_no_player_stats_yet,TRUE,2026-06-09,CAN,8,MF,KONE Ismael,Ismaël Kenneth Jordan,KONE,KONÉ,16/06/2002,188,FALSE,needs_stats_enrichment,https://fdp.fifa.org/assetspublic/ce281/pdf/SquadLists-English.pdf
Jacob Everett SHAFFELBURG,Canada,LAFC (USA),Midfielder,,,,,,,,,,,3.7,55,0.35,0.98,1.02,0.05,0.16,0.78,0.35,https://fdp.fifa.org/assetspublic/ce281/pdf/SquadLists-English.pdf,,https://www.fifa.com/en/tournaments/mens/worldcup/canadamexicousa2026/articles/match-schedule-fixtures-results-teams-stadiums,Official FIFA final squad candidate pool row. Add homogeneous player-stat source before scoring.,Official FIFA final squad — FW/MF candidate pool,https://inside.fifa.com/organisation/media-releases/world-cup-2026-48-squads-confirmed,candidate_pool_no_player_stats_yet,TRUE,2026-06-09,CAN,14,MF,SHAFFELBURG Jacob,Jacob Everett,SHAFFELBURG,SHAFFELBURG,26/11/1999,181,FALSE,needs_stats_enrichment,https://fdp.fifa.org/assetspublic/ce281/pdf/SquadLists-English.pdf
Jonathan OSORIO,Canada,Toronto FC (CAN),Midfielder,,,,,,,,,,,3.7,55,0.35,0.98,1.02,0.05,0.16,0.78,0.35,https://fdp.fifa.org/assetspublic/ce281/pdf/SquadLists-English.pdf,,https://www.fifa.com/en/tournaments/mens/worldcup/canadamexicousa2026/articles/match-schedule-fixtures-results-teams-stadiums,Official FIFA final squad candidate pool row. Add homogeneous player-stat source before scoring.,Official FIFA final squad — FW/MF candidate pool,https://inside.fifa.com/organisation/media-releases/world-cup-2026-48-squads-confirmed,candidate_pool_no_player_stats_yet,TRUE,2026-06-09,CAN,21,MF,OSORIO Jonathan,Jonathan,OSORIO,OSORIO,12/06/1992,175,FALSE,needs_stats_enrichment,https://fdp.fifa.org/assetspublic/ce281/pdf/SquadLists-English.pdf
Liam Alan MILLAR,Canada,Hull City FC (ENG),Midfielder,,,,,,,,,,,3.7,55,0.35,0.98,1.02,0.05,0.16,0.78,0.35,https://fdp.fifa.org/assetspublic/ce281/pdf/SquadLists-English.pdf,,https://www.fifa.com/en/tournaments/mens/worldcup/canadamexicousa2026/articles/match-schedule-fixtures-results-teams-stadiums,Official FIFA final squad candidate pool row. Add homogeneous player-stat source before scoring.,Official FIFA final squad — FW/MF candidate pool,https://inside.fifa.com/organisation/media-releases/world-cup-2026-48-squads-confirmed,candidate_pool_no_player_stats_yet,TRUE,2026-06-09,CAN,11,MF,MILLAR Liam,Liam Alan,MILLAR,MILLAR,27/09/1999,176,FALSE,needs_stats_enrichment,https://fdp.fifa.org/assetspublic/ce281/pdf/SquadLists-English.pdf
Marcelo FLORES,Canada,Tigres UANL (MEX),Midfielder,,,,,,,,,,,3.7,55,0.35,0.98,1.02,0.05,0.16,0.78,0.35,https://fdp.fifa.org/assetspublic/ce281/pdf/SquadLists-English.pdf,,https://www.fifa.com/en/tournaments/mens/worldcup/canadamexicousa2026/articles/match-schedule-fixtures-results-teams-stadiums,Official FIFA final squad candidate pool row. Add homogeneous player-stat source before scoring.,Official FIFA final squad — FW/MF candidate pool,https://inside.fifa.com/organisation/media-releases/world-cup-2026-48-squads-confirmed,candidate_pool_no_player_stats_yet,TRUE,2026-06-09,CAN,26,MF,FLORES Marcelo,Marcelo,FLORES,MARCELO,01/10/2003,164,FALSE,needs_stats_enrichment,https://fdp.fifa.org/assetspublic/ce281/pdf/SquadLists-English.pdf
Mathieu CHOINIÈRE,Canada,LAFC (USA),Midfielder,,,,,,,,,,,3.7,55,0.35,0.98,1.02,0.05,0.16,0.78,0.35,https://fdp.fifa.org/assetspublic/ce281/pdf/SquadLists-English.pdf,,https://www.fifa.com/en/tournaments/mens/worldcup/canadamexicousa2026/articles/match-schedule-fixtures-results-teams-stadiums,Official FIFA final squad candidate pool row. Add homogeneous player-stat source before scoring.,Official FIFA final squad — FW/MF candidate pool,https://inside.fifa.com/organisation/media-releases/world-cup-2026-48-squads-confirmed,candidate_pool_no_player_stats_yet,TRUE,2026-06-09,CAN,6,MF,CHOINIERE Mathieu,Mathieu,CHOINIÈRE,CHOINIÈRE,07/02/1999,173,FALSE,needs_stats_enrichment,https://fdp.fifa.org/assetspublic/ce281/pdf/SquadLists-English.pdf
Nathan-Dylan SALIBA,Canada,RSC Anderlecht (BEL),Midfielder,,,,,,,,,,,3.7,55,0.35,0.98,1.02,0.05,0.16,0.78,0.35,https://fdp.fifa.org/assetspublic/ce281/pdf/SquadLists-English.pdf,,https://www.fifa.com/en/tournaments/mens/worldcup/canadamexicousa2026/articles/match-schedule-fixtures-results-teams-stadiums,Official FIFA final squad candidate pool row. Add homogeneous player-stat source before scoring.,Official FIFA final squad — FW/MF candidate pool,https://inside.fifa.com/organisation/media-releases/world-cup-2026-48-squads-confirmed,candidate_pool_no_player_stats_yet,TRUE,2026-06-09,CAN,25,MF,SALIBA Nathan,Nathan-Dylan,SALIBA,SALIBA,07/02/2004,174,FALSE,needs_stats_enrichment,https://fdp.fifa.org/assetspublic/ce281/pdf/SquadLists-English.pdf
Stephen EUSTAQUIO,Canada,LAFC (USA),Midfielder,,,,,,,,,,,3.7,55,0.35,0.98,1.02,0.05,0.16,0.78,0.35,https://fdp.fifa.org/assetspublic/ce281/pdf/SquadLists-English.pdf,,https://www.fifa.com/en/tournaments/mens/worldcup/canadamexicousa2026/articles/match-schedule-fixtures-results-teams-stadiums,Official FIFA final squad candidate pool row. Add homogeneous player-stat source before scoring.,Official FIFA final squad — FW/MF candidate pool,https://inside.fifa.com/organisation/media-releases/world-cup-2026-48-squads-confirmed,candidate_pool_no_player_stats_yet,TRUE,2026-06-09,CAN,7,MF,EUSTAQUIO Stephen,Stephen,EUSTAQUIO,EUSTÁQUIO,21/12/1996,175,FALSE,needs_stats_enrichment,https://fdp.fifa.org/assetspublic/ce281/pdf/SquadLists-English.pdf
Carlos Andrés GÓMEZ HINESTROZA,Colombia,CR Vasco Da Gama (BRA),Forward,,,,,,,,,,,3.2,55,0.35,1.0,1.0,0.05,0.15,0.78,0.35,https://fdp.fifa.org/assetspublic/ce281/pdf/SquadLists-English.pdf,,https://www.fifa.com/en/tournaments/mens/worldcup/canadamexicousa2026/articles/match-schedule-fixtures-results-teams-stadiums,Official FIFA final squad candidate pool row. Add homogeneous player-stat source before scoring.,Official FIFA final squad — FW/MF candidate pool,https://inside.fifa.com/organisation/media-releases/world-cup-2026-48-squads-confirmed,candidate_pool_no_player_stats_yet,TRUE,2026-06-09,COL,26,FW,GOMEZ Andres,Carlos Andrés,GÓMEZ HINESTROZA,A. GOMEZ,12/09/2002,170,FALSE,needs_stats_enrichment,https://fdp.fifa.org/assetspublic/ce281/pdf/SquadLists-English.pdf
Jaminton Leandro CAMPAZ,Colombia,CA Rosario Central (ARG),Forward,,,,,,,,,,,3.2,55,0.35,1.0,1.0,0.05,0.15,0.78,0.35,https://fdp.fifa.org/assetspublic/ce281/pdf/SquadLists-English.pdf,,https://www.fifa.com/en/tournaments/mens/worldcup/canadamexicousa2026/articles/match-schedule-fixtures-results-teams-stadiums,Official FIFA final squad candidate pool row. Add homogeneous player-stat source before scoring.,Official FIFA final squad — FW/MF candidate pool,https://inside.fifa.com/organisation/media-releases/world-cup-2026-48-squads-confirmed,candidate_pool_no_player_stats_yet,TRUE,2026-06-09,COL,21,FW,CAMPAZ Jaminton,Jaminton Leandro,CAMPAZ,CAMPAZ,24/05/2000,166,FALSE,needs_stats_enrichment,https://fdp.fifa.org/assetspublic/ce281/pdf/SquadLists-English.pdf
Jhon Andrés CÓRDOBA COPETE,Colombia,FC Krasnodar (RUS),Forward,,,,,,,,,,,3.2,55,0.35,1.0,1.0,0.05,0.15,0.78,0.35,https://fdp.fifa.org/assetspublic/ce281/pdf/SquadLists-English.pdf,,https://www.fifa.com/en/tournaments/mens/worldcup/canadamexicousa2026/articles/match-schedule-fixtures-results-teams-stadiums,Official FIFA final squad candidate pool row. Add homogeneous player-stat source before scoring.,Official FIFA final squad — FW/MF candidate pool,https://inside.fifa.com/organisation/media-releases/world-cup-2026-48-squads-confirmed,candidate_pool_no_player_stats_yet,TRUE,2026-06-09,COL,9,FW,CORDOBA Jhon,Jhon Andrés,CÓRDOBA COPETE,CORDOBA,11/05/1993,186,FALSE,needs_stats_enrichment,https://fdp.fifa.org/assetspublic/ce281/pdf/SquadLists-English.pdf
Juan Camilo HERNANDEZ SUAREZ,Colombia,Real Betis (ESP),Forward,,,,,,,,,,,3.2,55,0.35,1.0,1.0,0.05,0.15,0.78,0.35,https://fdp.fifa.org/assetspublic/ce281/pdf/SquadLists-English.pdf,,https://www.fifa.com/en/tournaments/mens/worldcup/canadamexicousa2026/articles/match-schedule-fixtures-results-teams-stadiums,Official FIFA final squad candidate pool row. Add homogeneous player-stat source before scoring.,Official FIFA final squad — FW/MF candidate pool,https://inside.fifa.com/organisation/media-releases/world-cup-2026-48-squads-confirmed,candidate_pool_no_player_stats_yet,TRUE,2026-06-09,COL,19,FW,HERNANDEZ Cucho,Juan Camilo,HERNANDEZ SUAREZ,C. HERNANDEZ,20/04/1999,176,FALSE,needs_stats_enrichment,https://fdp.fifa.org/assetspublic/ce281/pdf/SquadLists-English.pdf
Luis Fernando DÍAZ MARULANDA,Colombia,FC Bayern München (GER),Forward,,,,,,,,,,,3.2,55,0.35,1.0,1.0,0.05,0.15,0.78,0.35,https://fdp.fifa.org/assetspublic/ce281/pdf/SquadLists-English.pdf,,https://www.fifa.com/en/tournaments/mens/worldcup/canadamexicousa2026/articles/match-schedule-fixtures-results-teams-stadiums,Official FIFA final squad candidate pool row. Add homogeneous player-stat source before scoring.,Official FIFA final squad — FW/MF candidate pool,https://inside.fifa.com/organisation/media-releases/world-cup-2026-48-squads-confirmed,candidate_pool_no_player_stats_yet,TRUE,2026-06-09,COL,7,FW,DIAZ Luis,Luis Fernando,DÍAZ MARULANDA,LUIS DIAZ,13/01/1997,179,FALSE,needs_stats_enrichment,https://fdp.fifa.org/assetspublic/ce281/pdf/SquadLists-English.pdf
Luis Javier SUÁREZ CHARRIS,Colombia,Sporting CP (POR),Forward,,,,,,,,,,,3.2,55,0.35,1.0,1.0,0.05,0.15,0.78,0.35,https://fdp.fifa.org/assetspublic/ce281/pdf/SquadLists-English.pdf,,https://www.fifa.com/en/tournaments/mens/worldcup/canadamexicousa2026/articles/match-schedule-fixtures-results-teams-stadiums,Official FIFA final squad candidate pool row. Add homogeneous player-stat source before scoring.,Official FIFA final squad — FW/MF candidate pool,https://inside.fifa.com/organisation/media-releases/world-cup-2026-48-squads-confirmed,candidate_pool_no_player_stats_yet,TRUE,2026-06-09,COL,25,FW,SUAREZ Luis,Luis Javier,SUÁREZ CHARRIS,SUAREZ,02/12/1997,179,FALSE,needs_stats_enrichment,https://fdp.fifa.org/assetspublic/ce281/pdf/SquadLists-English.pdf
James David RODRÍGUEZ RUBIO,Colombia,Minnesota United FC (USA),Midfielder,,,,,,,,,,,3.2,55,0.35,1.0,1.0,0.05,0.15,0.78,0.35,https://fdp.fifa.org/assetspublic/ce281/pdf/SquadLists-English.pdf,,https://www.fifa.com/en/tournaments/mens/worldcup/canadamexicousa2026/articles/match-schedule-fixtures-results-teams-stadiums,Official FIFA final squad candidate pool row. Add homogeneous player-stat source before scoring.,Official FIFA final squad — FW/MF candidate pool,https://inside.fifa.com/organisation/media-releases/world-cup-2026-48-squads-confirmed,candidate_pool_no_player_stats_yet,TRUE,2026-06-09,COL,10,MF,RODRIGUEZ James,James David,RODRÍGUEZ RUBIO,JAMES,12/07/1991,181,FALSE,needs_stats_enrichment,https://fdp.fifa.org/assetspublic/ce281/pdf/SquadLists-English.pdf
Jefferson Andrés LERMA SOLIS,Colombia,Crystal Palace FC (ENG),Midfielder,,,,,,,,,,,3.2,55,0.35,1.0,1.0,0.05,0.15,0.78,0.35,https://fdp.fifa.org/assetspublic/ce281/pdf/SquadLists-English.pdf,,https://www.fifa.com/en/tournaments/mens/worldcup/canadamexicousa2026/articles/match-schedule-fixtures-results-teams-stadiums,Official FIFA final squad candidate pool row. Add homogeneous player-stat source before scoring.,Official FIFA final squad — FW/MF candidate pool,https://inside.fifa.com/organisation/media-releases/world-cup-2026-48-squads-confirmed,candidate_pool_no_player_stats_yet,TRUE,2026-06-09,COL,16,MF,LERMA Jefferson,Jefferson Andrés,LERMA SOLIS,J. LERMA,25/10/1994,180,FALSE,needs_stats_enrichment,https://fdp.fifa.org/assetspublic/ce281/pdf/SquadLists-English.pdf
Jhon Adolfo ARIAS ANDRADE,Colombia,SE Palmeiras (BRA),Midfielder,,,,,,,,,,,3.2,55,0.35,1.0,1.0,0.05,0.15,0.78,0.35,https://fdp.fifa.org/assetspublic/ce281/pdf/SquadLists-English.pdf,,https://www.fifa.com/en/tournaments/mens/worldcup/canadamexicousa2026/articles/match-schedule-fixtures-results-teams-stadiums,Official FIFA final squad candidate pool row. Add homogeneous player-stat source before scoring.,Official FIFA final squad — FW/MF candidate pool,https://inside.fifa.com/organisation/media-releases/world-cup-2026-48-squads-confirmed,candidate_pool_no_player_stats_yet,TRUE,2026-06-09,COL,11,MF,ARIAS Jhon,Jhon Adolfo,ARIAS ANDRADE,J. ARIAS,21/09/1997,168,FALSE,needs_stats_enrichment,https://fdp.fifa.org/assetspublic/ce281/pdf/SquadLists-English.pdf
Jorge Andres CARRASCAL GUARDO,Colombia,CR Flamengo (BRA),Midfielder,,,,,,,,,,,3.2,55,0.35,1.0,1.0,0.05,0.15,0.78,0.35,https://fdp.fifa.org/assetspublic/ce281/pdf/SquadLists-English.pdf,,https://www.fifa.com/en/tournaments/mens/worldcup/canadamexicousa2026/articles/match-schedule-fixtures-results-teams-stadiums,Official FIFA final squad candidate pool row. Add homogeneous player-stat source before scoring.,Official FIFA final squad — FW/MF candidate pool,https://inside.fifa.com/organisation/media-releases/world-cup-2026-48-squads-confirmed,candidate_pool_no_player_stats_yet,TRUE,2026-06-09,COL,8,MF,CARRASCAL Jorge,Jorge Andres,CARRASCAL GUARDO,CARRASCAL,25/05/1998,180,FALSE,needs_stats_enrichment,https://fdp.fifa.org/assetspublic/ce281/pdf/SquadLists-English.pdf
Juan Camilo PORTILLA OROZCO,Colombia,Athletico Paranaense (BRA),Midfielder,,,,,,,,,,,3.2,55,0.35,1.0,1.0,0.05,0.15,0.78,0.35,https://fdp.fifa.org/assetspublic/ce281/pdf/SquadLists-English.pdf,,https://www.fifa.com/en/tournaments/mens/worldcup/canadamexicousa2026/articles/match-schedule-fixtures-results-teams-stadiums,Official FIFA final squad candidate pool row. Add homogeneous player-stat source before scoring.,Official FIFA final squad — FW/MF candidate pool,https://inside.fifa.com/organisation/media-releases/world-cup-2026-48-squads-confirmed,candidate_pool_no_player_stats_yet,TRUE,2026-06-09,COL,15,MF,PORTILLA Juan,Juan Camilo,PORTILLA OROZCO,PORTILLA,12/09/1998,181,FALSE,needs_stats_enrichment,https://fdp.fifa.org/assetspublic/ce281/pdf/SquadLists-English.pdf
Juan Fernando QUINTERO PANIAGUA,Colombia,CA River Plate (ARG),Midfielder,,,,,,,,,,,3.2,55,0.35,1.0,1.0,0.05,0.15,0.78,0.35,https://fdp.fifa.org/assetspublic/ce281/pdf/SquadLists-English.pdf,,https://www.fifa.com/en/tournaments/mens/worldcup/canadamexicousa2026/articles/match-schedule-fixtures-results-teams-stadiums,Official FIFA final squad candidate pool row. Add homogeneous player-stat source before scoring.,Official FIFA final squad — FW/MF candidate pool,https://inside.fifa.com/organisation/media-releases/world-cup-2026-48-squads-confirmed,candidate_pool_no_player_stats_yet,TRUE,2026-06-09,COL,20,MF,QUINTERO Juan,Juan Fernando,QUINTERO PANIAGUA,QUINTERO,18/01/1993,167,FALSE,needs_stats_enrichment,https://fdp.fifa.org/assetspublic/ce281/pdf/SquadLists-English.pdf
Kevin Duvan CASTAÑO GIL,Colombia,CA River Plate (ARG),Midfielder,,,,,,,,,,,3.2,55,0.35,1.0,1.0,0.05,0.15,0.78,0.35,https://fdp.fifa.org/assetspublic/ce281/pdf/SquadLists-English.pdf,,https://www.fifa.com/en/tournaments/mens/worldcup/canadamexicousa2026/articles/match-schedule-fixtures-results-teams-stadiums,Official FIFA final squad candidate pool row. Add homogeneous player-stat source before scoring.,Official FIFA final squad — FW/MF candidate pool,https://inside.fifa.com/organisation/media-releases/world-cup-2026-48-squads-confirmed,candidate_pool_no_player_stats_yet,TRUE,2026-06-09,COL,5,MF,CASTANO Kevin,Kevin Duvan,CASTAÑO GIL,K. CASTAÑO,29/09/2000,179,FALSE,needs_stats_enrichment,https://fdp.fifa.org/assetspublic/ce281/pdf/SquadLists-English.pdf
Richard RÍOS MONTOYA,Colombia,SL Ben ca (POR),Midfielder,,,,,,,,,,,3.2,55,0.35,1.0,1.0,0.05,0.15,0.78,0.35,https://fdp.fifa.org/assetspublic/ce281/pdf/SquadLists-English.pdf,,https://www.fifa.com/en/tournaments/mens/worldcup/canadamexicousa2026/articles/match-schedule-fixtures-results-teams-stadiums,Official FIFA final squad candidate pool row. Add homogeneous player-stat source before scoring.,Official FIFA final squad — FW/MF candidate pool,https://inside.fifa.com/organisation/media-releases/world-cup-2026-48-squads-confirmed,candidate_pool_no_player_stats_yet,TRUE,2026-06-09,COL,6,MF,RIOS Richard,Richard,RÍOS MONTOYA,RICHARD RIOS,02/06/2000,185,FALSE,needs_stats_enrichment,https://fdp.fifa.org/assetspublic/ce281/pdf/SquadLists-English.pdf
Cedric BAKAMBU,Congo DR,Real Betis (ESP),Forward,,,,,,,,,,,3.2,55,0.35,1.0,1.0,0.05,0.15,0.78,0.35,https://fdp.fifa.org/assetspublic/ce281/pdf/SquadLists-English.pdf,,https://www.fifa.com/en/tournaments/mens/worldcup/canadamexicousa2026/articles/match-schedule-fixtures-results-teams-stadiums,Official FIFA final squad candidate pool row. Add homogeneous player-stat source before scoring.,Official FIFA final squad — FW/MF candidate pool,https://inside.fifa.com/organisation/media-releases/world-cup-2026-48-squads-confirmed,candidate_pool_no_player_stats_yet,TRUE,2026-06-09,COD,17,FW,BAKAMBU Cedric,Cedric,BAKAMBU,BAKAMBU,11/04/1991,182,FALSE,needs_stats_enrichment,https://fdp.fifa.org/assetspublic/ce281/pdf/SquadLists-English.pdf
Kibambe Brian CIPENGA,Congo DR,CD Castellón (ESP),Forward,,,,,,,,,,,3.2,55,0.35,1.0,1.0,0.05,0.15,0.78,0.35,https://fdp.fifa.org/assetspublic/ce281/pdf/SquadLists-English.pdf,,https://www.fifa.com/en/tournaments/mens/worldcup/canadamexicousa2026/articles/match-schedule-fixtures-results-teams-stadiums,Official FIFA final squad candidate pool row. Add homogeneous player-stat source before scoring.,Official FIFA final squad — FW/MF candidate pool,https://inside.fifa.com/organisation/media-releases/world-cup-2026-48-squads-confirmed,candidate_pool_no_player_stats_yet,TRUE,2026-06-09,COD,9,FW,CIPENGA Brian,Kibambe Brian,CIPENGA,CIPENGA,11/03/1998,172,FALSE,needs_stats_enrichment,https://fdp.fifa.org/assetspublic/ce281/pdf/SquadLists-English.pdf
Mambenga Gaël Roméo KAKUTA,Congo DR,AEL FC (GRE),Forward,,,,,,,,,,,3.2,55,0.35,1.0,1.0,0.05,0.15,0.78,0.35,https://fdp.fifa.org/assetspublic/ce281/pdf/SquadLists-English.pdf,,https://www.fifa.com/en/tournaments/mens/worldcup/canadamexicousa2026/articles/match-schedule-fixtures-results-teams-stadiums,Official FIFA final squad candidate pool row. Add homogeneous player-stat source before scoring.,Official FIFA final squad — FW/MF candidate pool,https://inside.fifa.com/organisation/media-releases/world-cup-2026-48-squads-confirmed,candidate_pool_no_player_stats_yet,TRUE,2026-06-09,COD,11,FW,KAKUTA Gael,Mambenga Gaël Roméo,KAKUTA,KAKUTA,21/06/1991,174,FALSE,needs_stats_enrichment,https://fdp.fifa.org/assetspublic/ce281/pdf/SquadLists-English.pdf
Mayele Fiston KALALA,Congo DR,Pyramids FC (EGY),Forward,,,,,,,,,,,3.2,55,0.35,1.0,1.0,0.05,0.15,0.78,0.35,https://fdp.fifa.org/assetspublic/ce281/pdf/SquadLists-English.pdf,,https://www.fifa.com/en/tournaments/mens/worldcup/canadamexicousa2026/articles/match-schedule-fixtures-results-teams-stadiums,Official FIFA final squad candidate pool row. Add homogeneous player-stat source before scoring.,Official FIFA final squad — FW/MF candidate pool,https://inside.fifa.com/organisation/media-releases/world-cup-2026-48-squads-confirmed,candidate_pool_no_player_stats_yet,TRUE,2026-06-09,COD,19,FW,MAYELE Fiston,Mayele Fiston,KALALA,MAYELE,24/06/1994,185,FALSE,needs_stats_enrichment,https://fdp.fifa.org/assetspublic/ce281/pdf/SquadLists-English.pdf
Meschack Lina ELIA,Congo DR,Alanyaspor (TUR),Forward,,,,,,,,,,,3.2,55,0.35,1.0,1.0,0.05,0.15,0.78,0.35,https://fdp.fifa.org/assetspublic/ce281/pdf/SquadLists-English.pdf,,https://www.fifa.com/en/tournaments/mens/worldcup/canadamexicousa2026/articles/match-schedule-fixtures-results-teams-stadiums,Official FIFA final squad candidate pool row. Add homogeneous player-stat source before scoring.,Official FIFA final squad — FW/MF candidate pool,https://inside.fifa.com/organisation/media-releases/world-cup-2026-48-squads-confirmed,candidate_pool_no_player_stats_yet,TRUE,2026-06-09,COD,13,FW,ELIA Meschack,Meschack Lina,ELIA,ELIA,06/08/1997,173,FALSE,needs_stats_enrichment,https://fdp.fifa.org/assetspublic/ce281/pdf/SquadLists-English.pdf
Simon Bokote BANZA,Congo DR,Al Jazira (UAE),Forward,,,,,,,,,,,3.2,55,0.35,1.0,1.0,0.05,0.15,0.78,0.35,https://fdp.fifa.org/assetspublic/ce281/pdf/SquadLists-English.pdf,,https://www.fifa.com/en/tournaments/mens/worldcup/canadamexicousa2026/articles/match-schedule-fixtures-results-teams-stadiums,Official FIFA final squad candidate pool row. Add homogeneous player-stat source before scoring.,Official FIFA final squad — FW/MF candidate pool,https://inside.fifa.com/organisation/media-releases/world-cup-2026-48-squads-confirmed,candidate_pool_no_player_stats_yet,TRUE,2026-06-09,COD,23,FW,BANZA Simon,Simon Bokote,BANZA,BANZA,13/08/1996,189,FALSE,needs_stats_enrichment,https://fdp.fifa.org/assetspublic/ce281/pdf/SquadLists-English.pdf
Yoane WISSA,Congo DR,Newcastle United FC (ENG),Forward,,,,,,,,,,,3.2,55,0.35,1.0,1.0,0.05,0.15,0.78,0.35,https://fdp.fifa.org/assetspublic/ce281/pdf/SquadLists-English.pdf,,https://www.fifa.com/en/tournaments/mens/worldcup/canadamexicousa2026/articles/match-schedule-fixtures-results-teams-stadiums,Official FIFA final squad candidate pool row. Add homogeneous player-stat source before scoring.,Official FIFA final squad — FW/MF candidate pool,https://inside.fifa.com/organisation/media-releases/world-cup-2026-48-squads-confirmed,candidate_pool_no_player_stats_yet,TRUE,2026-06-09,COD,20,FW,WISSA Yoane,Yoane,WISSA,WISSA,03/09/1996,176,FALSE,needs_stats_enrichment,https://fdp.fifa.org/assetspublic/ce281/pdf/SquadLists-English.pdf
Charles Monginda PICKEL,Congo DR,RCD Espanyol (ESP),Midfielder,,,,,,,,,,,3.2,55,0.35,1.0,1.0,0.05,0.15,0.78,0.35,https://fdp.fifa.org/assetspublic/ce281/pdf/SquadLists-English.pdf,,https://www.fifa.com/en/tournaments/mens/worldcup/canadamexicousa2026/articles/match-schedule-fixtures-results-teams-stadiums,Official FIFA final squad candidate pool row. Add homogeneous player-stat source before scoring.,Official FIFA final squad — FW/MF candidate pool,https://inside.fifa.com/organisation/media-releases/world-cup-2026-48-squads-confirmed,candidate_pool_no_player_stats_yet,TRUE,2026-06-09,COD,18,MF,PICKEL Charles,Charles Monginda,PICKEL,PICKEL,15/05/1997,187,FALSE,needs_stats_enrichment,https://fdp.fifa.org/assetspublic/ce281/pdf/SquadLists-English.pdf
Edo Kayembe KAYEMBE,Congo DR,Watford FC (ENG),Midfielder,,,,,,,,,,,3.2,55,0.35,1.0,1.0,0.05,0.15,0.78,0.35,https://fdp.fifa.org/assetspublic/ce281/pdf/SquadLists-English.pdf,,https://www.fifa.com/en/tournaments/mens/worldcup/canadamexicousa2026/articles/match-schedule-fixtures-results-teams-stadiums,Official FIFA final squad candidate pool row. Add homogeneous player-stat source before scoring.,Official FIFA final squad — FW/MF candidate pool,https://inside.fifa.com/organisation/media-releases/world-cup-2026-48-squads-confirmed,candidate_pool_no_player_stats_yet,TRUE,2026-06-09,COD,25,MF,KAYEMBE Edo,Edo Kayembe,KAYEMBE,KAYEMBE,03/06/1998,183,FALSE,needs_stats_enrichment,https://fdp.fifa.org/assetspublic/ce281/pdf/SquadLists-English.pdf
Nathanaël MBUKU,Congo DR,Montpellier HSC (FRA),Midfielder,,,,,,,,,,,3.2,55,0.35,1.0,1.0,0.05,0.15,0.78,0.35,https://fdp.fifa.org/assetspublic/ce281/pdf/SquadLists-English.pdf,,https://www.fifa.com/en/tournaments/mens/worldcup/canadamexicousa2026/articles/match-schedule-fixtures-results-teams-stadiums,Official FIFA final squad candidate pool row. Add homogeneous player-stat source before scoring.,Official FIFA final squad — FW/MF candidate pool,https://inside.fifa.com/organisation/media-releases/world-cup-2026-48-squads-confirmed,candidate_pool_no_player_stats_yet,TRUE,2026-06-09,COD,7,MF,MBUKU Nathanael,Nathanaël,MBUKU,MBUKU,16/03/2002,170,FALSE,needs_stats_enrichment,https://fdp.fifa.org/assetspublic/ce281/pdf/SquadLists-English.pdf
Ngal’ayel MUKAU,Congo DR,Lille OSC (FRA),Midfielder,,,,,,,,,,,3.2,55,0.35,1.0,1.0,0.05,0.15,0.78,0.35,https://fdp.fifa.org/assetspublic/ce281/pdf/SquadLists-English.pdf,,https://www.fifa.com/en/tournaments/mens/worldcup/canadamexicousa2026/articles/match-schedule-fixtures-results-teams-stadiums,Official FIFA final squad candidate pool row. Add homogeneous player-stat source before scoring.,Official FIFA final squad — FW/MF candidate pool,https://inside.fifa.com/organisation/media-releases/world-cup-2026-48-squads-confirmed,candidate_pool_no_player_stats_yet,TRUE,2026-06-09,COD,6,MF,MUKAU Ngalayel,Ngal’ayel,MUKAU,MUKAU,03/11/2004,186,FALSE,needs_stats_enrichment,https://fdp.fifa.org/assetspublic/ce281/pdf/SquadLists-English.pdf
Noah Junior SADIKI,Congo DR,Sunderland AFC (ENG),Midfielder,,,,,,,,,,,3.2,55,0.35,1.0,1.0,0.05,0.15,0.78,0.35,https://fdp.fifa.org/assetspublic/ce281/pdf/SquadLists-English.pdf,,https://www.fifa.com/en/tournaments/mens/worldcup/canadamexicousa2026/articles/match-schedule-fixtures-results-teams-stadiums,Official FIFA final squad candidate pool row. Add homogeneous player-stat source before scoring.,Official FIFA final squad — FW/MF candidate pool,https://inside.fifa.com/organisation/media-releases/world-cup-2026-48-squads-confirmed,candidate_pool_no_player_stats_yet,TRUE,2026-06-09,COD,14,MF,SADIKI Noah,Noah Junior,SADIKI,SADIKI,17/12/2004,165,FALSE,needs_stats_enrichment,https://fdp.fifa.org/assetspublic/ce281/pdf/SquadLists-English.pdf
Samuel Alain MOUTOUSSAMY,Congo DR,Atromitos FC (GRE),Midfielder,,,,,,,,,,,3.2,55,0.35,1.0,1.0,0.05,0.15,0.78,0.35,https://fdp.fifa.org/assetspublic/ce281/pdf/SquadLists-English.pdf,,https://www.fifa.com/en/tournaments/mens/worldcup/canadamexicousa2026/articles/match-schedule-fixtures-results-teams-stadiums,Official FIFA final squad candidate pool row. Add homogeneous player-stat source before scoring.,Official FIFA final squad — FW/MF candidate pool,https://inside.fifa.com/organisation/media-releases/world-cup-2026-48-squads-confirmed,candidate_pool_no_player_stats_yet,TRUE,2026-06-09,COD,8,MF,MOUTOUSSAMY Samuel,Samuel Alain,MOUTOUSSAMY,MOUTOUSSAMY,12/08/1996,176,FALSE,needs_stats_enrichment,https://fdp.fifa.org/assetspublic/ce281/pdf/SquadLists-English.pdf
Theo Mbulofeko Batombo BONGONDA,Congo DR,FC Spartak Moscow (RUS),Midfielder,,,,,,,,,,,3.2,55,0.35,1.0,1.0,0.05,0.15,0.78,0.35,https://fdp.fifa.org/assetspublic/ce281/pdf/SquadLists-English.pdf,,https://www.fifa.com/en/tournaments/mens/worldcup/canadamexicousa2026/articles/match-schedule-fixtures-results-teams-stadiums,Official FIFA final squad candidate pool row. Add homogeneous player-stat source before scoring.,Official FIFA final squad — FW/MF candidate pool,https://inside.fifa.com/organisation/media-releases/world-cup-2026-48-squads-confirmed,candidate_pool_no_player_stats_yet,TRUE,2026-06-09,COD,10,MF,BONGONDA Theo,Theo Mbulofeko Batombo,BONGONDA,BONGONDA,20/11/1995,176,FALSE,needs_stats_enrichment,https://fdp.fifa.org/assetspublic/ce281/pdf/SquadLists-English.pdf
Tshibola AARON,Congo DR,Kilmarnock FC (SCO),Midfielder,,,,,,,,,,,3.2,55,0.35,1.0,1.0,0.05,0.15,0.78,0.35,https://fdp.fifa.org/assetspublic/ce281/pdf/SquadLists-English.pdf,,https://www.fifa.com/en/tournaments/mens/worldcup/canadamexicousa2026/articles/match-schedule-fixtures-results-teams-stadiums,Official FIFA final squad candidate pool row. Add homogeneous player-stat source before scoring.,Official FIFA final squad — FW/MF candidate pool,https://inside.fifa.com/organisation/media-releases/world-cup-2026-48-squads-confirmed,candidate_pool_no_player_stats_yet,TRUE,2026-06-09,COD,15,MF,TSHIBOLA Aaron,Tshibola,AARON,TSHIBOLA,02/01/1995,184,FALSE,needs_stats_enrichment,https://fdp.fifa.org/assetspublic/ce281/pdf/SquadLists-English.pdf
Andrej KRAMARIĆ,Croatia,TSG Hoffenheim (GER),Forward,,,,,,,,,,,3.2,55,0.35,1.0,1.0,0.05,0.15,0.78,0.35,https://fdp.fifa.org/assetspublic/ce281/pdf/SquadLists-English.pdf,,https://www.fifa.com/en/tournaments/mens/worldcup/canadamexicousa2026/articles/match-schedule-fixtures-results-teams-stadiums,Official FIFA final squad candidate pool row. Add homogeneous player-stat source before scoring.,Official FIFA final squad — FW/MF candidate pool,https://inside.fifa.com/organisation/media-releases/world-cup-2026-48-squads-confirmed,candidate_pool_no_player_stats_yet,TRUE,2026-06-09,CRO,9,FW,KRAMARIC Andrej,Andrej,KRAMARIĆ,KRAMARIĆ,19/06/1991,177,FALSE,needs_stats_enrichment,https://fdp.fifa.org/assetspublic/ce281/pdf/SquadLists-English.pdf
Ante BUDIMIR,Croatia,CA Osasuna (ESP),Forward,,,,,,,,,,,3.2,55,0.35,1.0,1.0,0.05,0.15,0.78,0.35,https://fdp.fifa.org/assetspublic/ce281/pdf/SquadLists-English.pdf,,https://www.fifa.com/en/tournaments/mens/worldcup/canadamexicousa2026/articles/match-schedule-fixtures-results-teams-stadiums,Official FIFA final squad candidate pool row. Add homogeneous player-stat source before scoring.,Official FIFA final squad — FW/MF candidate pool,https://inside.fifa.com/organisation/media-releases/world-cup-2026-48-squads-confirmed,candidate_pool_no_player_stats_yet,TRUE,2026-06-09,CRO,11,FW,BUDIMIR Ante,Ante,BUDIMIR,BUDIMIR,22/07/1991,190,FALSE,needs_stats_enrichment,https://fdp.fifa.org/assetspublic/ce281/pdf/SquadLists-English.pdf
Igor MATANOVIĆ,Croatia,SC Freiburg (GER),Forward,,,,,,,,,,,3.2,55,0.35,1.0,1.0,0.05,0.15,0.78,0.35,https://fdp.fifa.org/assetspublic/ce281/pdf/SquadLists-English.pdf,,https://www.fifa.com/en/tournaments/mens/worldcup/canadamexicousa2026/articles/match-schedule-fixtures-results-teams-stadiums,Official FIFA final squad candidate pool row. Add homogeneous player-stat source before scoring.,Official FIFA final squad — FW/MF candidate pool,https://inside.fifa.com/organisation/media-releases/world-cup-2026-48-squads-confirmed,candidate_pool_no_player_stats_yet,TRUE,2026-06-09,CRO,20,FW,MATANOVIC Igor,Igor,MATANOVIĆ,MATANOVIĆ,31/03/2003,194,FALSE,needs_stats_enrichment,https://fdp.fifa.org/assetspublic/ce281/pdf/SquadLists-English.pdf
Ivan PERIŠIĆ,Croatia,PSV Eindhoven (NED),Forward,,,,,,,,,,,3.2,55,0.35,1.0,1.0,0.05,0.15,0.78,0.35,https://fdp.fifa.org/assetspublic/ce281/pdf/SquadLists-English.pdf,,https://www.fifa.com/en/tournaments/mens/worldcup/canadamexicousa2026/articles/match-schedule-fixtures-results-teams-stadiums,Official FIFA final squad candidate pool row. Add homogeneous player-stat source before scoring.,Official FIFA final squad — FW/MF candidate pool,https://inside.fifa.com/organisation/media-releases/world-cup-2026-48-squads-confirmed,candidate_pool_no_player_stats_yet,TRUE,2026-06-09,CRO,14,FW,PERISIC Ivan,Ivan,PERIŠIĆ,PERIŠIĆ,02/02/1989,186,FALSE,needs_stats_enrichment,https://fdp.fifa.org/assetspublic/ce281/pdf/SquadLists-English.pdf
Marco PAŠALIĆ,Croatia,Orlando City SC (USA),Forward,,,,,,,,,,,3.2,55,0.35,1.0,1.0,0.05,0.15,0.78,0.35,https://fdp.fifa.org/assetspublic/ce281/pdf/SquadLists-English.pdf,,https://www.fifa.com/en/tournaments/mens/worldcup/canadamexicousa2026/articles/match-schedule-fixtures-results-teams-stadiums,Official FIFA final squad candidate pool row. Add homogeneous player-stat source before scoring.,Official FIFA final squad — FW/MF candidate pool,https://inside.fifa.com/organisation/media-releases/world-cup-2026-48-squads-confirmed,candidate_pool_no_player_stats_yet,TRUE,2026-06-09,CRO,24,FW,PASALIC Marco,Marco,PAŠALIĆ,M. PAŠALIĆ,14/09/2000,177,FALSE,needs_stats_enrichment,https://fdp.fifa.org/assetspublic/ce281/pdf/SquadLists-English.pdf
Petar MUSA,Croatia,FC Dallas (USA),Forward,,,,,,,,,,,3.2,55,0.35,1.0,1.0,0.05,0.15,0.78,0.35,https://fdp.fifa.org/assetspublic/ce281/pdf/SquadLists-English.pdf,,https://www.fifa.com/en/tournaments/mens/worldcup/canadamexicousa2026/articles/match-schedule-fixtures-results-teams-stadiums,Official FIFA final squad candidate pool row. Add homogeneous player-stat source before scoring.,Official FIFA final squad — FW/MF candidate pool,https://inside.fifa.com/organisation/media-releases/world-cup-2026-48-squads-confirmed,candidate_pool_no_player_stats_yet,TRUE,2026-06-09,CRO,26,FW,MUSA Petar,Petar,MUSA,MUSA,04/03/1998,190,FALSE,needs_stats_enrichment,https://fdp.fifa.org/assetspublic/ce281/pdf/SquadLists-English.pdf
Luka MODRIĆ,Croatia,AC Milan (ITA),Midfielder,,,,,,,,,,,3.2,55,0.35,1.0,1.0,0.05,0.15,0.78,0.35,https://fdp.fifa.org/assetspublic/ce281/pdf/SquadLists-English.pdf,,https://www.fifa.com/en/tournaments/mens/worldcup/canadamexicousa2026/articles/match-schedule-fixtures-results-teams-stadiums,Official FIFA final squad candidate pool row. Add homogeneous player-stat source before scoring.,Official FIFA final squad — FW/MF candidate pool,https://inside.fifa.com/organisation/media-releases/world-cup-2026-48-squads-confirmed,candidate_pool_no_player_stats_yet,TRUE,2026-06-09,CRO,10,MF,MODRIC Luka,Luka,MODRIĆ,MODRIĆ,09/09/1985,172,FALSE,needs_stats_enrichment,https://fdp.fifa.org/assetspublic/ce281/pdf/SquadLists-English.pdf
Luka SUČIĆ,Croatia,Real Sociedad (ESP),Midfielder,,,,,,,,,,,3.2,55,0.35,1.0,1.0,0.05,0.15,0.78,0.35,https://fdp.fifa.org/assetspublic/ce281/pdf/SquadLists-English.pdf,,https://www.fifa.com/en/tournaments/mens/worldcup/canadamexicousa2026/articles/match-schedule-fixtures-results-teams-stadiums,Official FIFA final squad candidate pool row. Add homogeneous player-stat source before scoring.,Official FIFA final squad — FW/MF candidate pool,https://inside.fifa.com/organisation/media-releases/world-cup-2026-48-squads-confirmed,candidate_pool_no_player_stats_yet,TRUE,2026-06-09,CRO,21,MF,SUCIC Luka,Luka,SUČIĆ,SUČIĆ,08/09/2002,185,FALSE,needs_stats_enrichment,https://fdp.fifa.org/assetspublic/ce281/pdf/SquadLists-English.pdf
Mario PAŠALIĆ,Croatia,Atalanta Bergamo (ITA),Midfielder,,,,,,,,,,,3.2,55,0.35,1.0,1.0,0.05,0.15,0.78,0.35,https://fdp.fifa.org/assetspublic/ce281/pdf/SquadLists-English.pdf,,https://www.fifa.com/en/tournaments/mens/worldcup/canadamexicousa2026/articles/match-schedule-fixtures-results-teams-stadiums,Official FIFA final squad candidate pool row. Add homogeneous player-stat source before scoring.,Official FIFA final squad — FW/MF candidate pool,https://inside.fifa.com/organisation/media-releases/world-cup-2026-48-squads-confirmed,candidate_pool_no_player_stats_yet,TRUE,2026-06-09,CRO,15,MF,PASALIC Mario,Mario,PAŠALIĆ,PAŠALIĆ,09/02/1995,188,FALSE,needs_stats_enrichment,https://fdp.fifa.org/assetspublic/ce281/pdf/SquadLists-English.pdf
Martin BATURINA,Croatia,Como (ITA),Midfielder,,,,,,,,,,,3.2,55,0.35,1.0,1.0,0.05,0.15,0.78,0.35,https://fdp.fifa.org/assetspublic/ce281/pdf/SquadLists-English.pdf,,https://www.fifa.com/en/tournaments/mens/worldcup/canadamexicousa2026/articles/match-schedule-fixtures-results-teams-stadiums,Official FIFA final squad candidate pool row. Add homogeneous player-stat source before scoring.,Official FIFA final squad — FW/MF candidate pool,https://inside.fifa.com/organisation/media-releases/world-cup-2026-48-squads-confirmed,candidate_pool_no_player_stats_yet,TRUE,2026-06-09,CRO,16,MF,BATURINA Martin,Martin,BATURINA,BATURINA,16/02/2003,172,FALSE,needs_stats_enrichment,https://fdp.fifa.org/assetspublic/ce281/pdf/SquadLists-English.pdf
Mateo KOVAČIĆ,Croatia,Manchester City FC (ENG),Midfielder,,,,,,,,,,,3.2,55,0.35,1.0,1.0,0.05,0.15,0.78,0.35,https://fdp.fifa.org/assetspublic/ce281/pdf/SquadLists-English.pdf,,https://www.fifa.com/en/tournaments/mens/worldcup/canadamexicousa2026/articles/match-schedule-fixtures-results-teams-stadiums,Official FIFA final squad candidate pool row. Add homogeneous player-stat source before scoring.,Official FIFA final squad — FW/MF candidate pool,https://inside.fifa.com/organisation/media-releases/world-cup-2026-48-squads-confirmed,candidate_pool_no_player_stats_yet,TRUE,2026-06-09,CRO,8,MF,KOVACIC Mateo,Mateo,KOVAČIĆ,KOVAČIĆ,06/05/1994,178,FALSE,needs_stats_enrichment,https://fdp.fifa.org/assetspublic/ce281/pdf/SquadLists-English.pdf
Nikola MORO,Croatia,Bologna FC (ITA),Midfielder,,,,,,,,,,,3.2,55,0.35,1.0,1.0,0.05,0.15,0.78,0.35,https://fdp.fifa.org/assetspublic/ce281/pdf/SquadLists-English.pdf,,https://www.fifa.com/en/tournaments/mens/worldcup/canadamexicousa2026/articles/match-schedule-fixtures-results-teams-stadiums,Official FIFA final squad candidate pool row. Add homogeneous player-stat source before scoring.,Official FIFA final squad — FW/MF candidate pool,https://inside.fifa.com/organisation/media-releases/world-cup-2026-48-squads-confirmed,candidate_pool_no_player_stats_yet,TRUE,2026-06-09,CRO,7,MF,MORO Nikola,Nikola,MORO,MORO,12/03/1998,183,FALSE,needs_stats_enrichment,https://fdp.fifa.org/assetspublic/ce281/pdf/SquadLists-English.pdf
Nikola VLAŠIĆ,Croatia,Torino FC (ITA),Midfielder,,,,,,,,,,,3.2,55,0.35,1.0,1.0,0.05,0.15,0.78,0.35,https://fdp.fifa.org/assetspublic/ce281/pdf/SquadLists-English.pdf,,https://www.fifa.com/en/tournaments/mens/worldcup/canadamexicousa2026/articles/match-schedule-fixtures-results-teams-stadiums,Official FIFA final squad candidate pool row. Add homogeneous player-stat source before scoring.,Official FIFA final squad — FW/MF candidate pool,https://inside.fifa.com/organisation/media-releases/world-cup-2026-48-squads-confirmed,candidate_pool_no_player_stats_yet,TRUE,2026-06-09,CRO,13,MF,VLASIC Nikola,Nikola,VLAŠIĆ,VLAŠIĆ,04/10/1997,179,FALSE,needs_stats_enrichment,https://fdp.fifa.org/assetspublic/ce281/pdf/SquadLists-English.pdf
Petar SUČIĆ,Croatia,FC Internazionale Milano (ITA),Midfielder,,,,,,,,,,,3.2,55,0.35,1.0,1.0,0.05,0.15,0.78,0.35,https://fdp.fifa.org/assetspublic/ce281/pdf/SquadLists-English.pdf,,https://www.fifa.com/en/tournaments/mens/worldcup/canadamexicousa2026/articles/match-schedule-fixtures-results-teams-stadiums,Official FIFA final squad candidate pool row. Add homogeneous player-stat source before scoring.,Official FIFA final squad — FW/MF candidate pool,https://inside.fifa.com/organisation/media-releases/world-cup-2026-48-squads-confirmed,candidate_pool_no_player_stats_yet,TRUE,2026-06-09,CRO,17,MF,SUCIC Petar,Petar,SUČIĆ,P. SUČIĆ,25/10/2003,183,FALSE,needs_stats_enrichment,https://fdp.fifa.org/assetspublic/ce281/pdf/SquadLists-English.pdf
Toni FRUK,Croatia,HNK Rijeka (CRO),Midfielder,,,,,,,,,,,3.2,55,0.35,1.0,1.0,0.05,0.15,0.78,0.35,https://fdp.fifa.org/assetspublic/ce281/pdf/SquadLists-English.pdf,,https://www.fifa.com/en/tournaments/mens/worldcup/canadamexicousa2026/articles/match-schedule-fixtures-results-teams-stadiums,Official FIFA final squad candidate pool row. Add homogeneous player-stat source before scoring.,Official FIFA final squad — FW/MF candidate pool,https://inside.fifa.com/organisation/media-releases/world-cup-2026-48-squads-confirmed,candidate_pool_no_player_stats_yet,TRUE,2026-06-09,CRO,19,MF,FRUK Toni,Toni,FRUK,FRUK,09/03/2001,177,FALSE,needs_stats_enrichment,https://fdp.fifa.org/assetspublic/ce281/pdf/SquadLists-English.pdf
Brandley Mack-Olien KUWAS,Curaçao,FC Volendam (NED),Forward,,,,,,,,,,,3.2,55,0.35,1.0,1.0,0.05,0.15,0.78,0.35,https://fdp.fifa.org/assetspublic/ce281/pdf/SquadLists-English.pdf,,https://www.fifa.com/en/tournaments/mens/worldcup/canadamexicousa2026/articles/match-schedule-fixtures-results-teams-stadiums,Official FIFA final squad candidate pool row. Add homogeneous player-stat source before scoring.,Official FIFA final squad — FW/MF candidate pool,https://inside.fifa.com/organisation/media-releases/world-cup-2026-48-squads-confirmed,candidate_pool_no_player_stats_yet,TRUE,2026-06-09,CUW,17,FW,KUWAS Brandley,Brandley Mack-Olien,KUWAS,KUWAS,19/09/1992,181,FALSE,needs_stats_enrichment,https://fdp.fifa.org/assetspublic/ce281/pdf/SquadLists-English.pdf
Gervane Zjandric Adonnis KASTANEER,Curaçao,Terengganu FC (MAS),Forward,,,,,,,,,,,3.2,55,0.35,1.0,1.0,0.05,0.15,0.78,0.35,https://fdp.fifa.org/assetspublic/ce281/pdf/SquadLists-English.pdf,,https://www.fifa.com/en/tournaments/mens/worldcup/canadamexicousa2026/articles/match-schedule-fixtures-results-teams-stadiums,Official FIFA final squad candidate pool row. Add homogeneous player-stat source before scoring.,Official FIFA final squad — FW/MF candidate pool,https://inside.fifa.com/organisation/media-releases/world-cup-2026-48-squads-confirmed,candidate_pool_no_player_stats_yet,TRUE,2026-06-09,CUW,19,FW,KASTANEER Gervane,Gervane Zjandric Adonnis,KASTANEER,KASTANEER,09/06/1996,189,FALSE,needs_stats_enrichment,https://fdp.fifa.org/assetspublic/ce281/pdf/SquadLists-English.pdf
Jearl Erwin MARGARITHA,Curaçao,SK Beveren (BEL),Forward,,,,,,,,,,,3.2,55,0.35,1.0,1.0,0.05,0.15,0.78,0.35,https://fdp.fifa.org/assetspublic/ce281/pdf/SquadLists-English.pdf,,https://www.fifa.com/en/tournaments/mens/worldcup/canadamexicousa2026/articles/match-schedule-fixtures-results-teams-stadiums,Official FIFA final squad candidate pool row. Add homogeneous player-stat source before scoring.,Official FIFA final squad — FW/MF candidate pool,https://inside.fifa.com/organisation/media-releases/world-cup-2026-48-squads-confirmed,candidate_pool_no_player_stats_yet,TRUE,2026-06-09,CUW,16,FW,MARGARITHA Jearl,Jearl Erwin,MARGARITHA,MARGARITHA,10/04/2000,181,FALSE,needs_stats_enrichment,https://fdp.fifa.org/assetspublic/ce281/pdf/SquadLists-English.pdf
Jeremy Cornelis Jacobus ANTONISSE,Curaçao,AE Ki sia FC (GRE),Forward,,,,,,,,,,,3.2,55,0.35,1.0,1.0,0.05,0.15,0.78,0.35,https://fdp.fifa.org/assetspublic/ce281/pdf/SquadLists-English.pdf,,https://www.fifa.com/en/tournaments/mens/worldcup/canadamexicousa2026/articles/match-schedule-fixtures-results-teams-stadiums,Official FIFA final squad candidate pool row. Add homogeneous player-stat source before scoring.,Official FIFA final squad — FW/MF candidate pool,https://inside.fifa.com/organisation/media-releases/world-cup-2026-48-squads-confirmed,candidate_pool_no_player_stats_yet,TRUE,2026-06-09,CUW,11,FW,ANTONISSE Jeremy,Jeremy Cornelis Jacobus,ANTONISSE,ANTONISSE,29/03/2002,164,FALSE,needs_stats_enrichment,https://fdp.fifa.org/assetspublic/ce281/pdf/SquadLists-English.pdf
Jürgen Leonardo LOCADIA,Curaçao,Miami FC (USA),Forward,,,,,,,,,,,3.2,55,0.35,1.0,1.0,0.05,0.15,0.78,0.35,https://fdp.fifa.org/assetspublic/ce281/pdf/SquadLists-English.pdf,,https://www.fifa.com/en/tournaments/mens/worldcup/canadamexicousa2026/articles/match-schedule-fixtures-results-teams-stadiums,Official FIFA final squad candidate pool row. Add homogeneous player-stat source before scoring.,Official FIFA final squad — FW/MF candidate pool,https://inside.fifa.com/organisation/media-releases/world-cup-2026-48-squads-confirmed,candidate_pool_no_player_stats_yet,TRUE,2026-06-09,CUW,9,FW,LOCADIA Juergen,Jürgen Leonardo,LOCADIA,LOCADIA,07/11/1993,193,FALSE,needs_stats_enrichment,https://fdp.fifa.org/assetspublic/ce281/pdf/SquadLists-English.pdf
Kenji Joel GORRE,Curaçao,Maccabi Haifa FC (ISR),Forward,,,,,,,,,,,3.2,55,0.35,1.0,1.0,0.05,0.15,0.78,0.35,https://fdp.fifa.org/assetspublic/ce281/pdf/SquadLists-English.pdf,,https://www.fifa.com/en/tournaments/mens/worldcup/canadamexicousa2026/articles/match-schedule-fixtures-results-teams-stadiums,Official FIFA final squad candidate pool row. Add homogeneous player-stat source before scoring.,Official FIFA final squad — FW/MF candidate pool,https://inside.fifa.com/organisation/media-releases/world-cup-2026-48-squads-confirmed,candidate_pool_no_player_stats_yet,TRUE,2026-06-09,CUW,14,FW,GORRE Kenji,Kenji Joel,GORRE,GORRE,29/09/1994,174,FALSE,needs_stats_enrichment,https://fdp.fifa.org/assetspublic/ce281/pdf/SquadLists-English.pdf
Misjonne Juniffer Naigelino HANSEN,Curaçao,Middlesbrough FC (ENG),Forward,,,,,,,,,,,3.2,55,0.35,1.0,1.0,0.05,0.15,0.78,0.35,https://fdp.fifa.org/assetspublic/ce281/pdf/SquadLists-English.pdf,,https://www.fifa.com/en/tournaments/mens/worldcup/canadamexicousa2026/articles/match-schedule-fixtures-results-teams-stadiums,Official FIFA final squad candidate pool row. Add homogeneous player-stat source before scoring.,Official FIFA final squad — FW/MF candidate pool,https://inside.fifa.com/organisation/media-releases/world-cup-2026-48-squads-confirmed,candidate_pool_no_player_stats_yet,TRUE,2026-06-09,CUW,12,FW,HANSEN Sontje,Misjonne Juniffer Naigelino,HANSEN,HANSEN,18/05/2002,176,FALSE,needs_stats_enrichment,https://fdp.fifa.org/assetspublic/ce281/pdf/SquadLists-English.pdf
Tyrese Yurvencey NOSLIN,Curaçao,SC Telstar (NED),Forward,,,,,,,,,,,3.2,55,0.35,1.0,1.0,0.05,0.15,0.78,0.35,https://fdp.fifa.org/assetspublic/ce281/pdf/SquadLists-English.pdf,,https://www.fifa.com/en/tournaments/mens/worldcup/canadamexicousa2026/articles/match-schedule-fixtures-results-teams-stadiums,Official FIFA final squad candidate pool row. Add homogeneous player-stat source before scoring.,Official FIFA final squad — FW/MF candidate pool,https://inside.fifa.com/organisation/media-releases/world-cup-2026-48-squads-confirmed,candidate_pool_no_player_stats_yet,TRUE,2026-06-09,CUW,13,FW,NOSLIN Tyrese,Tyrese Yurvencey,NOSLIN,NOSLIN,11/09/2002,182,FALSE,needs_stats_enrichment,https://fdp.fifa.org/assetspublic/ce281/pdf/SquadLists-English.pdf
Ar'jany Jainel Archenir MARTHA,Curaçao,Rotherham United FC (ENG),Midfielder,,,,,,,,,,,3.2,55,0.35,1.0,1.0,0.05,0.15,0.78,0.35,https://fdp.fifa.org/assetspublic/ce281/pdf/SquadLists-English.pdf,,https://www.fifa.com/en/tournaments/mens/worldcup/canadamexicousa2026/articles/match-schedule-fixtures-results-teams-stadiums,Official FIFA final squad candidate pool row. Add homogeneous player-stat source before scoring.,Official FIFA final squad — FW/MF candidate pool,https://inside.fifa.com/organisation/media-releases/world-cup-2026-48-squads-confirmed,candidate_pool_no_player_stats_yet,TRUE,2026-06-09,CUW,15,MF,MARTHA Arjany,Ar'jany Jainel Archenir,MARTHA,MARTHA,04/09/2003,180,FALSE,needs_stats_enrichment,https://fdp.fifa.org/assetspublic/ce281/pdf/SquadLists-English.pdf
Godfried ROEMERATOE,Curaçao,RKC Waalwijk (NED),Midfielder,,,,,,,,,,,3.2,55,0.35,1.0,1.0,0.05,0.15,0.78,0.35,https://fdp.fifa.org/assetspublic/ce281/pdf/SquadLists-English.pdf,,https://www.fifa.com/en/tournaments/mens/worldcup/canadamexicousa2026/articles/match-schedule-fixtures-results-teams-stadiums,Official FIFA final squad candidate pool row. Add homogeneous player-stat source before scoring.,Official FIFA final squad — FW/MF candidate pool,https://inside.fifa.com/organisation/media-releases/world-cup-2026-48-squads-confirmed,candidate_pool_no_player_stats_yet,TRUE,2026-06-09,CUW,6,MF,ROEMERATOE Godfried,Godfried,ROEMERATOE,ROEMERATOE,19/08/1999,178,FALSE,needs_stats_enrichment,https://fdp.fifa.org/assetspublic/ce281/pdf/SquadLists-English.pdf
Juninho Gracielo BACUNA,Curaçao,FC Volendam (NED),Midfielder,,,,,,,,,,,3.2,55,0.35,1.0,1.0,0.05,0.15,0.78,0.35,https://fdp.fifa.org/assetspublic/ce281/pdf/SquadLists-English.pdf,,https://www.fifa.com/en/tournaments/mens/worldcup/canadamexicousa2026/articles/match-schedule-fixtures-results-teams-stadiums,Official FIFA final squad candidate pool row. Add homogeneous player-stat source before scoring.,Official FIFA final squad — FW/MF candidate pool,https://inside.fifa.com/organisation/media-releases/world-cup-2026-48-squads-confirmed,candidate_pool_no_player_stats_yet,TRUE,2026-06-09,CUW,7,MF,BACUNA Juninho,Juninho Gracielo,BACUNA,J. BACUNA,07/08/1997,178,FALSE,needs_stats_enrichment,https://fdp.fifa.org/assetspublic/ce281/pdf/SquadLists-English.pdf
Kevin Antonio FELIDA,Curaçao,FC Den Bosch (NED),Midfielder,,,,,,,,,,,3.2,55,0.35,1.0,1.0,0.05,0.15,0.78,0.35,https://fdp.fifa.org/assetspublic/ce281/pdf/SquadLists-English.pdf,,https://www.fifa.com/en/tournaments/mens/worldcup/canadamexicousa2026/articles/match-schedule-fixtures-results-teams-stadiums,Official FIFA final squad candidate pool row. Add homogeneous player-stat source before scoring.,Official FIFA final squad — FW/MF candidate pool,https://inside.fifa.com/organisation/media-releases/world-cup-2026-48-squads-confirmed,candidate_pool_no_player_stats_yet,TRUE,2026-06-09,CUW,22,MF,FELIDA Kevin,Kevin Antonio,FELIDA,FELIDA,11/11/1999,174,FALSE,needs_stats_enrichment,https://fdp.fifa.org/assetspublic/ce281/pdf/SquadLists-English.pdf
Leandro Jones Johan BACUNA,Curaçao,Iğdır FK (TUR),Midfielder,,,,,,,,,,,3.2,55,0.35,1.0,1.0,0.05,0.15,0.78,0.35,https://fdp.fifa.org/assetspublic/ce281/pdf/SquadLists-English.pdf,,https://www.fifa.com/en/tournaments/mens/worldcup/canadamexicousa2026/articles/match-schedule-fixtures-results-teams-stadiums,Official FIFA final squad candidate pool row. Add homogeneous player-stat source before scoring.,Official FIFA final squad — FW/MF candidate pool,https://inside.fifa.com/organisation/media-releases/world-cup-2026-48-squads-confirmed,candidate_pool_no_player_stats_yet,TRUE,2026-06-09,CUW,10,MF,BACUNA Leandro,Leandro Jones Johan,BACUNA,L. BACUNA,21/08/1991,180,FALSE,needs_stats_enrichment,https://fdp.fifa.org/assetspublic/ce281/pdf/SquadLists-English.pdf
Livano Shyron Liomar COMENENCIA,Curaçao,FC Zürich (SUI),Midfielder,,,,,,,,,,,3.2,55,0.35,1.0,1.0,0.05,0.15,0.78,0.35,https://fdp.fifa.org/assetspublic/ce281/pdf/SquadLists-English.pdf,,https://www.fifa.com/en/tournaments/mens/worldcup/canadamexicousa2026/articles/match-schedule-fixtures-results-teams-stadiums,Official FIFA final squad candidate pool row. Add homogeneous player-stat source before scoring.,Official FIFA final squad — FW/MF candidate pool,https://inside.fifa.com/organisation/media-releases/world-cup-2026-48-squads-confirmed,candidate_pool_no_player_stats_yet,TRUE,2026-06-09,CUW,8,MF,COMENENCIA Livano,Livano Shyron Liomar,COMENENCIA,COMENENCIA,03/02/2004,185,FALSE,needs_stats_enrichment,https://fdp.fifa.org/assetspublic/ce281/pdf/SquadLists-English.pdf
Tahith Jose Girigorio Djorkaef CHONG,Curaçao,She eld United FC (ENG),Midfielder,,,,,,,,,,,3.2,55,0.35,1.0,1.0,0.05,0.15,0.78,0.35,https://fdp.fifa.org/assetspublic/ce281/pdf/SquadLists-English.pdf,,https://www.fifa.com/en/tournaments/mens/worldcup/canadamexicousa2026/articles/match-schedule-fixtures-results-teams-stadiums,Official FIFA final squad candidate pool row. Add homogeneous player-stat source before scoring.,Official FIFA final squad — FW/MF candidate pool,https://inside.fifa.com/organisation/media-releases/world-cup-2026-48-squads-confirmed,candidate_pool_no_player_stats_yet,TRUE,2026-06-09,CUW,21,MF,CHONG Tahith,Tahith Jose Girigorio Djorkaef,CHONG,CHONG,04/12/1999,185,FALSE,needs_stats_enrichment,https://fdp.fifa.org/assetspublic/ce281/pdf/SquadLists-English.pdf
Adam HLOŽEK,Czechia,TSG Hoffenheim (GER),Forward,,,,,,,,,,,3.2,55,0.35,1.0,1.0,0.05,0.15,0.78,0.35,https://fdp.fifa.org/assetspublic/ce281/pdf/SquadLists-English.pdf,,https://www.fifa.com/en/tournaments/mens/worldcup/canadamexicousa2026/articles/match-schedule-fixtures-results-teams-stadiums,Official FIFA final squad candidate pool row. Add homogeneous player-stat source before scoring.,Official FIFA final squad — FW/MF candidate pool,https://inside.fifa.com/organisation/media-releases/world-cup-2026-48-squads-confirmed,candidate_pool_no_player_stats_yet,TRUE,2026-06-09,CZE,9,FW,HLOZEK Adam,Adam,HLOŽEK,HLOŽEK,25/07/2002,188,FALSE,needs_stats_enrichment,https://fdp.fifa.org/assetspublic/ce281/pdf/SquadLists-English.pdf
Denis VIŠINSKÝ,Czechia,FC Viktoria Plzeň (CZE),Forward,,,,,,,,,,,3.2,55,0.35,1.0,1.0,0.05,0.15,0.78,0.35,https://fdp.fifa.org/assetspublic/ce281/pdf/SquadLists-English.pdf,,https://www.fifa.com/en/tournaments/mens/worldcup/canadamexicousa2026/articles/match-schedule-fixtures-results-teams-stadiums,Official FIFA final squad candidate pool row. Add homogeneous player-stat source before scoring.,Official FIFA final squad — FW/MF candidate pool,https://inside.fifa.com/organisation/media-releases/world-cup-2026-48-squads-confirmed,candidate_pool_no_player_stats_yet,TRUE,2026-06-09,CZE,26,FW,VISINSKY Denis,Denis,VIŠINSKÝ,VIŠINSKÝ,21/03/2003,178,FALSE,needs_stats_enrichment,https://fdp.fifa.org/assetspublic/ce281/pdf/SquadLists-English.pdf
Jan KUCHTA,Czechia,AC Sparta Praha (CZE),Forward,,,,,,,,,,,3.2,55,0.35,1.0,1.0,0.05,0.15,0.78,0.35,https://fdp.fifa.org/assetspublic/ce281/pdf/SquadLists-English.pdf,,https://www.fifa.com/en/tournaments/mens/worldcup/canadamexicousa2026/articles/match-schedule-fixtures-results-teams-stadiums,Official FIFA final squad candidate pool row. Add homogeneous player-stat source before scoring.,Official FIFA final squad — FW/MF candidate pool,https://inside.fifa.com/organisation/media-releases/world-cup-2026-48-squads-confirmed,candidate_pool_no_player_stats_yet,TRUE,2026-06-09,CZE,11,FW,KUCHTA Jan,Jan,KUCHTA,KUCHTA,08/01/1997,185,FALSE,needs_stats_enrichment,https://fdp.fifa.org/assetspublic/ce281/pdf/SquadLists-English.pdf
Mojmír CHYTIL,Czechia,SK Slavia Praha (CZE),Forward,,,,,,,,,,,3.2,55,0.35,1.0,1.0,0.05,0.15,0.78,0.35,https://fdp.fifa.org/assetspublic/ce281/pdf/SquadLists-English.pdf,,https://www.fifa.com/en/tournaments/mens/worldcup/canadamexicousa2026/articles/match-schedule-fixtures-results-teams-stadiums,Official FIFA final squad candidate pool row. Add homogeneous player-stat source before scoring.,Official FIFA final squad — FW/MF candidate pool,https://inside.fifa.com/organisation/media-releases/world-cup-2026-48-squads-confirmed,candidate_pool_no_player_stats_yet,TRUE,2026-06-09,CZE,13,FW,CHYTIL Mojmir,Mojmír,CHYTIL,CHYTIL,29/04/1999,187,FALSE,needs_stats_enrichment,https://fdp.fifa.org/assetspublic/ce281/pdf/SquadLists-English.pdf
Patrik SCHICK,Czechia,Bayer 04 Leverkusen (GER),Forward,,,,,,,,,,,3.2,55,0.35,1.0,1.0,0.05,0.15,0.78,0.35,https://fdp.fifa.org/assetspublic/ce281/pdf/SquadLists-English.pdf,,https://www.fifa.com/en/tournaments/mens/worldcup/canadamexicousa2026/articles/match-schedule-fixtures-results-teams-stadiums,Official FIFA final squad candidate pool row. Add homogeneous player-stat source before scoring.,Official FIFA final squad — FW/MF candidate pool,https://inside.fifa.com/organisation/media-releases/world-cup-2026-48-squads-confirmed,candidate_pool_no_player_stats_yet,TRUE,2026-06-09,CZE,10,FW,SCHICK Patrik,Patrik,SCHICK,SCHICK,24/01/1996,191,FALSE,needs_stats_enrichment,https://fdp.fifa.org/assetspublic/ce281/pdf/SquadLists-English.pdf
Pavel ŠULC,Czechia,Olympique Lyonnais (FRA),Forward,,,,,,,,,,,3.2,55,0.35,1.0,1.0,0.05,0.15,0.78,0.35,https://fdp.fifa.org/assetspublic/ce281/pdf/SquadLists-English.pdf,,https://www.fifa.com/en/tournaments/mens/worldcup/canadamexicousa2026/articles/match-schedule-fixtures-results-teams-stadiums,Official FIFA final squad candidate pool row. Add homogeneous player-stat source before scoring.,Official FIFA final squad — FW/MF candidate pool,https://inside.fifa.com/organisation/media-releases/world-cup-2026-48-squads-confirmed,candidate_pool_no_player_stats_yet,TRUE,2026-06-09,CZE,15,FW,SULC Pavel,Pavel,ŠULC,ŠULC,29/12/2000,177,FALSE,needs_stats_enrichment,https://fdp.fifa.org/assetspublic/ce281/pdf/SquadLists-English.pdf
Tomáš CHORÝ,Czechia,SK Slavia Praha (CZE),Forward,,,,,,,,,,,3.2,55,0.35,1.0,1.0,0.05,0.15,0.78,0.35,https://fdp.fifa.org/assetspublic/ce281/pdf/SquadLists-English.pdf,,https://www.fifa.com/en/tournaments/mens/worldcup/canadamexicousa2026/articles/match-schedule-fixtures-results-teams-stadiums,Official FIFA final squad candidate pool row. Add homogeneous player-stat source before scoring.,Official FIFA final squad — FW/MF candidate pool,https://inside.fifa.com/organisation/media-releases/world-cup-2026-48-squads-confirmed,candidate_pool_no_player_stats_yet,TRUE,2026-06-09,CZE,19,FW,CHORY Tomas,Tomáš,CHORÝ,CHORÝ,26/01/1995,199,FALSE,needs_stats_enrichment,https://fdp.fifa.org/assetspublic/ce281/pdf/SquadLists-English.pdf
Alexandr SOJKA,Czechia,FC Viktoria Plzeň (CZE),Midfielder,,,,,,,,,,,3.2,55,0.35,1.0,1.0,0.05,0.15,0.78,0.35,https://fdp.fifa.org/assetspublic/ce281/pdf/SquadLists-English.pdf,,https://www.fifa.com/en/tournaments/mens/worldcup/canadamexicousa2026/articles/match-schedule-fixtures-results-teams-stadiums,Official FIFA final squad candidate pool row. Add homogeneous player-stat source before scoring.,Official FIFA final squad — FW/MF candidate pool,https://inside.fifa.com/organisation/media-releases/world-cup-2026-48-squads-confirmed,candidate_pool_no_player_stats_yet,TRUE,2026-06-09,CZE,24,MF,SOJKA Alexandr,Alexandr,SOJKA,SOJKA,02/04/2003,188,FALSE,needs_stats_enrichment,https://fdp.fifa.org/assetspublic/ce281/pdf/SquadLists-English.pdf
Hugo SOCHŮREK,Czechia,AC Sparta Praha (CZE),Midfielder,,,,,,,,,,,3.2,55,0.35,1.0,1.0,0.05,0.15,0.78,0.35,https://fdp.fifa.org/assetspublic/ce281/pdf/SquadLists-English.pdf,,https://www.fifa.com/en/tournaments/mens/worldcup/canadamexicousa2026/articles/match-schedule-fixtures-results-teams-stadiums,Official FIFA final squad candidate pool row. Add homogeneous player-stat source before scoring.,Official FIFA final squad — FW/MF candidate pool,https://inside.fifa.com/organisation/media-releases/world-cup-2026-48-squads-confirmed,candidate_pool_no_player_stats_yet,TRUE,2026-06-09,CZE,25,MF,SOCHUREK Hugo,Hugo,SOCHŮREK,SOCHŮREK,07/06/2008,183,FALSE,needs_stats_enrichment,https://fdp.fifa.org/assetspublic/ce281/pdf/SquadLists-English.pdf
Lukáš PROVOD,Czechia,SK Slavia Praha (CZE),Midfielder,,,,,,,,,,,3.2,55,0.35,1.0,1.0,0.05,0.15,0.78,0.35,https://fdp.fifa.org/assetspublic/ce281/pdf/SquadLists-English.pdf,,https://www.fifa.com/en/tournaments/mens/worldcup/canadamexicousa2026/articles/match-schedule-fixtures-results-teams-stadiums,Official FIFA final squad candidate pool row. Add homogeneous player-stat source before scoring.,Official FIFA final squad — FW/MF candidate pool,https://inside.fifa.com/organisation/media-releases/world-cup-2026-48-squads-confirmed,candidate_pool_no_player_stats_yet,TRUE,2026-06-09,CZE,17,MF,PROVOD Lukas,Lukáš,PROVOD,PROVOD,23/10/1996,191,FALSE,needs_stats_enrichment,https://fdp.fifa.org/assetspublic/ce281/pdf/SquadLists-English.pdf
Lukáš ČERV,Czechia,FC Viktoria Plzeň (CZE),Midfielder,,,,,,,,,,,3.2,55,0.35,1.0,1.0,0.05,0.15,0.78,0.35,https://fdp.fifa.org/assetspublic/ce281/pdf/SquadLists-English.pdf,,https://www.fifa.com/en/tournaments/mens/worldcup/canadamexicousa2026/articles/match-schedule-fixtures-results-teams-stadiums,Official FIFA final squad candidate pool row. Add homogeneous player-stat source before scoring.,Official FIFA final squad — FW/MF candidate pool,https://inside.fifa.com/organisation/media-releases/world-cup-2026-48-squads-confirmed,candidate_pool_no_player_stats_yet,TRUE,2026-06-09,CZE,12,MF,CERV Lukas,Lukáš,ČERV,ČERV,10/04/2001,182,FALSE,needs_stats_enrichment,https://fdp.fifa.org/assetspublic/ce281/pdf/SquadLists-English.pdf
Michal SADÍLEK,Czechia,SK Slavia Praha (CZE),Midfielder,,,,,,,,,,,3.2,55,0.35,1.0,1.0,0.05,0.15,0.78,0.35,https://fdp.fifa.org/assetspublic/ce281/pdf/SquadLists-English.pdf,,https://www.fifa.com/en/tournaments/mens/worldcup/canadamexicousa2026/articles/match-schedule-fixtures-results-teams-stadiums,Official FIFA final squad candidate pool row. Add homogeneous player-stat source before scoring.,Official FIFA final squad — FW/MF candidate pool,https://inside.fifa.com/organisation/media-releases/world-cup-2026-48-squads-confirmed,candidate_pool_no_player_stats_yet,TRUE,2026-06-09,CZE,18,MF,SADILEK Michal,Michal,SADÍLEK,SADÍLEK,31/05/1999,169,FALSE,needs_stats_enrichment,https://fdp.fifa.org/assetspublic/ce281/pdf/SquadLists-English.pdf
Tomáš SOUČEK,Czechia,West Ham United FC (ENG),Midfielder,,,,,,,,,,,3.2,55,0.35,1.0,1.0,0.05,0.15,0.78,0.35,https://fdp.fifa.org/assetspublic/ce281/pdf/SquadLists-English.pdf,,https://www.fifa.com/en/tournaments/mens/worldcup/canadamexicousa2026/articles/match-schedule-fixtures-results-teams-stadiums,Official FIFA final squad candidate pool row. Add homogeneous player-stat source before scoring.,Official FIFA final squad — FW/MF candidate pool,https://inside.fifa.com/organisation/media-releases/world-cup-2026-48-squads-confirmed,candidate_pool_no_player_stats_yet,TRUE,2026-06-09,CZE,22,MF,SOUCEK Tomas,Tomáš,SOUČEK,SOUČEK,27/02/1995,192,FALSE,needs_stats_enrichment,https://fdp.fifa.org/assetspublic/ce281/pdf/SquadLists-English.pdf
Vladimír DARIDA,Czechia,FC Hradec Králové (CZE),Midfielder,,,,,,,,,,,3.2,55,0.35,1.0,1.0,0.05,0.15,0.78,0.35,https://fdp.fifa.org/assetspublic/ce281/pdf/SquadLists-English.pdf,,https://www.fifa.com/en/tournaments/mens/worldcup/canadamexicousa2026/articles/match-schedule-fixtures-results-teams-stadiums,Official FIFA final squad candidate pool row. Add homogeneous player-stat source before scoring.,Official FIFA final squad — FW/MF candidate pool,https://inside.fifa.com/organisation/media-releases/world-cup-2026-48-squads-confirmed,candidate_pool_no_player_stats_yet,TRUE,2026-06-09,CZE,8,MF,DARIDA Vladimir,Vladimír,DARIDA,DARIDA,08/08/1990,172,FALSE,needs_stats_enrichment,https://fdp.fifa.org/assetspublic/ce281/pdf/SquadLists-English.pdf
Amad DIALLO,Côte D'Ivoire,Manchester United FC (ENG),Forward,,,,,,,,,,,3.2,55,0.35,1.0,1.0,0.05,0.15,0.78,0.35,https://fdp.fifa.org/assetspublic/ce281/pdf/SquadLists-English.pdf,,https://www.fifa.com/en/tournaments/mens/worldcup/canadamexicousa2026/articles/match-schedule-fixtures-results-teams-stadiums,Official FIFA final squad candidate pool row. Add homogeneous player-stat source before scoring.,Official FIFA final squad — FW/MF candidate pool,https://inside.fifa.com/organisation/media-releases/world-cup-2026-48-squads-confirmed,candidate_pool_no_player_stats_yet,TRUE,2026-06-09,CIV,15,FW,DIALLO Amad,Amad,DIALLO,AMAD,11/07/2002,173,FALSE,needs_stats_enrichment,https://fdp.fifa.org/assetspublic/ce281/pdf/SquadLists-English.pdf
Ange-Yoan Laurent BONNY,Côte D'Ivoire,FC Internazionale Milano (ITA),Forward,,,,,,,,,,,3.2,55,0.35,1.0,1.0,0.05,0.15,0.78,0.35,https://fdp.fifa.org/assetspublic/ce281/pdf/SquadLists-English.pdf,,https://www.fifa.com/en/tournaments/mens/worldcup/canadamexicousa2026/articles/match-schedule-fixtures-results-teams-stadiums,Official FIFA final squad candidate pool row. Add homogeneous player-stat source before scoring.,Official FIFA final squad — FW/MF candidate pool,https://inside.fifa.com/organisation/media-releases/world-cup-2026-48-squads-confirmed,candidate_pool_no_player_stats_yet,TRUE,2026-06-09,CIV,9,FW,BONNY Ange-Yoan,Ange-Yoan Laurent,BONNY,BONNY,25/10/2003,189,FALSE,needs_stats_enrichment,https://fdp.fifa.org/assetspublic/ce281/pdf/SquadLists-English.pdf
Bazoumana TOURE,Côte D'Ivoire,TSG Hoffenheim (GER),Forward,,,,,,,,,,,3.2,55,0.35,1.0,1.0,0.05,0.15,0.78,0.35,https://fdp.fifa.org/assetspublic/ce281/pdf/SquadLists-English.pdf,,https://www.fifa.com/en/tournaments/mens/worldcup/canadamexicousa2026/articles/match-schedule-fixtures-results-teams-stadiums,Official FIFA final squad candidate pool row. Add homogeneous player-stat source before scoring.,Official FIFA final squad — FW/MF candidate pool,https://inside.fifa.com/organisation/media-releases/world-cup-2026-48-squads-confirmed,candidate_pool_no_player_stats_yet,TRUE,2026-06-09,CIV,24,FW,TOURE Bazoumana,Bazoumana,TOURE,TOURE,02/03/2006,178,FALSE,needs_stats_enrichment,https://fdp.fifa.org/assetspublic/ce281/pdf/SquadLists-English.pdf
Evann Ludovic Vidjannagni GUESSAND,Côte D'Ivoire,Crystal Palace FC (ENG),Forward,,,,,,,,,,,3.2,55,0.35,1.0,1.0,0.05,0.15,0.78,0.35,https://fdp.fifa.org/assetspublic/ce281/pdf/SquadLists-English.pdf,,https://www.fifa.com/en/tournaments/mens/worldcup/canadamexicousa2026/articles/match-schedule-fixtures-results-teams-stadiums,Official FIFA final squad candidate pool row. Add homogeneous player-stat source before scoring.,Official FIFA final squad — FW/MF candidate pool,https://inside.fifa.com/organisation/media-releases/world-cup-2026-48-squads-confirmed,candidate_pool_no_player_stats_yet,TRUE,2026-06-09,CIV,22,FW,GUESSAND Evann,Evann Ludovic Vidjannagni,GUESSAND,GUESSAND,01/07/2001,188,FALSE,needs_stats_enrichment,https://fdp.fifa.org/assetspublic/ce281/pdf/SquadLists-English.pdf
Nicolas PEPE,Côte D'Ivoire,Villarreal CF (ESP),Forward,,,,,,,,,,,3.2,55,0.35,1.0,1.0,0.05,0.15,0.78,0.35,https://fdp.fifa.org/assetspublic/ce281/pdf/SquadLists-English.pdf,,https://www.fifa.com/en/tournaments/mens/worldcup/canadamexicousa2026/articles/match-schedule-fixtures-results-teams-stadiums,Official FIFA final squad candidate pool row. Add homogeneous player-stat source before scoring.,Official FIFA final squad — FW/MF candidate pool,https://inside.fifa.com/organisation/media-releases/world-cup-2026-48-squads-confirmed,candidate_pool_no_player_stats_yet,TRUE,2026-06-09,CIV,19,FW,PEPE Nicolas,Nicolas,PEPE,PEPE,29/05/1995,183,FALSE,needs_stats_enrichment,https://fdp.fifa.org/assetspublic/ce281/pdf/SquadLists-English.pdf
Oumar DIAKITE,Côte D'Ivoire,Cercle Brugge (BEL),Forward,,,,,,,,,,,3.2,55,0.35,1.0,1.0,0.05,0.15,0.78,0.35,https://fdp.fifa.org/assetspublic/ce281/pdf/SquadLists-English.pdf,,https://www.fifa.com/en/tournaments/mens/worldcup/canadamexicousa2026/articles/match-schedule-fixtures-results-teams-stadiums,Official FIFA final squad candidate pool row. Add homogeneous player-stat source before scoring.,Official FIFA final squad — FW/MF candidate pool,https://inside.fifa.com/organisation/media-releases/world-cup-2026-48-squads-confirmed,candidate_pool_no_player_stats_yet,TRUE,2026-06-09,CIV,14,FW,DIAKITE Oumar,Oumar,DIAKITE,DIAKITE,20/12/2003,182,FALSE,needs_stats_enrichment,https://fdp.fifa.org/assetspublic/ce281/pdf/SquadLists-English.pdf
Sepe Elye Delmas WAHI,Côte D'Ivoire,OGC Nice (FRA),Forward,,,,,,,,,,,3.2,55,0.35,1.0,1.0,0.05,0.15,0.78,0.35,https://fdp.fifa.org/assetspublic/ce281/pdf/SquadLists-English.pdf,,https://www.fifa.com/en/tournaments/mens/worldcup/canadamexicousa2026/articles/match-schedule-fixtures-results-teams-stadiums,Official FIFA final squad candidate pool row. Add homogeneous player-stat source before scoring.,Official FIFA final squad — FW/MF candidate pool,https://inside.fifa.com/organisation/media-releases/world-cup-2026-48-squads-confirmed,candidate_pool_no_player_stats_yet,TRUE,2026-06-09,CIV,12,FW,WAHI Elye,Sepe Elye Delmas,WAHI,WAHI,02/01/2003,181,FALSE,needs_stats_enrichment,https://fdp.fifa.org/assetspublic/ce281/pdf/SquadLists-English.pdf
Simon ADINGRA,Côte D'Ivoire,AS Monaco (FRA),Forward,,,,,,,,,,,3.2,55,0.35,1.0,1.0,0.05,0.15,0.78,0.35,https://fdp.fifa.org/assetspublic/ce281/pdf/SquadLists-English.pdf,,https://www.fifa.com/en/tournaments/mens/worldcup/canadamexicousa2026/articles/match-schedule-fixtures-results-teams-stadiums,Official FIFA final squad candidate pool row. Add homogeneous player-stat source before scoring.,Official FIFA final squad — FW/MF candidate pool,https://inside.fifa.com/organisation/media-releases/world-cup-2026-48-squads-confirmed,candidate_pool_no_player_stats_yet,TRUE,2026-06-09,CIV,10,FW,ADINGRA Simon,Simon,ADINGRA,ADINGRA,01/01/2002,175,FALSE,needs_stats_enrichment,https://fdp.fifa.org/assetspublic/ce281/pdf/SquadLists-English.pdf
Yan DIOMANDE,Côte D'Ivoire,RB Leipzig (GER),Forward,,,,,,,,,,,3.2,55,0.35,1.0,1.0,0.05,0.15,0.78,0.35,https://fdp.fifa.org/assetspublic/ce281/pdf/SquadLists-English.pdf,,https://www.fifa.com/en/tournaments/mens/worldcup/canadamexicousa2026/articles/match-schedule-fixtures-results-teams-stadiums,Official FIFA final squad candidate pool row. Add homogeneous player-stat source before scoring.,Official FIFA final squad — FW/MF candidate pool,https://inside.fifa.com/organisation/media-releases/world-cup-2026-48-squads-confirmed,candidate_pool_no_player_stats_yet,TRUE,2026-06-09,CIV,11,FW,DIOMANDE Yan,Yan,DIOMANDE,YAN DIOMANDE,14/11/2006,180,FALSE,needs_stats_enrichment,https://fdp.fifa.org/assetspublic/ce281/pdf/SquadLists-English.pdf
Christ Ravynel Inao OULAI,Côte D'Ivoire,Trabzonspor (TUR),Midfielder,,,,,,,,,,,3.2,55,0.35,1.0,1.0,0.05,0.15,0.78,0.35,https://fdp.fifa.org/assetspublic/ce281/pdf/SquadLists-English.pdf,,https://www.fifa.com/en/tournaments/mens/worldcup/canadamexicousa2026/articles/match-schedule-fixtures-results-teams-stadiums,Official FIFA final squad candidate pool row. Add homogeneous player-stat source before scoring.,Official FIFA final squad — FW/MF candidate pool,https://inside.fifa.com/organisation/media-releases/world-cup-2026-48-squads-confirmed,candidate_pool_no_player_stats_yet,TRUE,2026-06-09,CIV,26,MF,OULAI Christ Inao,Christ Ravynel Inao,OULAI,INAO,06/04/2006,173,FALSE,needs_stats_enrichment,https://fdp.fifa.org/assetspublic/ce281/pdf/SquadLists-English.pdf
Franck Yannick KESSIE,Côte D'Ivoire,Al Ahli FC (KSA),Midfielder,,,,,,,,,,,3.2,55,0.35,1.0,1.0,0.05,0.15,0.78,0.35,https://fdp.fifa.org/assetspublic/ce281/pdf/SquadLists-English.pdf,,https://www.fifa.com/en/tournaments/mens/worldcup/canadamexicousa2026/articles/match-schedule-fixtures-results-teams-stadiums,Official FIFA final squad candidate pool row. Add homogeneous player-stat source before scoring.,Official FIFA final squad — FW/MF candidate pool,https://inside.fifa.com/organisation/media-releases/world-cup-2026-48-squads-confirmed,candidate_pool_no_player_stats_yet,TRUE,2026-06-09,CIV,8,MF,KESSIE Franck,Franck Yannick,KESSIE,KESSIE,19/12/1996,183,FALSE,needs_stats_enrichment,https://fdp.fifa.org/assetspublic/ce281/pdf/SquadLists-English.pdf
Ibrahim SANGARE,Côte D'Ivoire,Nottingham Forest FC (ENG),Midfielder,,,,,,,,,,,3.2,55,0.35,1.0,1.0,0.05,0.15,0.78,0.35,https://fdp.fifa.org/assetspublic/ce281/pdf/SquadLists-English.pdf,,https://www.fifa.com/en/tournaments/mens/worldcup/canadamexicousa2026/articles/match-schedule-fixtures-results-teams-stadiums,Official FIFA final squad candidate pool row. Add homogeneous player-stat source before scoring.,Official FIFA final squad — FW/MF candidate pool,https://inside.fifa.com/organisation/media-releases/world-cup-2026-48-squads-confirmed,candidate_pool_no_player_stats_yet,TRUE,2026-06-09,CIV,18,MF,SANGARE Ibrahim,Ibrahim,SANGARE,SANGARE,02/12/1997,191,FALSE,needs_stats_enrichment,https://fdp.fifa.org/assetspublic/ce281/pdf/SquadLists-English.pdf
Jean Michael SERI,Côte D'Ivoire,NK Maribor (SVN),Midfielder,,,,,,,,,,,3.2,55,0.35,1.0,1.0,0.05,0.15,0.78,0.35,https://fdp.fifa.org/assetspublic/ce281/pdf/SquadLists-English.pdf,,https://www.fifa.com/en/tournaments/mens/worldcup/canadamexicousa2026/articles/match-schedule-fixtures-results-teams-stadiums,Official FIFA final squad candidate pool row. Add homogeneous player-stat source before scoring.,Official FIFA final squad — FW/MF candidate pool,https://inside.fifa.com/organisation/media-releases/world-cup-2026-48-squads-confirmed,candidate_pool_no_player_stats_yet,TRUE,2026-06-09,CIV,4,MF,SERI Jean Michael,Jean Michael,SERI,SERI,19/07/1991,168,FALSE,needs_stats_enrichment,https://fdp.fifa.org/assetspublic/ce281/pdf/SquadLists-English.pdf
Parfait GUIAGON,Côte D'Ivoire,Sporting Charleroi (BEL),Midfielder,,,,,,,,,,,3.2,55,0.35,1.0,1.0,0.05,0.15,0.78,0.35,https://fdp.fifa.org/assetspublic/ce281/pdf/SquadLists-English.pdf,,https://www.fifa.com/en/tournaments/mens/worldcup/canadamexicousa2026/articles/match-schedule-fixtures-results-teams-stadiums,Official FIFA final squad candidate pool row. Add homogeneous player-stat source before scoring.,Official FIFA final squad — FW/MF candidate pool,https://inside.fifa.com/organisation/media-releases/world-cup-2026-48-squads-confirmed,candidate_pool_no_player_stats_yet,TRUE,2026-06-09,CIV,25,MF,GUIAGON Parfait,Parfait,GUIAGON,GUIAGON,22/02/2001,165,FALSE,needs_stats_enrichment,https://fdp.fifa.org/assetspublic/ce281/pdf/SquadLists-English.pdf
Seko Mohamed FOFANA,Côte D'Ivoire,FC Porto (POR),Midfielder,,,,,,,,,,,3.2,55,0.35,1.0,1.0,0.05,0.15,0.78,0.35,https://fdp.fifa.org/assetspublic/ce281/pdf/SquadLists-English.pdf,,https://www.fifa.com/en/tournaments/mens/worldcup/canadamexicousa2026/articles/match-schedule-fixtures-results-teams-stadiums,Official FIFA final squad candidate pool row. Add homogeneous player-stat source before scoring.,Official FIFA final squad — FW/MF candidate pool,https://inside.fifa.com/organisation/media-releases/world-cup-2026-48-squads-confirmed,candidate_pool_no_player_stats_yet,TRUE,2026-06-09,CIV,6,MF,FOFANA Seko,Seko Mohamed,FOFANA,FOFANA,07/05/1995,185,FALSE,needs_stats_enrichment,https://fdp.fifa.org/assetspublic/ce281/pdf/SquadLists-English.pdf
Enner Remberto VALENCIA LASTRA,Ecuador,CF Pachuca (MEX),Forward,,,,,,,,,,,3.2,55,0.35,1.0,1.0,0.05,0.15,0.78,0.35,https://fdp.fifa.org/assetspublic/ce281/pdf/SquadLists-English.pdf,,https://www.fifa.com/en/tournaments/mens/worldcup/canadamexicousa2026/articles/match-schedule-fixtures-results-teams-stadiums,Official FIFA final squad candidate pool row. Add homogeneous player-stat source before scoring.,Official FIFA final squad — FW/MF candidate pool,https://inside.fifa.com/organisation/media-releases/world-cup-2026-48-squads-confirmed,candidate_pool_no_player_stats_yet,TRUE,2026-06-09,ECU,13,FW,VALENCIA Enner,Enner Remberto,VALENCIA LASTRA,E. VALENCIA,04/11/1989,177,FALSE,needs_stats_enrichment,https://fdp.fifa.org/assetspublic/ce281/pdf/SquadLists-English.pdf
Gonzalo Jordy PLATA JIMENEZ,Ecuador,CR Flamengo (BRA),Forward,,,,,,,,,,,3.2,55,0.35,1.0,1.0,0.05,0.15,0.78,0.35,https://fdp.fifa.org/assetspublic/ce281/pdf/SquadLists-English.pdf,,https://www.fifa.com/en/tournaments/mens/worldcup/canadamexicousa2026/articles/match-schedule-fixtures-results-teams-stadiums,Official FIFA final squad candidate pool row. Add homogeneous player-stat source before scoring.,Official FIFA final squad — FW/MF candidate pool,https://inside.fifa.com/organisation/media-releases/world-cup-2026-48-squads-confirmed,candidate_pool_no_player_stats_yet,TRUE,2026-06-09,ECU,19,FW,PLATA Gonzalo,Gonzalo Jordy,PLATA JIMENEZ,PLATA,01/11/2000,178,FALSE,needs_stats_enrichment,https://fdp.fifa.org/assetspublic/ce281/pdf/SquadLists-English.pdf
Jeremy Alberto AREVALO MERA,Ecuador,VfB Stuttgart (GER),Forward,,,,,,,,,,,3.2,55,0.35,1.0,1.0,0.05,0.15,0.78,0.35,https://fdp.fifa.org/assetspublic/ce281/pdf/SquadLists-English.pdf,,https://www.fifa.com/en/tournaments/mens/worldcup/canadamexicousa2026/articles/match-schedule-fixtures-results-teams-stadiums,Official FIFA final squad candidate pool row. Add homogeneous player-stat source before scoring.,Official FIFA final squad — FW/MF candidate pool,https://inside.fifa.com/organisation/media-releases/world-cup-2026-48-squads-confirmed,candidate_pool_no_player_stats_yet,TRUE,2026-06-09,ECU,24,FW,AREVALO Jeremy,Jeremy Alberto,AREVALO MERA,AREVALO,19/03/2005,182,FALSE,needs_stats_enrichment,https://fdp.fifa.org/assetspublic/ce281/pdf/SquadLists-English.pdf
John YEBOAH ZAMORA,Ecuador,Venezia FC (ITA),Forward,,,,,,,,,,,3.2,55,0.35,1.0,1.0,0.05,0.15,0.78,0.35,https://fdp.fifa.org/assetspublic/ce281/pdf/SquadLists-English.pdf,,https://www.fifa.com/en/tournaments/mens/worldcup/canadamexicousa2026/articles/match-schedule-fixtures-results-teams-stadiums,Official FIFA final squad candidate pool row. Add homogeneous player-stat source before scoring.,Official FIFA final squad — FW/MF candidate pool,https://inside.fifa.com/organisation/media-releases/world-cup-2026-48-squads-confirmed,candidate_pool_no_player_stats_yet,TRUE,2026-06-09,ECU,9,FW,YEBOAH John,John,YEBOAH ZAMORA,YEBOAH ZAMORA,23/06/2000,170,FALSE,needs_stats_enrichment,https://fdp.fifa.org/assetspublic/ce281/pdf/SquadLists-English.pdf
Jordy Josue CAICEDO MEDINA,Ecuador,CA Huracán (ARG),Forward,,,,,,,,,,,3.2,55,0.35,1.0,1.0,0.05,0.15,0.78,0.35,https://fdp.fifa.org/assetspublic/ce281/pdf/SquadLists-English.pdf,,https://www.fifa.com/en/tournaments/mens/worldcup/canadamexicousa2026/articles/match-schedule-fixtures-results-teams-stadiums,Official FIFA final squad candidate pool row. Add homogeneous player-stat source before scoring.,Official FIFA final squad — FW/MF candidate pool,https://inside.fifa.com/organisation/media-releases/world-cup-2026-48-squads-confirmed,candidate_pool_no_player_stats_yet,TRUE,2026-06-09,ECU,16,FW,CAICEDO Jordy,Jordy Josue,CAICEDO MEDINA,J. CAICEDO,18/11/1997,186,FALSE,needs_stats_enrichment,https://fdp.fifa.org/assetspublic/ce281/pdf/SquadLists-English.pdf
Kevin Jose RODRÍGUEZ CORTEZ,Ecuador,Royale Union Saint-Gilloise (BEL),Forward,,,,,,,,,,,3.2,55,0.35,1.0,1.0,0.05,0.15,0.78,0.35,https://fdp.fifa.org/assetspublic/ce281/pdf/SquadLists-English.pdf,,https://www.fifa.com/en/tournaments/mens/worldcup/canadamexicousa2026/articles/match-schedule-fixtures-results-teams-stadiums,Official FIFA final squad candidate pool row. Add homogeneous player-stat source before scoring.,Official FIFA final squad — FW/MF candidate pool,https://inside.fifa.com/organisation/media-releases/world-cup-2026-48-squads-confirmed,candidate_pool_no_player_stats_yet,TRUE,2026-06-09,ECU,11,FW,RODRIGUEZ Kevin,Kevin Jose,RODRÍGUEZ CORTEZ,RODRIGUEZ,04/03/2000,190,FALSE,needs_stats_enrichment,https://fdp.fifa.org/assetspublic/ce281/pdf/SquadLists-English.pdf
Nilson David ANGULO RAMIREZ,Ecuador,Sunderland AFC (ENG),Forward,,,,,,,,,,,3.2,55,0.35,1.0,1.0,0.05,0.15,0.78,0.35,https://fdp.fifa.org/assetspublic/ce281/pdf/SquadLists-English.pdf,,https://www.fifa.com/en/tournaments/mens/worldcup/canadamexicousa2026/articles/match-schedule-fixtures-results-teams-stadiums,Official FIFA final squad candidate pool row. Add homogeneous player-stat source before scoring.,Official FIFA final squad — FW/MF candidate pool,https://inside.fifa.com/organisation/media-releases/world-cup-2026-48-squads-confirmed,candidate_pool_no_player_stats_yet,TRUE,2026-06-09,ECU,20,FW,ANGULO Nilson,Nilson David,ANGULO RAMIREZ,ANGULO,19/06/2003,184,FALSE,needs_stats_enrichment,https://fdp.fifa.org/assetspublic/ce281/pdf/SquadLists-English.pdf
Alan Steve MINDA GARCIA,Ecuador,Atlético Mineiro (BRA),Midfielder,,,,,,,,,,,3.2,55,0.35,1.0,1.0,0.05,0.15,0.78,0.35,https://fdp.fifa.org/assetspublic/ce281/pdf/SquadLists-English.pdf,,https://www.fifa.com/en/tournaments/mens/worldcup/canadamexicousa2026/articles/match-schedule-fixtures-results-teams-stadiums,Official FIFA final squad candidate pool row. Add homogeneous player-stat source before scoring.,Official FIFA final squad — FW/MF candidate pool,https://inside.fifa.com/organisation/media-releases/world-cup-2026-48-squads-confirmed,candidate_pool_no_player_stats_yet,TRUE,2026-06-09,ECU,14,MF,MINDA Alan,Alan Steve,MINDA GARCIA,MINDA,14/05/2003,174,FALSE,needs_stats_enrichment,https://fdp.fifa.org/assetspublic/ce281/pdf/SquadLists-English.pdf
Alan Steven FRANCO PALMA,Ecuador,Atlético Mineiro (BRA),Midfielder,,,,,,,,,,,3.2,55,0.35,1.0,1.0,0.05,0.15,0.78,0.35,https://fdp.fifa.org/assetspublic/ce281/pdf/SquadLists-English.pdf,,https://www.fifa.com/en/tournaments/mens/worldcup/canadamexicousa2026/articles/match-schedule-fixtures-results-teams-stadiums,Official FIFA final squad candidate pool row. Add homogeneous player-stat source before scoring.,Official FIFA final squad — FW/MF candidate pool,https://inside.fifa.com/organisation/media-releases/world-cup-2026-48-squads-confirmed,candidate_pool_no_player_stats_yet,TRUE,2026-06-09,ECU,21,MF,FRANCO Alan,Alan Steven,FRANCO PALMA,FRANCO,21/08/1998,175,FALSE,needs_stats_enrichment,https://fdp.fifa.org/assetspublic/ce281/pdf/SquadLists-English.pdf
Anthony Lenin VALENCIA BAJAÑA,Ecuador,Royal Antwerp FC (BEL),Midfielder,,,,,,,,,,,3.2,55,0.35,1.0,1.0,0.05,0.15,0.78,0.35,https://fdp.fifa.org/assetspublic/ce281/pdf/SquadLists-English.pdf,,https://www.fifa.com/en/tournaments/mens/worldcup/canadamexicousa2026/articles/match-schedule-fixtures-results-teams-stadiums,Official FIFA final squad candidate pool row. Add homogeneous player-stat source before scoring.,Official FIFA final squad — FW/MF candidate pool,https://inside.fifa.com/organisation/media-releases/world-cup-2026-48-squads-confirmed,candidate_pool_no_player_stats_yet,TRUE,2026-06-09,ECU,8,MF,VALENCIA Anthony,Anthony Lenin,VALENCIA BAJAÑA,A. VALENCIA,21/07/2003,173,FALSE,needs_stats_enrichment,https://fdp.fifa.org/assetspublic/ce281/pdf/SquadLists-English.pdf
Denil Daniel CASTILLO PRECIADO,Ecuador,FC Midtjylland (DEN),Midfielder,,,,,,,,,,,3.2,55,0.35,1.0,1.0,0.05,0.15,0.78,0.35,https://fdp.fifa.org/assetspublic/ce281/pdf/SquadLists-English.pdf,,https://www.fifa.com/en/tournaments/mens/worldcup/canadamexicousa2026/articles/match-schedule-fixtures-results-teams-stadiums,Official FIFA final squad candidate pool row. Add homogeneous player-stat source before scoring.,Official FIFA final squad — FW/MF candidate pool,https://inside.fifa.com/organisation/media-releases/world-cup-2026-48-squads-confirmed,candidate_pool_no_player_stats_yet,TRUE,2026-06-09,ECU,18,MF,CASTILLO Denil,Denil Daniel,CASTILLO PRECIADO,CASTILLO,24/03/2004,189,FALSE,needs_stats_enrichment,https://fdp.fifa.org/assetspublic/ce281/pdf/SquadLists-English.pdf
Jordy Jose ALCÍVAR MACÍAS,Ecuador,Independiente Del Valle (ECU),Midfielder,,,,,,,,,,,3.2,55,0.35,1.0,1.0,0.05,0.15,0.78,0.35,https://fdp.fifa.org/assetspublic/ce281/pdf/SquadLists-English.pdf,,https://www.fifa.com/en/tournaments/mens/worldcup/canadamexicousa2026/articles/match-schedule-fixtures-results-teams-stadiums,Official FIFA final squad candidate pool row. Add homogeneous player-stat source before scoring.,Official FIFA final squad — FW/MF candidate pool,https://inside.fifa.com/organisation/media-releases/world-cup-2026-48-squads-confirmed,candidate_pool_no_player_stats_yet,TRUE,2026-06-09,ECU,5,MF,ALCIVAR Jordy,Jordy Jose,ALCÍVAR MACÍAS,ALCIVAR,05/08/1999,168,FALSE,needs_stats_enrichment,https://fdp.fifa.org/assetspublic/ce281/pdf/SquadLists-English.pdf
Moisés Isaac CAICEDO COROZO,Ecuador,Chelsea FC (ENG),Midfielder,,,,,,,,,,,3.2,55,0.35,1.0,1.0,0.05,0.15,0.78,0.35,https://fdp.fifa.org/assetspublic/ce281/pdf/SquadLists-English.pdf,,https://www.fifa.com/en/tournaments/mens/worldcup/canadamexicousa2026/articles/match-schedule-fixtures-results-teams-stadiums,Official FIFA final squad candidate pool row. Add homogeneous player-stat source before scoring.,Official FIFA final squad — FW/MF candidate pool,https://inside.fifa.com/organisation/media-releases/world-cup-2026-48-squads-confirmed,candidate_pool_no_player_stats_yet,TRUE,2026-06-09,ECU,23,MF,CAICEDO Moises,Moisés Isaac,CAICEDO COROZO,M. CAICEDO,02/11/2001,178,FALSE,needs_stats_enrichment,https://fdp.fifa.org/assetspublic/ce281/pdf/SquadLists-English.pdf
Pedro Jeampierre VITE UCA,Ecuador,Pumas UNAM (MEX),Midfielder,,,,,,,,,,,3.2,55,0.35,1.0,1.0,0.05,0.15,0.78,0.35,https://fdp.fifa.org/assetspublic/ce281/pdf/SquadLists-English.pdf,,https://www.fifa.com/en/tournaments/mens/worldcup/canadamexicousa2026/articles/match-schedule-fixtures-results-teams-stadiums,Official FIFA final squad candidate pool row. Add homogeneous player-stat source before scoring.,Official FIFA final squad — FW/MF candidate pool,https://inside.fifa.com/organisation/media-releases/world-cup-2026-48-squads-confirmed,candidate_pool_no_player_stats_yet,TRUE,2026-06-09,ECU,15,MF,VITE Pedro,Pedro Jeampierre,VITE UCA,VITE,09/03/2002,172,FALSE,needs_stats_enrichment,https://fdp.fifa.org/assetspublic/ce281/pdf/SquadLists-English.pdf
Ray Kendry PAEZ ANDRADE,Ecuador,CA River Plate (ARG),Midfielder,,,,,,,,,,,3.2,55,0.35,1.0,1.0,0.05,0.15,0.78,0.35,https://fdp.fifa.org/assetspublic/ce281/pdf/SquadLists-English.pdf,,https://www.fifa.com/en/tournaments/mens/worldcup/canadamexicousa2026/articles/match-schedule-fixtures-results-teams-stadiums,Official FIFA final squad candidate pool row. Add homogeneous player-stat source before scoring.,Official FIFA final squad — FW/MF candidate pool,https://inside.fifa.com/organisation/media-releases/world-cup-2026-48-squads-confirmed,candidate_pool_no_player_stats_yet,TRUE,2026-06-09,ECU,10,MF,PAEZ Kendry,Ray Kendry,PAEZ ANDRADE,PAEZ,04/05/2007,178,FALSE,needs_stats_enrichment,https://fdp.fifa.org/assetspublic/ce281/pdf/SquadLists-English.pdf
Ahmed Mostafa Mohamed SAYED,Egypt,Al Ahly FC (EGY),Forward,,,,,,,,,,,4.2,55,0.35,1.02,1.03,0.05,0.16,0.78,0.35,https://fdp.fifa.org/assetspublic/ce281/pdf/SquadLists-English.pdf,,https://www.fifa.com/en/tournaments/mens/worldcup/canadamexicousa2026/articles/match-schedule-fixtures-results-teams-stadiums,Official FIFA final squad candidate pool row. Add homogeneous player-stat source before scoring.,Official FIFA final squad — FW/MF candidate pool,https://inside.fifa.com/organisation/media-releases/world-cup-2026-48-squads-confirmed,candidate_pool_no_player_stats_yet,TRUE,2026-06-09,EGY,25,FW,ZIZO,Ahmed Mostafa Mohamed,SAYED,ZIZO,10/01/1996,175,FALSE,needs_stats_enrichment,https://fdp.fifa.org/assetspublic/ce281/pdf/SquadLists-English.pdf
Haissem Yousry Fouad A HASSAN,Egypt,Real Oviedo (ESP),Forward,,,,,,,,,,,4.2,55,0.35,1.02,1.03,0.05,0.16,0.78,0.35,https://fdp.fifa.org/assetspublic/ce281/pdf/SquadLists-English.pdf,,https://www.fifa.com/en/tournaments/mens/worldcup/canadamexicousa2026/articles/match-schedule-fixtures-results-teams-stadiums,Official FIFA final squad candidate pool row. Add homogeneous player-stat source before scoring.,Official FIFA final squad — FW/MF candidate pool,https://inside.fifa.com/organisation/media-releases/world-cup-2026-48-squads-confirmed,candidate_pool_no_player_stats_yet,TRUE,2026-06-09,EGY,12,FW,HAISSEM HASSAN,Haissem Yousry Fouad A,HASSAN,H. HASSAN,08/02/2002,175,FALSE,needs_stats_enrichment,https://fdp.fifa.org/assetspublic/ce281/pdf/SquadLists-English.pdf
Hamza Mohamed Abdelkarim E SELIM,Egypt,FC Barcelona (ESP),Forward,,,,,,,,,,,4.2,55,0.35,1.02,1.03,0.05,0.16,0.78,0.35,https://fdp.fifa.org/assetspublic/ce281/pdf/SquadLists-English.pdf,,https://www.fifa.com/en/tournaments/mens/worldcup/canadamexicousa2026/articles/match-schedule-fixtures-results-teams-stadiums,Official FIFA final squad candidate pool row. Add homogeneous player-stat source before scoring.,Official FIFA final squad — FW/MF candidate pool,https://inside.fifa.com/organisation/media-releases/world-cup-2026-48-squads-confirmed,candidate_pool_no_player_stats_yet,TRUE,2026-06-09,EGY,9,FW,HAMZA ABDELKARIM,Hamza Mohamed Abdelkarim E,SELIM,ABDELKARIM,01/01/2008,182,FALSE,needs_stats_enrichment,https://fdp.fifa.org/assetspublic/ce281/pdf/SquadLists-English.pdf
Ibrahim Adel Aly Mohamed HASSAN,Egypt,FC Nordsjælland (DEN),Forward,,,,,,,,,,,4.2,55,0.35,1.02,1.03,0.05,0.16,0.78,0.35,https://fdp.fifa.org/assetspublic/ce281/pdf/SquadLists-English.pdf,,https://www.fifa.com/en/tournaments/mens/worldcup/canadamexicousa2026/articles/match-schedule-fixtures-results-teams-stadiums,Official FIFA final squad candidate pool row. Add homogeneous player-stat source before scoring.,Official FIFA final squad — FW/MF candidate pool,https://inside.fifa.com/organisation/media-releases/world-cup-2026-48-squads-confirmed,candidate_pool_no_player_stats_yet,TRUE,2026-06-09,EGY,20,FW,IBRAHIM ADEL,Ibrahim Adel Aly Mohamed,HASSAN,I. ADEL,23/04/2001,178,FALSE,needs_stats_enrichment,https://fdp.fifa.org/assetspublic/ce281/pdf/SquadLists-English.pdf
Mahmoud Ahmed Ibrahim HASSAN,Egypt,Al Ahly FC (EGY),Forward,,,,,,,,,,,4.2,55,0.35,1.02,1.03,0.05,0.16,0.78,0.35,https://fdp.fifa.org/assetspublic/ce281/pdf/SquadLists-English.pdf,,https://www.fifa.com/en/tournaments/mens/worldcup/canadamexicousa2026/articles/match-schedule-fixtures-results-teams-stadiums,Official FIFA final squad candidate pool row. Add homogeneous player-stat source before scoring.,Official FIFA final squad — FW/MF candidate pool,https://inside.fifa.com/organisation/media-releases/world-cup-2026-48-squads-confirmed,candidate_pool_no_player_stats_yet,TRUE,2026-06-09,EGY,7,FW,TREZEGUET,Mahmoud Ahmed Ibrahim,HASSAN,M. TREZEGUET,01/10/1994,181,FALSE,needs_stats_enrichment,https://fdp.fifa.org/assetspublic/ce281/pdf/SquadLists-English.pdf
Omar Khaled Mohamed Abdelsalam MARMOUSH,Egypt,Manchester City FC (ENG),Forward,,,,,,,,,,,4.2,55,0.35,1.02,1.03,0.05,0.16,0.78,0.35,https://fdp.fifa.org/assetspublic/ce281/pdf/SquadLists-English.pdf,,https://www.fifa.com/en/tournaments/mens/worldcup/canadamexicousa2026/articles/match-schedule-fixtures-results-teams-stadiums,Official FIFA final squad candidate pool row. Add homogeneous player-stat source before scoring.,Official FIFA final squad — FW/MF candidate pool,https://inside.fifa.com/organisation/media-releases/world-cup-2026-48-squads-confirmed,candidate_pool_no_player_stats_yet,TRUE,2026-06-09,EGY,22,FW,OMAR MARMOUSH,Omar Khaled Mohamed Abdelsalam,MARMOUSH,MARMOUSH,07/02/1999,180,FALSE,needs_stats_enrichment,https://fdp.fifa.org/assetspublic/ce281/pdf/SquadLists-English.pdf
Emam Ashour Metwaly ABDELGHANY,Egypt,Al Ahly FC (EGY),Midfielder,,,,,,,,,,,4.2,55,0.35,1.02,1.03,0.05,0.16,0.78,0.35,https://fdp.fifa.org/assetspublic/ce281/pdf/SquadLists-English.pdf,,https://www.fifa.com/en/tournaments/mens/worldcup/canadamexicousa2026/articles/match-schedule-fixtures-results-teams-stadiums,Official FIFA final squad candidate pool row. Add homogeneous player-stat source before scoring.,Official FIFA final squad — FW/MF candidate pool,https://inside.fifa.com/organisation/media-releases/world-cup-2026-48-squads-confirmed,candidate_pool_no_player_stats_yet,TRUE,2026-06-09,EGY,8,MF,EMAM ASHOUR,Emam Ashour Metwaly,ABDELGHANY,E. ASHOUR,20/02/1998,180,FALSE,needs_stats_enrichment,https://fdp.fifa.org/assetspublic/ce281/pdf/SquadLists-English.pdf
Hamdy Fathy Abdelhalim ABDELFATTAH,Egypt,Al Wakrah SC (QAT),Midfielder,,,,,,,,,,,4.2,55,0.35,1.02,1.03,0.05,0.16,0.78,0.35,https://fdp.fifa.org/assetspublic/ce281/pdf/SquadLists-English.pdf,,https://www.fifa.com/en/tournaments/mens/worldcup/canadamexicousa2026/articles/match-schedule-fixtures-results-teams-stadiums,Official FIFA final squad candidate pool row. Add homogeneous player-stat source before scoring.,Official FIFA final squad — FW/MF candidate pool,https://inside.fifa.com/organisation/media-releases/world-cup-2026-48-squads-confirmed,candidate_pool_no_player_stats_yet,TRUE,2026-06-09,EGY,14,MF,HAMDY FATHY,Hamdy Fathy Abdelhalim,ABDELFATTAH,H. FATHY,29/09/1994,183,FALSE,needs_stats_enrichment,https://fdp.fifa.org/assetspublic/ce281/pdf/SquadLists-English.pdf
Mahmoud Saber Abdelmohsen H ABDELMOHSEN,Egypt,ZED FC (EGY),Midfielder,,,,,,,,,,,4.2,55,0.35,1.02,1.03,0.05,0.16,0.78,0.35,https://fdp.fifa.org/assetspublic/ce281/pdf/SquadLists-English.pdf,,https://www.fifa.com/en/tournaments/mens/worldcup/canadamexicousa2026/articles/match-schedule-fixtures-results-teams-stadiums,Official FIFA final squad candidate pool row. Add homogeneous player-stat source before scoring.,Official FIFA final squad — FW/MF candidate pool,https://inside.fifa.com/organisation/media-releases/world-cup-2026-48-squads-confirmed,candidate_pool_no_player_stats_yet,TRUE,2026-06-09,EGY,21,MF,MAHMOUD SABER,Mahmoud Saber Abdelmohsen H,ABDELMOHSEN,M. SABER,30/07/2001,170,FALSE,needs_stats_enrichment,https://fdp.fifa.org/assetspublic/ce281/pdf/SquadLists-English.pdf
Marawan Attia Fahim GHALLAB,Egypt,Al Ahly FC (EGY),Midfielder,,,,,,,,,,,4.2,55,0.35,1.02,1.03,0.05,0.16,0.78,0.35,https://fdp.fifa.org/assetspublic/ce281/pdf/SquadLists-English.pdf,,https://www.fifa.com/en/tournaments/mens/worldcup/canadamexicousa2026/articles/match-schedule-fixtures-results-teams-stadiums,Official FIFA final squad candidate pool row. Add homogeneous player-stat source before scoring.,Official FIFA final squad — FW/MF candidate pool,https://inside.fifa.com/organisation/media-releases/world-cup-2026-48-squads-confirmed,candidate_pool_no_player_stats_yet,TRUE,2026-06-09,EGY,19,MF,MARAWAN ATTIA,Marawan Attia Fahim,GHALLAB,M. ATTIA,01/08/1998,176,FALSE,needs_stats_enrichment,https://fdp.fifa.org/assetspublic/ce281/pdf/SquadLists-English.pdf
Mohanad Mostafa Ahmed A LASHIN,Egypt,Pyramids FC (EGY),Midfielder,,,,,,,,,,,4.2,55,0.35,1.02,1.03,0.05,0.16,0.78,0.35,https://fdp.fifa.org/assetspublic/ce281/pdf/SquadLists-English.pdf,,https://www.fifa.com/en/tournaments/mens/worldcup/canadamexicousa2026/articles/match-schedule-fixtures-results-teams-stadiums,Official FIFA final squad candidate pool row. Add homogeneous player-stat source before scoring.,Official FIFA final squad — FW/MF candidate pool,https://inside.fifa.com/organisation/media-releases/world-cup-2026-48-squads-confirmed,candidate_pool_no_player_stats_yet,TRUE,2026-06-09,EGY,17,MF,MOHANAD LASHIN,Mohanad Mostafa Ahmed A,LASHIN,M. LASHIN,29/05/1996,186,FALSE,needs_stats_enrichment,https://fdp.fifa.org/assetspublic/ce281/pdf/SquadLists-English.pdf
Mostafa Mohamed Zaky ABDELRAOUF,Egypt,Pyramids FC (EGY),Midfielder,,,,,,,,,,,4.2,55,0.35,1.02,1.03,0.05,0.16,0.78,0.35,https://fdp.fifa.org/assetspublic/ce281/pdf/SquadLists-English.pdf,,https://www.fifa.com/en/tournaments/mens/worldcup/canadamexicousa2026/articles/match-schedule-fixtures-results-teams-stadiums,Official FIFA final squad candidate pool row. Add homogeneous player-stat source before scoring.,Official FIFA final squad — FW/MF candidate pool,https://inside.fifa.com/organisation/media-releases/world-cup-2026-48-squads-confirmed,candidate_pool_no_player_stats_yet,TRUE,2026-06-09,EGY,11,MF,MOSTAFA ZICO,Mostafa Mohamed Zaky,ABDELRAOUF,ZICO,27/04/1997,179,FALSE,needs_stats_enrichment,https://fdp.fifa.org/assetspublic/ce281/pdf/SquadLists-English.pdf
Nabil Emad Aly Elmahdy ALY,Egypt,Al Najmah SC (KSA),Midfielder,,,,,,,,,,,4.2,55,0.35,1.02,1.03,0.05,0.16,0.78,0.35,https://fdp.fifa.org/assetspublic/ce281/pdf/SquadLists-English.pdf,,https://www.fifa.com/en/tournaments/mens/worldcup/canadamexicousa2026/articles/match-schedule-fixtures-results-teams-stadiums,Official FIFA final squad candidate pool row. Add homogeneous player-stat source before scoring.,Official FIFA final squad — FW/MF candidate pool,https://inside.fifa.com/organisation/media-releases/world-cup-2026-48-squads-confirmed,candidate_pool_no_player_stats_yet,TRUE,2026-06-09,EGY,18,MF,NABIL DONGA,Nabil Emad Aly Elmahdy,ALY,DONGA,06/04/1996,179,FALSE,needs_stats_enrichment,https://fdp.fifa.org/assetspublic/ce281/pdf/SquadLists-English.pdf
Bukayo Ayoyinka SAKA,England,Arsenal FC (ENG),Forward,,,,,,,,,,,4.9,55,0.35,1.12,0.98,0.05,0.18,0.78,0.35,https://fdp.fifa.org/assetspublic/ce281/pdf/SquadLists-English.pdf,,https://www.fifa.com/en/tournaments/mens/worldcup/canadamexicousa2026/articles/match-schedule-fixtures-results-teams-stadiums,Official FIFA final squad candidate pool row. Add homogeneous player-stat source before scoring.,Official FIFA final squad — FW/MF candidate pool,https://inside.fifa.com/organisation/media-releases/world-cup-2026-48-squads-confirmed,candidate_pool_no_player_stats_yet,TRUE,2026-06-09,ENG,7,FW,SAKA Bukayo,Bukayo Ayoyinka,SAKA,SAKA,05/09/2001,178,FALSE,needs_stats_enrichment,https://fdp.fifa.org/assetspublic/ce281/pdf/SquadLists-English.pdf
Chukwunonso Azuka Tristan MADUEKE,England,Arsenal FC (ENG),Forward,,,,,,,,,,,4.9,55,0.35,1.12,0.98,0.05,0.18,0.78,0.35,https://fdp.fifa.org/assetspublic/ce281/pdf/SquadLists-English.pdf,,https://www.fifa.com/en/tournaments/mens/worldcup/canadamexicousa2026/articles/match-schedule-fixtures-results-teams-stadiums,Official FIFA final squad candidate pool row. Add homogeneous player-stat source before scoring.,Official FIFA final squad — FW/MF candidate pool,https://inside.fifa.com/organisation/media-releases/world-cup-2026-48-squads-confirmed,candidate_pool_no_player_stats_yet,TRUE,2026-06-09,ENG,20,FW,MADUEKE Noni,Chukwunonso Azuka Tristan,MADUEKE,MADUEKE,10/03/2002,182,FALSE,needs_stats_enrichment,https://fdp.fifa.org/assetspublic/ce281/pdf/SquadLists-English.pdf
Ivan Benjamin Elijah TONEY,England,Al Ahli FC (KSA),Forward,,,,,,,,,,,4.9,55,0.35,1.12,0.98,0.05,0.18,0.78,0.35,https://fdp.fifa.org/assetspublic/ce281/pdf/SquadLists-English.pdf,,https://www.fifa.com/en/tournaments/mens/worldcup/canadamexicousa2026/articles/match-schedule-fixtures-results-teams-stadiums,Official FIFA final squad candidate pool row. Add homogeneous player-stat source before scoring.,Official FIFA final squad — FW/MF candidate pool,https://inside.fifa.com/organisation/media-releases/world-cup-2026-48-squads-confirmed,candidate_pool_no_player_stats_yet,TRUE,2026-06-09,ENG,22,FW,TONEY Ivan,Ivan Benjamin Elijah,TONEY,TONEY,16/03/1996,185,FALSE,needs_stats_enrichment,https://fdp.fifa.org/assetspublic/ce281/pdf/SquadLists-English.pdf
Marcus RASHFORD,England,FC Barcelona (ESP),Forward,,,,,,,,,,,4.9,55,0.35,1.12,0.98,0.05,0.18,0.78,0.35,https://fdp.fifa.org/assetspublic/ce281/pdf/SquadLists-English.pdf,,https://www.fifa.com/en/tournaments/mens/worldcup/canadamexicousa2026/articles/match-schedule-fixtures-results-teams-stadiums,Official FIFA final squad candidate pool row. Add homogeneous player-stat source before scoring.,Official FIFA final squad — FW/MF candidate pool,https://inside.fifa.com/organisation/media-releases/world-cup-2026-48-squads-confirmed,candidate_pool_no_player_stats_yet,TRUE,2026-06-09,ENG,11,FW,RASHFORD Marcus,Marcus,RASHFORD,RASHFORD,31/10/1997,180,FALSE,needs_stats_enrichment,https://fdp.fifa.org/assetspublic/ce281/pdf/SquadLists-English.pdf
Oliver George Arthur WATKINS,England,Aston Villa FC (ENG),Forward,,,,,,,,,,,4.9,55,0.35,1.12,0.98,0.05,0.18,0.78,0.35,https://fdp.fifa.org/assetspublic/ce281/pdf/SquadLists-English.pdf,,https://www.fifa.com/en/tournaments/mens/worldcup/canadamexicousa2026/articles/match-schedule-fixtures-results-teams-stadiums,Official FIFA final squad candidate pool row. Add homogeneous player-stat source before scoring.,Official FIFA final squad — FW/MF candidate pool,https://inside.fifa.com/organisation/media-releases/world-cup-2026-48-squads-confirmed,candidate_pool_no_player_stats_yet,TRUE,2026-06-09,ENG,19,FW,WATKINS Ollie,Oliver George Arthur,WATKINS,WATKINS,30/12/1995,180,FALSE,needs_stats_enrichment,https://fdp.fifa.org/assetspublic/ce281/pdf/SquadLists-English.pdf
Declan RICE,England,Arsenal FC (ENG),Midfielder,,,,,,,,,,,4.9,55,0.35,1.12,0.98,0.05,0.18,0.78,0.35,https://fdp.fifa.org/assetspublic/ce281/pdf/SquadLists-English.pdf,,https://www.fifa.com/en/tournaments/mens/worldcup/canadamexicousa2026/articles/match-schedule-fixtures-results-teams-stadiums,Official FIFA final squad candidate pool row. Add homogeneous player-stat source before scoring.,Official FIFA final squad — FW/MF candidate pool,https://inside.fifa.com/organisation/media-releases/world-cup-2026-48-squads-confirmed,candidate_pool_no_player_stats_yet,TRUE,2026-06-09,ENG,4,MF,RICE Declan,Declan,RICE,RICE,14/01/1999,185,FALSE,needs_stats_enrichment,https://fdp.fifa.org/assetspublic/ce281/pdf/SquadLists-English.pdf
Eberechi Oluchi EZE,England,Arsenal FC (ENG),Midfielder,,,,,,,,,,,4.9,55,0.35,1.12,0.98,0.05,0.18,0.78,0.35,https://fdp.fifa.org/assetspublic/ce281/pdf/SquadLists-English.pdf,,https://www.fifa.com/en/tournaments/mens/worldcup/canadamexicousa2026/articles/match-schedule-fixtures-results-teams-stadiums,Official FIFA final squad candidate pool row. Add homogeneous player-stat source before scoring.,Official FIFA final squad — FW/MF candidate pool,https://inside.fifa.com/organisation/media-releases/world-cup-2026-48-squads-confirmed,candidate_pool_no_player_stats_yet,TRUE,2026-06-09,ENG,21,MF,EZE Eberechi,Eberechi Oluchi,EZE,EZE,29/06/1998,178,FALSE,needs_stats_enrichment,https://fdp.fifa.org/assetspublic/ce281/pdf/SquadLists-English.pdf
Elliot Junior ANDERSON,England,Nottingham Forest FC (ENG),Midfielder,,,,,,,,,,,4.9,55,0.35,1.12,0.98,0.05,0.18,0.78,0.35,https://fdp.fifa.org/assetspublic/ce281/pdf/SquadLists-English.pdf,,https://www.fifa.com/en/tournaments/mens/worldcup/canadamexicousa2026/articles/match-schedule-fixtures-results-teams-stadiums,Official FIFA final squad candidate pool row. Add homogeneous player-stat source before scoring.,Official FIFA final squad — FW/MF candidate pool,https://inside.fifa.com/organisation/media-releases/world-cup-2026-48-squads-confirmed,candidate_pool_no_player_stats_yet,TRUE,2026-06-09,ENG,8,MF,ANDERSON Elliot,Elliot Junior,ANDERSON,ANDERSON,06/11/2002,179,FALSE,needs_stats_enrichment,https://fdp.fifa.org/assetspublic/ce281/pdf/SquadLists-English.pdf
Jordan Brian HENDERSON,England,Brentford FC (ENG),Midfielder,,,,,,,,,,,4.9,55,0.35,1.12,0.98,0.05,0.18,0.78,0.35,https://fdp.fifa.org/assetspublic/ce281/pdf/SquadLists-English.pdf,,https://www.fifa.com/en/tournaments/mens/worldcup/canadamexicousa2026/articles/match-schedule-fixtures-results-teams-stadiums,Official FIFA final squad candidate pool row. Add homogeneous player-stat source before scoring.,Official FIFA final squad — FW/MF candidate pool,https://inside.fifa.com/organisation/media-releases/world-cup-2026-48-squads-confirmed,candidate_pool_no_player_stats_yet,TRUE,2026-06-09,ENG,14,MF,HENDERSON Jordan,Jordan Brian,HENDERSON,HENDERSON,17/06/1990,183,FALSE,needs_stats_enrichment,https://fdp.fifa.org/assetspublic/ce281/pdf/SquadLists-English.pdf
Jude Victor William BELLINGHAM,England,Real Madrid C. F. (ESP),Midfielder,,,,,,,,,,,4.9,55,0.35,1.12,0.98,0.05,0.18,0.78,0.35,https://fdp.fifa.org/assetspublic/ce281/pdf/SquadLists-English.pdf,,https://www.fifa.com/en/tournaments/mens/worldcup/canadamexicousa2026/articles/match-schedule-fixtures-results-teams-stadiums,Official FIFA final squad candidate pool row. Add homogeneous player-stat source before scoring.,Official FIFA final squad — FW/MF candidate pool,https://inside.fifa.com/organisation/media-releases/world-cup-2026-48-squads-confirmed,candidate_pool_no_player_stats_yet,TRUE,2026-06-09,ENG,10,MF,BELLINGHAM Jude,Jude Victor William,BELLINGHAM,BELLINGHAM,29/06/2003,183,FALSE,needs_stats_enrichment,https://fdp.fifa.org/assetspublic/ce281/pdf/SquadLists-English.pdf
Kobbie Boateng MAINOO,England,Manchester United FC (ENG),Midfielder,,,,,,,,,,,4.9,55,0.35,1.12,0.98,0.05,0.18,0.78,0.35,https://fdp.fifa.org/assetspublic/ce281/pdf/SquadLists-English.pdf,,https://www.fifa.com/en/tournaments/mens/worldcup/canadamexicousa2026/articles/match-schedule-fixtures-results-teams-stadiums,Official FIFA final squad candidate pool row. Add homogeneous player-stat source before scoring.,Official FIFA final squad — FW/MF candidate pool,https://inside.fifa.com/organisation/media-releases/world-cup-2026-48-squads-confirmed,candidate_pool_no_player_stats_yet,TRUE,2026-06-09,ENG,16,MF,MAINOO Kobbie,Kobbie Boateng,MAINOO,MAINOO,19/04/2005,183,FALSE,needs_stats_enrichment,https://fdp.fifa.org/assetspublic/ce281/pdf/SquadLists-English.pdf
Morgan Elliot ROGERS,England,Aston Villa FC (ENG),Midfielder,,,,,,,,,,,4.9,55,0.35,1.12,0.98,0.05,0.18,0.78,0.35,https://fdp.fifa.org/assetspublic/ce281/pdf/SquadLists-English.pdf,,https://www.fifa.com/en/tournaments/mens/worldcup/canadamexicousa2026/articles/match-schedule-fixtures-results-teams-stadiums,Official FIFA final squad candidate pool row. Add homogeneous player-stat source before scoring.,Official FIFA final squad — FW/MF candidate pool,https://inside.fifa.com/organisation/media-releases/world-cup-2026-48-squads-confirmed,candidate_pool_no_player_stats_yet,TRUE,2026-06-09,ENG,17,MF,ROGERS Morgan,Morgan Elliot,ROGERS,ROGERS,26/07/2002,187,FALSE,needs_stats_enrichment,https://fdp.fifa.org/assetspublic/ce281/pdf/SquadLists-English.pdf
Bradley Jean-Manuel Essolisa A BARCOLA,France,Paris Saint-Germain (FRA),Forward,,,,,,,,,,,5.35,55,0.35,1.16,0.96,0.05,0.18,0.78,0.35,https://fdp.fifa.org/assetspublic/ce281/pdf/SquadLists-English.pdf,,https://www.fifa.com/en/tournaments/mens/worldcup/canadamexicousa2026/articles/match-schedule-fixtures-results-teams-stadiums,Official FIFA final squad candidate pool row. Add homogeneous player-stat source before scoring.,Official FIFA final squad — FW/MF candidate pool,https://inside.fifa.com/organisation/media-releases/world-cup-2026-48-squads-confirmed,candidate_pool_no_player_stats_yet,TRUE,2026-06-09,FRA,12,FW,BARCOLA Bradley,Bradley Jean-Manuel Essolisa A,BARCOLA,BARCOLA,02/09/2002,187,FALSE,needs_stats_enrichment,https://fdp.fifa.org/assetspublic/ce281/pdf/SquadLists-English.pdf
Désiré Nonka-Maho DOUE,France,Paris Saint-Germain (FRA),Forward,,,,,,,,,,,5.35,55,0.35,1.16,0.96,0.05,0.18,0.78,0.35,https://fdp.fifa.org/assetspublic/ce281/pdf/SquadLists-English.pdf,,https://www.fifa.com/en/tournaments/mens/worldcup/canadamexicousa2026/articles/match-schedule-fixtures-results-teams-stadiums,Official FIFA final squad candidate pool row. Add homogeneous player-stat source before scoring.,Official FIFA final squad — FW/MF candidate pool,https://inside.fifa.com/organisation/media-releases/world-cup-2026-48-squads-confirmed,candidate_pool_no_player_stats_yet,TRUE,2026-06-09,FRA,20,FW,DOUE Desire,Désiré Nonka-Maho,DOUE,DOUE,03/06/2005,182,FALSE,needs_stats_enrichment,https://fdp.fifa.org/assetspublic/ce281/pdf/SquadLists-English.pdf
Jean-Philippe MATETA,France,Crystal Palace FC (ENG),Forward,,,,,,,,,,,5.35,55,0.35,1.16,0.96,0.05,0.18,0.78,0.35,https://fdp.fifa.org/assetspublic/ce281/pdf/SquadLists-English.pdf,,https://www.fifa.com/en/tournaments/mens/worldcup/canadamexicousa2026/articles/match-schedule-fixtures-results-teams-stadiums,Official FIFA final squad candidate pool row. Add homogeneous player-stat source before scoring.,Official FIFA final squad — FW/MF candidate pool,https://inside.fifa.com/organisation/media-releases/world-cup-2026-48-squads-confirmed,candidate_pool_no_player_stats_yet,TRUE,2026-06-09,FRA,22,FW,MATETA Jean-Philippe,Jean-Philippe,MATETA,MATETA,28/06/1997,192,FALSE,needs_stats_enrichment,https://fdp.fifa.org/assetspublic/ce281/pdf/SquadLists-English.pdf
Marcus Lilian THURAM-ULIEN,France,FC Internazionale Milano (ITA),Forward,,,,,,,,,,,5.35,55,0.35,1.16,0.96,0.05,0.18,0.78,0.35,https://fdp.fifa.org/assetspublic/ce281/pdf/SquadLists-English.pdf,,https://www.fifa.com/en/tournaments/mens/worldcup/canadamexicousa2026/articles/match-schedule-fixtures-results-teams-stadiums,Official FIFA final squad candidate pool row. Add homogeneous player-stat source before scoring.,Official FIFA final squad — FW/MF candidate pool,https://inside.fifa.com/organisation/media-releases/world-cup-2026-48-squads-confirmed,candidate_pool_no_player_stats_yet,TRUE,2026-06-09,FRA,9,FW,THURAM Marcus,Marcus Lilian,THURAM-ULIEN,THURAM,06/08/1997,192,FALSE,needs_stats_enrichment,https://fdp.fifa.org/assetspublic/ce281/pdf/SquadLists-English.pdf
Michael Akpovie OLISE,France,FC Bayern München (GER),Forward,,,,,,,,,,,5.35,55,0.35,1.16,0.96,0.05,0.18,0.78,0.35,https://fdp.fifa.org/assetspublic/ce281/pdf/SquadLists-English.pdf,,https://www.fifa.com/en/tournaments/mens/worldcup/canadamexicousa2026/articles/match-schedule-fixtures-results-teams-stadiums,Official FIFA final squad candidate pool row. Add homogeneous player-stat source before scoring.,Official FIFA final squad — FW/MF candidate pool,https://inside.fifa.com/organisation/media-releases/world-cup-2026-48-squads-confirmed,candidate_pool_no_player_stats_yet,TRUE,2026-06-09,FRA,11,FW,OLISE Michael,Michael Akpovie,OLISE,OLISE,12/12/2001,184,FALSE,needs_stats_enrichment,https://fdp.fifa.org/assetspublic/ce281/pdf/SquadLists-English.pdf
Adrien Thibault Marie RABIOT,France,AC Milan (ITA),Midfielder,,,,,,,,,,,5.35,55,0.35,1.16,0.96,0.05,0.18,0.78,0.35,https://fdp.fifa.org/assetspublic/ce281/pdf/SquadLists-English.pdf,,https://www.fifa.com/en/tournaments/mens/worldcup/canadamexicousa2026/articles/match-schedule-fixtures-results-teams-stadiums,Official FIFA final squad candidate pool row. Add homogeneous player-stat source before scoring.,Official FIFA final squad — FW/MF candidate pool,https://inside.fifa.com/organisation/media-releases/world-cup-2026-48-squads-confirmed,candidate_pool_no_player_stats_yet,TRUE,2026-06-09,FRA,14,MF,RABIOT Adrien,Adrien Thibault Marie,RABIOT,RABIOT,03/04/1995,191,FALSE,needs_stats_enrichment,https://fdp.fifa.org/assetspublic/ce281/pdf/SquadLists-English.pdf
Aurélien Djani TCHOUAMENI,France,Real Madrid C. F. (ESP),Midfielder,,,,,,,,,,,5.35,55,0.35,1.16,0.96,0.05,0.18,0.78,0.35,https://fdp.fifa.org/assetspublic/ce281/pdf/SquadLists-English.pdf,,https://www.fifa.com/en/tournaments/mens/worldcup/canadamexicousa2026/articles/match-schedule-fixtures-results-teams-stadiums,Official FIFA final squad candidate pool row. Add homogeneous player-stat source before scoring.,Official FIFA final squad — FW/MF candidate pool,https://inside.fifa.com/organisation/media-releases/world-cup-2026-48-squads-confirmed,candidate_pool_no_player_stats_yet,TRUE,2026-06-09,FRA,8,MF,TCHOUAMENI Aurelien,Aurélien Djani,TCHOUAMENI,TCHOUAMENI,27/01/2000,188,FALSE,needs_stats_enrichment,https://fdp.fifa.org/assetspublic/ce281/pdf/SquadLists-English.pdf
Kouadio Emmanuel Boris KONE,France,AS Roma (ITA),Midfielder,,,,,,,,,,,5.35,55,0.35,1.16,0.96,0.05,0.18,0.78,0.35,https://fdp.fifa.org/assetspublic/ce281/pdf/SquadLists-English.pdf,,https://www.fifa.com/en/tournaments/mens/worldcup/canadamexicousa2026/articles/match-schedule-fixtures-results-teams-stadiums,Official FIFA final squad candidate pool row. Add homogeneous player-stat source before scoring.,Official FIFA final squad — FW/MF candidate pool,https://inside.fifa.com/organisation/media-releases/world-cup-2026-48-squads-confirmed,candidate_pool_no_player_stats_yet,TRUE,2026-06-09,FRA,6,MF,KONE Manu,Kouadio Emmanuel Boris,KONE,KONE,17/05/2001,185,FALSE,needs_stats_enrichment,https://fdp.fifa.org/assetspublic/ce281/pdf/SquadLists-English.pdf
Maghnes AKLIOUCHE,France,AS Monaco (FRA),Midfielder,,,,,,,,,,,5.35,55,0.35,1.16,0.96,0.05,0.18,0.78,0.35,https://fdp.fifa.org/assetspublic/ce281/pdf/SquadLists-English.pdf,,https://www.fifa.com/en/tournaments/mens/worldcup/canadamexicousa2026/articles/match-schedule-fixtures-results-teams-stadiums,Official FIFA final squad candidate pool row. Add homogeneous player-stat source before scoring.,Official FIFA final squad — FW/MF candidate pool,https://inside.fifa.com/organisation/media-releases/world-cup-2026-48-squads-confirmed,candidate_pool_no_player_stats_yet,TRUE,2026-06-09,FRA,25,MF,AKLIOUCHE Maghnes,Maghnes,AKLIOUCHE,AKLIOUCHE,25/02/2002,183,FALSE,needs_stats_enrichment,https://fdp.fifa.org/assetspublic/ce281/pdf/SquadLists-English.pdf
Mathis Rayan CHERKI,France,Manchester City FC (ENG),Midfielder,,,,,,,,,,,5.35,55,0.35,1.16,0.96,0.05,0.18,0.78,0.35,https://fdp.fifa.org/assetspublic/ce281/pdf/SquadLists-English.pdf,,https://www.fifa.com/en/tournaments/mens/worldcup/canadamexicousa2026/articles/match-schedule-fixtures-results-teams-stadiums,Official FIFA final squad candidate pool row. Add homogeneous player-stat source before scoring.,Official FIFA final squad — FW/MF candidate pool,https://inside.fifa.com/organisation/media-releases/world-cup-2026-48-squads-confirmed,candidate_pool_no_player_stats_yet,TRUE,2026-06-09,FRA,24,MF,CHERKI Rayan,Mathis Rayan,CHERKI,CHERKI,17/08/2003,180,FALSE,needs_stats_enrichment,https://fdp.fifa.org/assetspublic/ce281/pdf/SquadLists-English.pdf
N'golo KANTE,France,Fenerbahçe SK (TUR),Midfielder,,,,,,,,,,,5.35,55,0.35,1.16,0.96,0.05,0.18,0.78,0.35,https://fdp.fifa.org/assetspublic/ce281/pdf/SquadLists-English.pdf,,https://www.fifa.com/en/tournaments/mens/worldcup/canadamexicousa2026/articles/match-schedule-fixtures-results-teams-stadiums,Official FIFA final squad candidate pool row. Add homogeneous player-stat source before scoring.,Official FIFA final squad — FW/MF candidate pool,https://inside.fifa.com/organisation/media-releases/world-cup-2026-48-squads-confirmed,candidate_pool_no_player_stats_yet,TRUE,2026-06-09,FRA,13,MF,KANTE Ngolo,N'golo,KANTE,KANTE,29/03/1991,171,FALSE,needs_stats_enrichment,https://fdp.fifa.org/assetspublic/ce281/pdf/SquadLists-English.pdf
Warren Marie Jean-Pierre ZAÏRE-EMERY,France,Paris Saint-Germain (FRA),Midfielder,,,,,,,,,,,5.35,55,0.35,1.16,0.96,0.05,0.18,0.78,0.35,https://fdp.fifa.org/assetspublic/ce281/pdf/SquadLists-English.pdf,,https://www.fifa.com/en/tournaments/mens/worldcup/canadamexicousa2026/articles/match-schedule-fixtures-results-teams-stadiums,Official FIFA final squad candidate pool row. Add homogeneous player-stat source before scoring.,Official FIFA final squad — FW/MF candidate pool,https://inside.fifa.com/organisation/media-releases/world-cup-2026-48-squads-confirmed,candidate_pool_no_player_stats_yet,TRUE,2026-06-09,FRA,18,MF,ZAIRE-EMERY Warren,Warren Marie Jean-Pierre,ZAÏRE-EMERY,ZAIRE EMERY,08/03/2006,176,FALSE,needs_stats_enrichment,https://fdp.fifa.org/assetspublic/ce281/pdf/SquadLists-English.pdf
Deniz UNDAV,Germany,VfB Stuttgart (GER),Forward,,,,,,,,,,,4.8,55,0.35,1.09,1.02,0.05,0.17,0.78,0.35,https://fdp.fifa.org/assetspublic/ce281/pdf/SquadLists-English.pdf,,https://www.fifa.com/en/tournaments/mens/worldcup/canadamexicousa2026/articles/match-schedule-fixtures-results-teams-stadiums,Official FIFA final squad candidate pool row. Add homogeneous player-stat source before scoring.,Official FIFA final squad — FW/MF candidate pool,https://inside.fifa.com/organisation/media-releases/world-cup-2026-48-squads-confirmed,candidate_pool_no_player_stats_yet,TRUE,2026-06-09,GER,26,FW,UNDAV Deniz,Deniz,UNDAV,UNDAV,19/07/1996,179,FALSE,needs_stats_enrichment,https://fdp.fifa.org/assetspublic/ce281/pdf/SquadLists-English.pdf
Maximilian BEIER,Germany,Borussia Dortmund (GER),Forward,,,,,,,,,,,4.8,55,0.35,1.09,1.02,0.05,0.17,0.78,0.35,https://fdp.fifa.org/assetspublic/ce281/pdf/SquadLists-English.pdf,,https://www.fifa.com/en/tournaments/mens/worldcup/canadamexicousa2026/articles/match-schedule-fixtures-results-teams-stadiums,Official FIFA final squad candidate pool row. Add homogeneous player-stat source before scoring.,Official FIFA final squad — FW/MF candidate pool,https://inside.fifa.com/organisation/media-releases/world-cup-2026-48-squads-confirmed,candidate_pool_no_player_stats_yet,TRUE,2026-06-09,GER,14,FW,BEIER Maximilian,Maximilian,BEIER,BEIER,17/10/2002,185,FALSE,needs_stats_enrichment,https://fdp.fifa.org/assetspublic/ce281/pdf/SquadLists-English.pdf
Nick WOLTEMADE,Germany,Newcastle United FC (ENG),Forward,,,,,,,,,,,4.8,55,0.35,1.09,1.02,0.05,0.17,0.78,0.35,https://fdp.fifa.org/assetspublic/ce281/pdf/SquadLists-English.pdf,,https://www.fifa.com/en/tournaments/mens/worldcup/canadamexicousa2026/articles/match-schedule-fixtures-results-teams-stadiums,Official FIFA final squad candidate pool row. Add homogeneous player-stat source before scoring.,Official FIFA final squad — FW/MF candidate pool,https://inside.fifa.com/organisation/media-releases/world-cup-2026-48-squads-confirmed,candidate_pool_no_player_stats_yet,TRUE,2026-06-09,GER,11,FW,WOLTEMADE Nick,Nick,WOLTEMADE,WOLTEMADE,14/02/2002,198,FALSE,needs_stats_enrichment,https://fdp.fifa.org/assetspublic/ce281/pdf/SquadLists-English.pdf
Aleksandar PAVLOVIĆ,Germany,FC Bayern München (GER),Midfielder,,,,,,,,,,,4.8,55,0.35,1.09,1.02,0.05,0.17,0.78,0.35,https://fdp.fifa.org/assetspublic/ce281/pdf/SquadLists-English.pdf,,https://www.fifa.com/en/tournaments/mens/worldcup/canadamexicousa2026/articles/match-schedule-fixtures-results-teams-stadiums,Official FIFA final squad candidate pool row. Add homogeneous player-stat source before scoring.,Official FIFA final squad — FW/MF candidate pool,https://inside.fifa.com/organisation/media-releases/world-cup-2026-48-squads-confirmed,candidate_pool_no_player_stats_yet,TRUE,2026-06-09,GER,5,MF,PAVLOVIC Aleksandar,Aleksandar,PAVLOVIĆ,PAVLOVIĆ,03/05/2004,188,FALSE,needs_stats_enrichment,https://fdp.fifa.org/assetspublic/ce281/pdf/SquadLists-English.pdf
Angelo Nicolas STILLER,Germany,VfB Stuttgart (GER),Midfielder,,,,,,,,,,,4.8,55,0.35,1.09,1.02,0.05,0.17,0.78,0.35,https://fdp.fifa.org/assetspublic/ce281/pdf/SquadLists-English.pdf,,https://www.fifa.com/en/tournaments/mens/worldcup/canadamexicousa2026/articles/match-schedule-fixtures-results-teams-stadiums,Official FIFA final squad candidate pool row. Add homogeneous player-stat source before scoring.,Official FIFA final squad — FW/MF candidate pool,https://inside.fifa.com/organisation/media-releases/world-cup-2026-48-squads-confirmed,candidate_pool_no_player_stats_yet,TRUE,2026-06-09,GER,16,MF,STILLER Angelo,Angelo Nicolas,STILLER,STILLER,04/04/2001,183,FALSE,needs_stats_enrichment,https://fdp.fifa.org/assetspublic/ce281/pdf/SquadLists-English.pdf
Felix Kalu NMECHA,Germany,Borussia Dortmund (GER),Midfielder,,,,,,,,,,,4.8,55,0.35,1.09,1.02,0.05,0.17,0.78,0.35,https://fdp.fifa.org/assetspublic/ce281/pdf/SquadLists-English.pdf,,https://www.fifa.com/en/tournaments/mens/worldcup/canadamexicousa2026/articles/match-schedule-fixtures-results-teams-stadiums,Official FIFA final squad candidate pool row. Add homogeneous player-stat source before scoring.,Official FIFA final squad — FW/MF candidate pool,https://inside.fifa.com/organisation/media-releases/world-cup-2026-48-squads-confirmed,candidate_pool_no_player_stats_yet,TRUE,2026-06-09,GER,23,MF,NMECHA Felix,Felix Kalu,NMECHA,NMECHA,10/10/2000,190,FALSE,needs_stats_enrichment,https://fdp.fifa.org/assetspublic/ce281/pdf/SquadLists-English.pdf
Florian Richard WIRTZ,Germany,Liverpool FC (ENG),Midfielder,,,,,,,,,,,4.8,55,0.35,1.09,1.02,0.05,0.17,0.78,0.35,https://fdp.fifa.org/assetspublic/ce281/pdf/SquadLists-English.pdf,,https://www.fifa.com/en/tournaments/mens/worldcup/canadamexicousa2026/articles/match-schedule-fixtures-results-teams-stadiums,Official FIFA final squad candidate pool row. Add homogeneous player-stat source before scoring.,Official FIFA final squad — FW/MF candidate pool,https://inside.fifa.com/organisation/media-releases/world-cup-2026-48-squads-confirmed,candidate_pool_no_player_stats_yet,TRUE,2026-06-09,GER,17,MF,WIRTZ Florian,Florian Richard,WIRTZ,WIRTZ,03/05/2003,176,FALSE,needs_stats_enrichment,https://fdp.fifa.org/assetspublic/ce281/pdf/SquadLists-English.pdf
Forzan Assan OUEDRAOGO,Germany,RB Leipzig (GER),Midfielder,,,,,,,,,,,4.8,55,0.35,1.09,1.02,0.05,0.17,0.78,0.35,https://fdp.fifa.org/assetspublic/ce281/pdf/SquadLists-English.pdf,,https://www.fifa.com/en/tournaments/mens/worldcup/canadamexicousa2026/articles/match-schedule-fixtures-results-teams-stadiums,Official FIFA final squad candidate pool row. Add homogeneous player-stat source before scoring.,Official FIFA final squad — FW/MF candidate pool,https://inside.fifa.com/organisation/media-releases/world-cup-2026-48-squads-confirmed,candidate_pool_no_player_stats_yet,TRUE,2026-06-09,GER,25,MF,OUEDRAOGO Assan,Forzan Assan,OUEDRAOGO,OUÉDRAOGO,09/05/2006,191,FALSE,needs_stats_enrichment,https://fdp.fifa.org/assetspublic/ce281/pdf/SquadLists-English.pdf
Jamal MUSIALA,Germany,FC Bayern München (GER),Midfielder,,,,,,,,,,,4.8,55,0.35,1.09,1.02,0.05,0.17,0.78,0.35,https://fdp.fifa.org/assetspublic/ce281/pdf/SquadLists-English.pdf,,https://www.fifa.com/en/tournaments/mens/worldcup/canadamexicousa2026/articles/match-schedule-fixtures-results-teams-stadiums,Official FIFA final squad candidate pool row. Add homogeneous player-stat source before scoring.,Official FIFA final squad — FW/MF candidate pool,https://inside.fifa.com/organisation/media-releases/world-cup-2026-48-squads-confirmed,candidate_pool_no_player_stats_yet,TRUE,2026-06-09,GER,10,MF,MUSIALA Jamal,Jamal,MUSIALA,MUSIALA,26/02/2003,180,FALSE,needs_stats_enrichment,https://fdp.fifa.org/assetspublic/ce281/pdf/SquadLists-English.pdf
Jamie Jaleel Jeremy LEWELING,Germany,VfB Stuttgart (GER),Midfielder,,,,,,,,,,,4.8,55,0.35,1.09,1.02,0.05,0.17,0.78,0.35,https://fdp.fifa.org/assetspublic/ce281/pdf/SquadLists-English.pdf,,https://www.fifa.com/en/tournaments/mens/worldcup/canadamexicousa2026/articles/match-schedule-fixtures-results-teams-stadiums,Official FIFA final squad candidate pool row. Add homogeneous player-stat source before scoring.,Official FIFA final squad — FW/MF candidate pool,https://inside.fifa.com/organisation/media-releases/world-cup-2026-48-squads-confirmed,candidate_pool_no_player_stats_yet,TRUE,2026-06-09,GER,9,MF,LEWELING Jamie,Jamie Jaleel Jeremy,LEWELING,LEWELING,26/02/2001,185,FALSE,needs_stats_enrichment,https://fdp.fifa.org/assetspublic/ce281/pdf/SquadLists-English.pdf
Leon Christoph GORETZKA,Germany,FC Bayern München (GER),Midfielder,,,,,,,,,,,4.8,55,0.35,1.09,1.02,0.05,0.17,0.78,0.35,https://fdp.fifa.org/assetspublic/ce281/pdf/SquadLists-English.pdf,,https://www.fifa.com/en/tournaments/mens/worldcup/canadamexicousa2026/articles/match-schedule-fixtures-results-teams-stadiums,Official FIFA final squad candidate pool row. Add homogeneous player-stat source before scoring.,Official FIFA final squad — FW/MF candidate pool,https://inside.fifa.com/organisation/media-releases/world-cup-2026-48-squads-confirmed,candidate_pool_no_player_stats_yet,TRUE,2026-06-09,GER,8,MF,GORETZKA Leon,Leon Christoph,GORETZKA,GORETZKA,06/02/1995,189,FALSE,needs_stats_enrichment,https://fdp.fifa.org/assetspublic/ce281/pdf/SquadLists-English.pdf
Leroy Aziz SANÉ,Germany,Galatasaray SK (TUR),Midfielder,,,,,,,,,,,4.8,55,0.35,1.09,1.02,0.05,0.17,0.78,0.35,https://fdp.fifa.org/assetspublic/ce281/pdf/SquadLists-English.pdf,,https://www.fifa.com/en/tournaments/mens/worldcup/canadamexicousa2026/articles/match-schedule-fixtures-results-teams-stadiums,Official FIFA final squad candidate pool row. Add homogeneous player-stat source before scoring.,Official FIFA final squad — FW/MF candidate pool,https://inside.fifa.com/organisation/media-releases/world-cup-2026-48-squads-confirmed,candidate_pool_no_player_stats_yet,TRUE,2026-06-09,GER,19,MF,SANE Leroy,Leroy Aziz,SANÉ,SANÉ,11/01/1996,183,FALSE,needs_stats_enrichment,https://fdp.fifa.org/assetspublic/ce281/pdf/SquadLists-English.pdf
Nadiem AMIRI,Germany,1. FSV Mainz 05 (GER),Midfielder,,,,,,,,,,,4.8,55,0.35,1.09,1.02,0.05,0.17,0.78,0.35,https://fdp.fifa.org/assetspublic/ce281/pdf/SquadLists-English.pdf,,https://www.fifa.com/en/tournaments/mens/worldcup/canadamexicousa2026/articles/match-schedule-fixtures-results-teams-stadiums,Official FIFA final squad candidate pool row. Add homogeneous player-stat source before scoring.,Official FIFA final squad — FW/MF candidate pool,https://inside.fifa.com/organisation/media-releases/world-cup-2026-48-squads-confirmed,candidate_pool_no_player_stats_yet,TRUE,2026-06-09,GER,20,MF,AMIRI Nadiem,Nadiem,AMIRI,AMIRI,27/10/1996,178,FALSE,needs_stats_enrichment,https://fdp.fifa.org/assetspublic/ce281/pdf/SquadLists-English.pdf
Pascal Alexander GROß,Germany,Brighton & Hove Albion FC (ENG),Midfielder,,,,,,,,,,,4.8,55,0.35,1.09,1.02,0.05,0.17,0.78,0.35,https://fdp.fifa.org/assetspublic/ce281/pdf/SquadLists-English.pdf,,https://www.fifa.com/en/tournaments/mens/worldcup/canadamexicousa2026/articles/match-schedule-fixtures-results-teams-stadiums,Official FIFA final squad candidate pool row. Add homogeneous player-stat source before scoring.,Official FIFA final squad — FW/MF candidate pool,https://inside.fifa.com/organisation/media-releases/world-cup-2026-48-squads-confirmed,candidate_pool_no_player_stats_yet,TRUE,2026-06-09,GER,13,MF,GROSS Pascal,Pascal Alexander,GROß,GROß,15/06/1991,181,FALSE,needs_stats_enrichment,https://fdp.fifa.org/assetspublic/ce281/pdf/SquadLists-English.pdf
Abdul Fatawu ISSAHAKU,Ghana,Leicester City FC (ENG),Forward,,,,,,,,,,,3.2,55,0.35,1.0,1.0,0.05,0.15,0.78,0.35,https://fdp.fifa.org/assetspublic/ce281/pdf/SquadLists-English.pdf,,https://www.fifa.com/en/tournaments/mens/worldcup/canadamexicousa2026/articles/match-schedule-fixtures-results-teams-stadiums,Official FIFA final squad candidate pool row. Add homogeneous player-stat source before scoring.,Official FIFA final squad — FW/MF candidate pool,https://inside.fifa.com/organisation/media-releases/world-cup-2026-48-squads-confirmed,candidate_pool_no_player_stats_yet,TRUE,2026-06-09,GHA,7,FW,FATAWU Abdul,Abdul Fatawu,ISSAHAKU,FATAWU,08/03/2004,177,FALSE,needs_stats_enrichment,https://fdp.fifa.org/assetspublic/ce281/pdf/SquadLists-English.pdf
Christopher Bonsu BAAH,Ghana,Al Qadsiah FC (KSA),Forward,,,,,,,,,,,3.2,55,0.35,1.0,1.0,0.05,0.15,0.78,0.35,https://fdp.fifa.org/assetspublic/ce281/pdf/SquadLists-English.pdf,,https://www.fifa.com/en/tournaments/mens/worldcup/canadamexicousa2026/articles/match-schedule-fixtures-results-teams-stadiums,Official FIFA final squad candidate pool row. Add homogeneous player-stat source before scoring.,Official FIFA final squad — FW/MF candidate pool,https://inside.fifa.com/organisation/media-releases/world-cup-2026-48-squads-confirmed,candidate_pool_no_player_stats_yet,TRUE,2026-06-09,GHA,13,FW,BAAH Christopher Bonsu,Christopher Bonsu,BAAH,BAAH,14/12/2004,172,FALSE,needs_stats_enrichment,https://fdp.fifa.org/assetspublic/ce281/pdf/SquadLists-English.pdf
Ernest Nuamah APPIAH,Ghana,Olympique Lyonnais (FRA),Forward,,,,,,,,,,,3.2,55,0.35,1.0,1.0,0.05,0.15,0.78,0.35,https://fdp.fifa.org/assetspublic/ce281/pdf/SquadLists-English.pdf,,https://www.fifa.com/en/tournaments/mens/worldcup/canadamexicousa2026/articles/match-schedule-fixtures-results-teams-stadiums,Official FIFA final squad candidate pool row. Add homogeneous player-stat source before scoring.,Official FIFA final squad — FW/MF candidate pool,https://inside.fifa.com/organisation/media-releases/world-cup-2026-48-squads-confirmed,candidate_pool_no_player_stats_yet,TRUE,2026-06-09,GHA,24,FW,NUAMAH Ernest,Ernest Nuamah,APPIAH,NUAMAH,01/11/2003,178,FALSE,needs_stats_enrichment,https://fdp.fifa.org/assetspublic/ce281/pdf/SquadLists-English.pdf
Inaki WILLIAMS ARTHUER,Ghana,Athletic Club (ESP),Forward,,,,,,,,,,,3.2,55,0.35,1.0,1.0,0.05,0.15,0.78,0.35,https://fdp.fifa.org/assetspublic/ce281/pdf/SquadLists-English.pdf,,https://www.fifa.com/en/tournaments/mens/worldcup/canadamexicousa2026/articles/match-schedule-fixtures-results-teams-stadiums,Official FIFA final squad candidate pool row. Add homogeneous player-stat source before scoring.,Official FIFA final squad — FW/MF candidate pool,https://inside.fifa.com/organisation/media-releases/world-cup-2026-48-squads-confirmed,candidate_pool_no_player_stats_yet,TRUE,2026-06-09,GHA,19,FW,WILLIAMS Inaki,Inaki,WILLIAMS ARTHUER,WILLIAMS,15/06/1994,186,FALSE,needs_stats_enrichment,https://fdp.fifa.org/assetspublic/ce281/pdf/SquadLists-English.pdf
Jordan Pierre AYEW,Ghana,Leicester City FC (ENG),Forward,,,,,,,,,,,3.2,55,0.35,1.0,1.0,0.05,0.15,0.78,0.35,https://fdp.fifa.org/assetspublic/ce281/pdf/SquadLists-English.pdf,,https://www.fifa.com/en/tournaments/mens/worldcup/canadamexicousa2026/articles/match-schedule-fixtures-results-teams-stadiums,Official FIFA final squad candidate pool row. Add homogeneous player-stat source before scoring.,Official FIFA final squad — FW/MF candidate pool,https://inside.fifa.com/organisation/media-releases/world-cup-2026-48-squads-confirmed,candidate_pool_no_player_stats_yet,TRUE,2026-06-09,GHA,9,FW,AYEW Jordan,Jordan Pierre,AYEW,AYEW,11/09/1991,182,FALSE,needs_stats_enrichment,https://fdp.fifa.org/assetspublic/ce281/pdf/SquadLists-English.pdf
Kamal Deen SULEMANA,Ghana,Atalanta Bergamo (ITA),Forward,,,,,,,,,,,3.2,55,0.35,1.0,1.0,0.05,0.15,0.78,0.35,https://fdp.fifa.org/assetspublic/ce281/pdf/SquadLists-English.pdf,,https://www.fifa.com/en/tournaments/mens/worldcup/canadamexicousa2026/articles/match-schedule-fixtures-results-teams-stadiums,Official FIFA final squad candidate pool row. Add homogeneous player-stat source before scoring.,Official FIFA final squad — FW/MF candidate pool,https://inside.fifa.com/organisation/media-releases/world-cup-2026-48-squads-confirmed,candidate_pool_no_player_stats_yet,TRUE,2026-06-09,GHA,22,FW,SULEMANA Kamaldeen,Kamal Deen,SULEMANA,KAMALDEEN,15/02/2002,174,FALSE,needs_stats_enrichment,https://fdp.fifa.org/assetspublic/ce281/pdf/SquadLists-English.pdf
Prince Kwabena ADU,Ghana,FC Viktoria Plzeň (CZE),Forward,,,,,,,,,,,3.2,55,0.35,1.0,1.0,0.05,0.15,0.78,0.35,https://fdp.fifa.org/assetspublic/ce281/pdf/SquadLists-English.pdf,,https://www.fifa.com/en/tournaments/mens/worldcup/canadamexicousa2026/articles/match-schedule-fixtures-results-teams-stadiums,Official FIFA final squad candidate pool row. Add homogeneous player-stat source before scoring.,Official FIFA final squad — FW/MF candidate pool,https://inside.fifa.com/organisation/media-releases/world-cup-2026-48-squads-confirmed,candidate_pool_no_player_stats_yet,TRUE,2026-06-09,GHA,25,FW,ADU Prince,Prince Kwabena,ADU,ADU,23/09/2003,179,FALSE,needs_stats_enrichment,https://fdp.fifa.org/assetspublic/ce281/pdf/SquadLists-English.pdf
Solomon Brandon Michael Clarke THOMAS-ASANTE,Ghana,Coventry City FC (ENG),Forward,,,,,,,,,,,3.2,55,0.35,1.0,1.0,0.05,0.15,0.78,0.35,https://fdp.fifa.org/assetspublic/ce281/pdf/SquadLists-English.pdf,,https://www.fifa.com/en/tournaments/mens/worldcup/canadamexicousa2026/articles/match-schedule-fixtures-results-teams-stadiums,Official FIFA final squad candidate pool row. Add homogeneous player-stat source before scoring.,Official FIFA final squad — FW/MF candidate pool,https://inside.fifa.com/organisation/media-releases/world-cup-2026-48-squads-confirmed,candidate_pool_no_player_stats_yet,TRUE,2026-06-09,GHA,10,FW,THOMAS-ASANTE Brandon,Solomon Brandon Michael Clarke,THOMAS-ASANTE,ASANTE,29/12/1998,182,FALSE,needs_stats_enrichment,https://fdp.fifa.org/assetspublic/ce281/pdf/SquadLists-English.pdf
Antoine Serlom SEMENYO,Ghana,Manchester City FC (ENG),Midfielder,,,,,,,,,,,3.2,55,0.35,1.0,1.0,0.05,0.15,0.78,0.35,https://fdp.fifa.org/assetspublic/ce281/pdf/SquadLists-English.pdf,,https://www.fifa.com/en/tournaments/mens/worldcup/canadamexicousa2026/articles/match-schedule-fixtures-results-teams-stadiums,Official FIFA final squad candidate pool row. Add homogeneous player-stat source before scoring.,Official FIFA final squad — FW/MF candidate pool,https://inside.fifa.com/organisation/media-releases/world-cup-2026-48-squads-confirmed,candidate_pool_no_player_stats_yet,TRUE,2026-06-09,GHA,11,MF,SEMENYO Antoine,Antoine Serlom,SEMENYO,SEMENYO,07/01/2000,185,FALSE,needs_stats_enrichment,https://fdp.fifa.org/assetspublic/ce281/pdf/SquadLists-English.pdf
Augustine BOAKYE,Ghana,AS Saint-Etienne (FRA),Midfielder,,,,,,,,,,,3.2,55,0.35,1.0,1.0,0.05,0.15,0.78,0.35,https://fdp.fifa.org/assetspublic/ce281/pdf/SquadLists-English.pdf,,https://www.fifa.com/en/tournaments/mens/worldcup/canadamexicousa2026/articles/match-schedule-fixtures-results-teams-stadiums,Official FIFA final squad candidate pool row. Add homogeneous player-stat source before scoring.,Official FIFA final squad — FW/MF candidate pool,https://inside.fifa.com/organisation/media-releases/world-cup-2026-48-squads-confirmed,candidate_pool_no_player_stats_yet,TRUE,2026-06-09,GHA,20,MF,BOAKYE Augustine,Augustine,BOAKYE,BOAKYE,03/11/2000,178,FALSE,needs_stats_enrichment,https://fdp.fifa.org/assetspublic/ce281/pdf/SquadLists-English.pdf
Caleb Marfo YIRENKYI,Ghana,FC Nordsjælland (DEN),Midfielder,,,,,,,,,,,3.2,55,0.35,1.0,1.0,0.05,0.15,0.78,0.35,https://fdp.fifa.org/assetspublic/ce281/pdf/SquadLists-English.pdf,,https://www.fifa.com/en/tournaments/mens/worldcup/canadamexicousa2026/articles/match-schedule-fixtures-results-teams-stadiums,Official FIFA final squad candidate pool row. Add homogeneous player-stat source before scoring.,Official FIFA final squad — FW/MF candidate pool,https://inside.fifa.com/organisation/media-releases/world-cup-2026-48-squads-confirmed,candidate_pool_no_player_stats_yet,TRUE,2026-06-09,GHA,3,MF,YIRENKYI Caleb,Caleb Marfo,YIRENKYI,CALEB,15/01/2006,182,FALSE,needs_stats_enrichment,https://fdp.fifa.org/assetspublic/ce281/pdf/SquadLists-English.pdf
Elisha OWUSU,Ghana,AJ Auxerre (FRA),Midfielder,,,,,,,,,,,3.2,55,0.35,1.0,1.0,0.05,0.15,0.78,0.35,https://fdp.fifa.org/assetspublic/ce281/pdf/SquadLists-English.pdf,,https://www.fifa.com/en/tournaments/mens/worldcup/canadamexicousa2026/articles/match-schedule-fixtures-results-teams-stadiums,Official FIFA final squad candidate pool row. Add homogeneous player-stat source before scoring.,Official FIFA final squad — FW/MF candidate pool,https://inside.fifa.com/organisation/media-releases/world-cup-2026-48-squads-confirmed,candidate_pool_no_player_stats_yet,TRUE,2026-06-09,GHA,15,MF,OWUSU Elisha,Elisha,OWUSU,OWUSU,07/11/1997,182,FALSE,needs_stats_enrichment,https://fdp.fifa.org/assetspublic/ce281/pdf/SquadLists-English.pdf
Kwasi SIBO,Ghana,Real Oviedo (ESP),Midfielder,,,,,,,,,,,3.2,55,0.35,1.0,1.0,0.05,0.15,0.78,0.35,https://fdp.fifa.org/assetspublic/ce281/pdf/SquadLists-English.pdf,,https://www.fifa.com/en/tournaments/mens/worldcup/canadamexicousa2026/articles/match-schedule-fixtures-results-teams-stadiums,Official FIFA final squad candidate pool row. Add homogeneous player-stat source before scoring.,Official FIFA final squad — FW/MF candidate pool,https://inside.fifa.com/organisation/media-releases/world-cup-2026-48-squads-confirmed,candidate_pool_no_player_stats_yet,TRUE,2026-06-09,GHA,8,MF,SIBO Kwasi,Kwasi,SIBO,SIBO,24/06/1998,183,FALSE,needs_stats_enrichment,https://fdp.fifa.org/assetspublic/ce281/pdf/SquadLists-English.pdf
Thomas Teye PARTEY,Ghana,Villarreal CF (ESP),Midfielder,,,,,,,,,,,3.2,55,0.35,1.0,1.0,0.05,0.15,0.78,0.35,https://fdp.fifa.org/assetspublic/ce281/pdf/SquadLists-English.pdf,,https://www.fifa.com/en/tournaments/mens/worldcup/canadamexicousa2026/articles/match-schedule-fixtures-results-teams-stadiums,Official FIFA final squad candidate pool row. Add homogeneous player-stat source before scoring.,Official FIFA final squad — FW/MF candidate pool,https://inside.fifa.com/organisation/media-releases/world-cup-2026-48-squads-confirmed,candidate_pool_no_player_stats_yet,TRUE,2026-06-09,GHA,5,MF,PARTEY Thomas,Thomas Teye,PARTEY,THOMAS,13/06/1993,185,FALSE,needs_stats_enrichment,https://fdp.fifa.org/assetspublic/ce281/pdf/SquadLists-English.pdf
Derrick Burckley ETIENNE JR,Haiti,Toronto FC (CAN),Forward,,,,,,,,,,,3.2,55,0.35,1.0,1.0,0.05,0.15,0.78,0.35,https://fdp.fifa.org/assetspublic/ce281/pdf/SquadLists-English.pdf,,https://www.fifa.com/en/tournaments/mens/worldcup/canadamexicousa2026/articles/match-schedule-fixtures-results-teams-stadiums,Official FIFA final squad candidate pool row. Add homogeneous player-stat source before scoring.,Official FIFA final squad — FW/MF candidate pool,https://inside.fifa.com/organisation/media-releases/world-cup-2026-48-squads-confirmed,candidate_pool_no_player_stats_yet,TRUE,2026-06-09,HAI,7,FW,ETIENNE Derrick,Derrick Burckley,ETIENNE JR,ETIENNE JR,25/11/1996,178,FALSE,needs_stats_enrichment,https://fdp.fifa.org/assetspublic/ce281/pdf/SquadLists-English.pdf
Don Louicius DEEDSON,Haiti,FC Dallas (USA),Forward,,,,,,,,,,,3.2,55,0.35,1.0,1.0,0.05,0.15,0.78,0.35,https://fdp.fifa.org/assetspublic/ce281/pdf/SquadLists-English.pdf,,https://www.fifa.com/en/tournaments/mens/worldcup/canadamexicousa2026/articles/match-schedule-fixtures-results-teams-stadiums,Official FIFA final squad candidate pool row. Add homogeneous player-stat source before scoring.,Official FIFA final squad — FW/MF candidate pool,https://inside.fifa.com/organisation/media-releases/world-cup-2026-48-squads-confirmed,candidate_pool_no_player_stats_yet,TRUE,2026-06-09,HAI,11,FW,DEEDSON Louicius,Don Louicius,DEEDSON,DEEDSON,11/02/2001,178,FALSE,needs_stats_enrichment,https://fdp.fifa.org/assetspublic/ce281/pdf/SquadLists-English.pdf
Duckens NAZON,Haiti,Esteghlal Tehran FC (IRN),Forward,,,,,,,,,,,3.2,55,0.35,1.0,1.0,0.05,0.15,0.78,0.35,https://fdp.fifa.org/assetspublic/ce281/pdf/SquadLists-English.pdf,,https://www.fifa.com/en/tournaments/mens/worldcup/canadamexicousa2026/articles/match-schedule-fixtures-results-teams-stadiums,Official FIFA final squad candidate pool row. Add homogeneous player-stat source before scoring.,Official FIFA final squad — FW/MF candidate pool,https://inside.fifa.com/organisation/media-releases/world-cup-2026-48-squads-confirmed,candidate_pool_no_player_stats_yet,TRUE,2026-06-09,HAI,9,FW,NAZON Duckens,Duckens,NAZON,NAZON,07/04/1994,181,FALSE,needs_stats_enrichment,https://fdp.fifa.org/assetspublic/ce281/pdf/SquadLists-English.pdf
Frantzdy PIERROT,Haiti,Çaykur Rizespor (TUR),Forward,,,,,,,,,,,3.2,55,0.35,1.0,1.0,0.05,0.15,0.78,0.35,https://fdp.fifa.org/assetspublic/ce281/pdf/SquadLists-English.pdf,,https://www.fifa.com/en/tournaments/mens/worldcup/canadamexicousa2026/articles/match-schedule-fixtures-results-teams-stadiums,Official FIFA final squad candidate pool row. Add homogeneous player-stat source before scoring.,Official FIFA final squad — FW/MF candidate pool,https://inside.fifa.com/organisation/media-releases/world-cup-2026-48-squads-confirmed,candidate_pool_no_player_stats_yet,TRUE,2026-06-09,HAI,20,FW,PIERROT Frantzdy,Frantzdy,PIERROT,PIERROT,29/03/1995,194,FALSE,needs_stats_enrichment,https://fdp.fifa.org/assetspublic/ce281/pdf/SquadLists-English.pdf
Josue Jeremie CASIMIR,Haiti,AJ Auxerre (FRA),Forward,,,,,,,,,,,3.2,55,0.35,1.0,1.0,0.05,0.15,0.78,0.35,https://fdp.fifa.org/assetspublic/ce281/pdf/SquadLists-English.pdf,,https://www.fifa.com/en/tournaments/mens/worldcup/canadamexicousa2026/articles/match-schedule-fixtures-results-teams-stadiums,Official FIFA final squad candidate pool row. Add homogeneous player-stat source before scoring.,Official FIFA final squad — FW/MF candidate pool,https://inside.fifa.com/organisation/media-releases/world-cup-2026-48-squads-confirmed,candidate_pool_no_player_stats_yet,TRUE,2026-06-09,HAI,21,FW,CASIMIR Josue,Josue Jeremie,CASIMIR,CASIMIR,24/09/2001,178,FALSE,needs_stats_enrichment,https://fdp.fifa.org/assetspublic/ce281/pdf/SquadLists-English.pdf
Lenny Alvin Pico JOSEPH,Haiti,Ferencvárosi TC (HUN),Forward,,,,,,,,,,,3.2,55,0.35,1.0,1.0,0.05,0.15,0.78,0.35,https://fdp.fifa.org/assetspublic/ce281/pdf/SquadLists-English.pdf,,https://www.fifa.com/en/tournaments/mens/worldcup/canadamexicousa2026/articles/match-schedule-fixtures-results-teams-stadiums,Official FIFA final squad candidate pool row. Add homogeneous player-stat source before scoring.,Official FIFA final squad — FW/MF candidate pool,https://inside.fifa.com/organisation/media-releases/world-cup-2026-48-squads-confirmed,candidate_pool_no_player_stats_yet,TRUE,2026-06-09,HAI,16,FW,JOSEPH Lenny,Lenny Alvin Pico,JOSEPH,JOSEPH,12/10/2000,182,FALSE,needs_stats_enrichment,https://fdp.fifa.org/assetspublic/ce281/pdf/SquadLists-English.pdf
Ruben Fritzner PROVIDENCE,Haiti,Almere City FC (NED),Forward,,,,,,,,,,,3.2,55,0.35,1.0,1.0,0.05,0.15,0.78,0.35,https://fdp.fifa.org/assetspublic/ce281/pdf/SquadLists-English.pdf,,https://www.fifa.com/en/tournaments/mens/worldcup/canadamexicousa2026/articles/match-schedule-fixtures-results-teams-stadiums,Official FIFA final squad candidate pool row. Add homogeneous player-stat source before scoring.,Official FIFA final squad — FW/MF candidate pool,https://inside.fifa.com/organisation/media-releases/world-cup-2026-48-squads-confirmed,candidate_pool_no_player_stats_yet,TRUE,2026-06-09,HAI,15,FW,PROVIDENCE Ruben,Ruben Fritzner,PROVIDENCE,PROVIDENCE,07/07/2001,178,FALSE,needs_stats_enrichment,https://fdp.fifa.org/assetspublic/ce281/pdf/SquadLists-English.pdf
Wilson ISIDOR,Haiti,Sunderland AFC (ENG),Forward,,,,,,,,,,,3.2,55,0.35,1.0,1.0,0.05,0.15,0.78,0.35,https://fdp.fifa.org/assetspublic/ce281/pdf/SquadLists-English.pdf,,https://www.fifa.com/en/tournaments/mens/worldcup/canadamexicousa2026/articles/match-schedule-fixtures-results-teams-stadiums,Official FIFA final squad candidate pool row. Add homogeneous player-stat source before scoring.,Official FIFA final squad — FW/MF candidate pool,https://inside.fifa.com/organisation/media-releases/world-cup-2026-48-squads-confirmed,candidate_pool_no_player_stats_yet,TRUE,2026-06-09,HAI,18,FW,ISIDOR Wilson,Wilson,ISIDOR,ISIDOR,27/08/2000,184,FALSE,needs_stats_enrichment,https://fdp.fifa.org/assetspublic/ce281/pdf/SquadLists-English.pdf
Yassin Enzo FORTUNE,Haiti,FC Vizela (POR),Forward,,,,,,,,,,,3.2,55,0.35,1.0,1.0,0.05,0.15,0.78,0.35,https://fdp.fifa.org/assetspublic/ce281/pdf/SquadLists-English.pdf,,https://www.fifa.com/en/tournaments/mens/worldcup/canadamexicousa2026/articles/match-schedule-fixtures-results-teams-stadiums,Official FIFA final squad candidate pool row. Add homogeneous player-stat source before scoring.,Official FIFA final squad — FW/MF candidate pool,https://inside.fifa.com/organisation/media-releases/world-cup-2026-48-squads-confirmed,candidate_pool_no_player_stats_yet,TRUE,2026-06-09,HAI,19,FW,FORTUNE Yassin,Yassin Enzo,FORTUNE,FORTUNE,30/01/1999,186,FALSE,needs_stats_enrichment,https://fdp.fifa.org/assetspublic/ce281/pdf/SquadLists-English.pdf
Carl Fred SAINTE,Haiti,El Paso Locomotive FC (USA),Midfielder,,,,,,,,,,,3.2,55,0.35,1.0,1.0,0.05,0.15,0.78,0.35,https://fdp.fifa.org/assetspublic/ce281/pdf/SquadLists-English.pdf,,https://www.fifa.com/en/tournaments/mens/worldcup/canadamexicousa2026/articles/match-schedule-fixtures-results-teams-stadiums,Official FIFA final squad candidate pool row. Add homogeneous player-stat source before scoring.,Official FIFA final squad — FW/MF candidate pool,https://inside.fifa.com/organisation/media-releases/world-cup-2026-48-squads-confirmed,candidate_pool_no_player_stats_yet,TRUE,2026-06-09,HAI,6,MF,SAINTE Carl,Carl Fred,SAINTE,SAINTE,09/08/2002,182,FALSE,needs_stats_enrichment,https://fdp.fifa.org/assetspublic/ce281/pdf/SquadLists-English.pdf
Danley JEAN JACQUES,Haiti,Philadelphia Union (USA),Midfielder,,,,,,,,,,,3.2,55,0.35,1.0,1.0,0.05,0.15,0.78,0.35,https://fdp.fifa.org/assetspublic/ce281/pdf/SquadLists-English.pdf,,https://www.fifa.com/en/tournaments/mens/worldcup/canadamexicousa2026/articles/match-schedule-fixtures-results-teams-stadiums,Official FIFA final squad candidate pool row. Add homogeneous player-stat source before scoring.,Official FIFA final squad — FW/MF candidate pool,https://inside.fifa.com/organisation/media-releases/world-cup-2026-48-squads-confirmed,candidate_pool_no_player_stats_yet,TRUE,2026-06-09,HAI,17,MF,JEAN JACQUES Danley,Danley,JEAN JACQUES,JEAN JACQUES,20/05/2000,182,FALSE,needs_stats_enrichment,https://fdp.fifa.org/assetspublic/ce281/pdf/SquadLists-English.pdf
Dominique Celidor SIMON,Haiti,FC Tatran Prešov (SVK),Midfielder,,,,,,,,,,,3.2,55,0.35,1.0,1.0,0.05,0.15,0.78,0.35,https://fdp.fifa.org/assetspublic/ce281/pdf/SquadLists-English.pdf,,https://www.fifa.com/en/tournaments/mens/worldcup/canadamexicousa2026/articles/match-schedule-fixtures-results-teams-stadiums,Official FIFA final squad candidate pool row. Add homogeneous player-stat source before scoring.,Official FIFA final squad — FW/MF candidate pool,https://inside.fifa.com/organisation/media-releases/world-cup-2026-48-squads-confirmed,candidate_pool_no_player_stats_yet,TRUE,2026-06-09,HAI,25,MF,SIMON Dominique,Dominique Celidor,SIMON,SIMON,29/07/2000,178,FALSE,needs_stats_enrichment,https://fdp.fifa.org/assetspublic/ce281/pdf/SquadLists-English.pdf
Jean Ricner BELLEGARDE,Haiti,Wolverhampton Wanderers FC (ENG),Midfielder,,,,,,,,,,,3.2,55,0.35,1.0,1.0,0.05,0.15,0.78,0.35,https://fdp.fifa.org/assetspublic/ce281/pdf/SquadLists-English.pdf,,https://www.fifa.com/en/tournaments/mens/worldcup/canadamexicousa2026/articles/match-schedule-fixtures-results-teams-stadiums,Official FIFA final squad candidate pool row. Add homogeneous player-stat source before scoring.,Official FIFA final squad — FW/MF candidate pool,https://inside.fifa.com/organisation/media-releases/world-cup-2026-48-squads-confirmed,candidate_pool_no_player_stats_yet,TRUE,2026-06-09,HAI,10,MF,BELLEGARDE Jean-Ricner,Jean Ricner,BELLEGARDE,BELLEGARDE,27/06/1998,170,FALSE,needs_stats_enrichment,https://fdp.fifa.org/assetspublic/ce281/pdf/SquadLists-English.pdf
Leverton PIERRE,Haiti,FC Vizela (POR),Midfielder,,,,,,,,,,,3.2,55,0.35,1.0,1.0,0.05,0.15,0.78,0.35,https://fdp.fifa.org/assetspublic/ce281/pdf/SquadLists-English.pdf,,https://www.fifa.com/en/tournaments/mens/worldcup/canadamexicousa2026/articles/match-schedule-fixtures-results-teams-stadiums,Official FIFA final squad candidate pool row. Add homogeneous player-stat source before scoring.,Official FIFA final squad — FW/MF candidate pool,https://inside.fifa.com/organisation/media-releases/world-cup-2026-48-squads-confirmed,candidate_pool_no_player_stats_yet,TRUE,2026-06-09,HAI,14,MF,PIERRE Leverton,Leverton,PIERRE,L. PIERRE,09/03/1998,181,FALSE,needs_stats_enrichment,https://fdp.fifa.org/assetspublic/ce281/pdf/SquadLists-English.pdf
Olivier Woodensky PIERRE,Haiti,Violette AC (HAI),Midfielder,,,,,,,,,,,3.2,55,0.35,1.0,1.0,0.05,0.15,0.78,0.35,https://fdp.fifa.org/assetspublic/ce281/pdf/SquadLists-English.pdf,,https://www.fifa.com/en/tournaments/mens/worldcup/canadamexicousa2026/articles/match-schedule-fixtures-results-teams-stadiums,Official FIFA final squad candidate pool row. Add homogeneous player-stat source before scoring.,Official FIFA final squad — FW/MF candidate pool,https://inside.fifa.com/organisation/media-releases/world-cup-2026-48-squads-confirmed,candidate_pool_no_player_stats_yet,TRUE,2026-06-09,HAI,26,MF,PIERRE Woodensky,Olivier Woodensky,PIERRE,W. PIERRE,30/12/2004,177,FALSE,needs_stats_enrichment,https://fdp.fifa.org/assetspublic/ce281/pdf/SquadLists-English.pdf
Ali ALIPOURGHARA,IR Iran,Persepolis FC (IRN),Forward,,,,,,,,,,,3.2,55,0.35,1.0,1.0,0.05,0.15,0.78,0.35,https://fdp.fifa.org/assetspublic/ce281/pdf/SquadLists-English.pdf,,https://www.fifa.com/en/tournaments/mens/worldcup/canadamexicousa2026/articles/match-schedule-fixtures-results-teams-stadiums,Official FIFA final squad candidate pool row. Add homogeneous player-stat source before scoring.,Official FIFA final squad — FW/MF candidate pool,https://inside.fifa.com/organisation/media-releases/world-cup-2026-48-squads-confirmed,candidate_pool_no_player_stats_yet,TRUE,2026-06-09,IRN,11,FW,ALIPOUR Ali,Ali,ALIPOURGHARA,A. ALIPOUR,11/11/1995,181,FALSE,needs_stats_enrichment,https://fdp.fifa.org/assetspublic/ce281/pdf/SquadLists-English.pdf
Amirhossein HOSSEINZADEHTAZEHGHESHLAGH,IR Iran,Tractor Sazi Tabriz FC (IRN),Forward,,,,,,,,,,,3.2,55,0.35,1.0,1.0,0.05,0.15,0.78,0.35,https://fdp.fifa.org/assetspublic/ce281/pdf/SquadLists-English.pdf,,https://www.fifa.com/en/tournaments/mens/worldcup/canadamexicousa2026/articles/match-schedule-fixtures-results-teams-stadiums,Official FIFA final squad candidate pool row. Add homogeneous player-stat source before scoring.,Official FIFA final squad — FW/MF candidate pool,https://inside.fifa.com/organisation/media-releases/world-cup-2026-48-squads-confirmed,candidate_pool_no_player_stats_yet,TRUE,2026-06-09,IRN,18,FW,HOSSEINZADEH Amirhossein,Amirhossein,HOSSEINZADEHTAZEHGHESHLAGH,AMIRHOSSEIN,30/10/2000,178,FALSE,needs_stats_enrichment,https://fdp.fifa.org/assetspublic/ce281/pdf/SquadLists-English.pdf
Dennis DARGAHI,IR Iran,Standard Liège (BEL),Forward,,,,,,,,,,,3.2,55,0.35,1.0,1.0,0.05,0.15,0.78,0.35,https://fdp.fifa.org/assetspublic/ce281/pdf/SquadLists-English.pdf,,https://www.fifa.com/en/tournaments/mens/worldcup/canadamexicousa2026/articles/match-schedule-fixtures-results-teams-stadiums,Official FIFA final squad candidate pool row. Add homogeneous player-stat source before scoring.,Official FIFA final squad — FW/MF candidate pool,https://inside.fifa.com/organisation/media-releases/world-cup-2026-48-squads-confirmed,candidate_pool_no_player_stats_yet,TRUE,2026-06-09,IRN,24,FW,DARGAHI Dennis,Dennis,DARGAHI,DARGAHI,09/01/1997,182,FALSE,needs_stats_enrichment,https://fdp.fifa.org/assetspublic/ce281/pdf/SquadLists-English.pdf
Mehdi GHAYEDI,IR Iran,Al Nasr SC (UAE),Forward,,,,,,,,,,,3.2,55,0.35,1.0,1.0,0.05,0.15,0.78,0.35,https://fdp.fifa.org/assetspublic/ce281/pdf/SquadLists-English.pdf,,https://www.fifa.com/en/tournaments/mens/worldcup/canadamexicousa2026/articles/match-schedule-fixtures-results-teams-stadiums,Official FIFA final squad candidate pool row. Add homogeneous player-stat source before scoring.,Official FIFA final squad — FW/MF candidate pool,https://inside.fifa.com/organisation/media-releases/world-cup-2026-48-squads-confirmed,candidate_pool_no_player_stats_yet,TRUE,2026-06-09,IRN,10,FW,GHAYEDI Mehdi,Mehdi,GHAYEDI,MEHDI GHAYEDI,05/12/1998,166,FALSE,needs_stats_enrichment,https://fdp.fifa.org/assetspublic/ce281/pdf/SquadLists-English.pdf
Mehdi TAREMI,IR Iran,Olympiacos FC (GRE),Forward,,,,,,,,,,,3.2,55,0.35,1.0,1.0,0.05,0.15,0.78,0.35,https://fdp.fifa.org/assetspublic/ce281/pdf/SquadLists-English.pdf,,https://www.fifa.com/en/tournaments/mens/worldcup/canadamexicousa2026/articles/match-schedule-fixtures-results-teams-stadiums,Official FIFA final squad candidate pool row. Add homogeneous player-stat source before scoring.,Official FIFA final squad — FW/MF candidate pool,https://inside.fifa.com/organisation/media-releases/world-cup-2026-48-squads-confirmed,candidate_pool_no_player_stats_yet,TRUE,2026-06-09,IRN,9,FW,TAREMI Mehdi,Mehdi,TAREMI,TAREMI,18/07/1992,187,FALSE,needs_stats_enrichment,https://fdp.fifa.org/assetspublic/ce281/pdf/SquadLists-English.pdf
Shahriyar MOGHANLOO,IR Iran,Al Ittihad Kalba SCC (UAE),Forward,,,,,,,,,,,3.2,55,0.35,1.0,1.0,0.05,0.15,0.78,0.35,https://fdp.fifa.org/assetspublic/ce281/pdf/SquadLists-English.pdf,,https://www.fifa.com/en/tournaments/mens/worldcup/canadamexicousa2026/articles/match-schedule-fixtures-results-teams-stadiums,Official FIFA final squad candidate pool row. Add homogeneous player-stat source before scoring.,Official FIFA final squad — FW/MF candidate pool,https://inside.fifa.com/organisation/media-releases/world-cup-2026-48-squads-confirmed,candidate_pool_no_player_stats_yet,TRUE,2026-06-09,IRN,20,FW,MOGHANLOO Shahriyar,Shahriyar,MOGHANLOO,SHAHRIYAR,21/12/1994,189,FALSE,needs_stats_enrichment,https://fdp.fifa.org/assetspublic/ce281/pdf/SquadLists-English.pdf
Alireza JAHANBAKHSH JIRANDEH,IR Iran,FCV Dender EH (BEL),Midfielder,,,,,,,,,,,3.2,55,0.35,1.0,1.0,0.05,0.15,0.78,0.35,https://fdp.fifa.org/assetspublic/ce281/pdf/SquadLists-English.pdf,,https://www.fifa.com/en/tournaments/mens/worldcup/canadamexicousa2026/articles/match-schedule-fixtures-results-teams-stadiums,Official FIFA final squad candidate pool row. Add homogeneous player-stat source before scoring.,Official FIFA final squad — FW/MF candidate pool,https://inside.fifa.com/organisation/media-releases/world-cup-2026-48-squads-confirmed,candidate_pool_no_player_stats_yet,TRUE,2026-06-09,IRN,7,MF,JAHANBAKHSH Alireza,Alireza,JAHANBAKHSH JIRANDEH,A. JAHANBAKHSH,11/08/1993,180,FALSE,needs_stats_enrichment,https://fdp.fifa.org/assetspublic/ce281/pdf/SquadLists-English.pdf
Amirmohammad RAZAGHINIA,IR Iran,Esteghlal Tehran FC (IRN),Midfielder,,,,,,,,,,,3.2,55,0.35,1.0,1.0,0.05,0.15,0.78,0.35,https://fdp.fifa.org/assetspublic/ce281/pdf/SquadLists-English.pdf,,https://www.fifa.com/en/tournaments/mens/worldcup/canadamexicousa2026/articles/match-schedule-fixtures-results-teams-stadiums,Official FIFA final squad candidate pool row. Add homogeneous player-stat source before scoring.,Official FIFA final squad — FW/MF candidate pool,https://inside.fifa.com/organisation/media-releases/world-cup-2026-48-squads-confirmed,candidate_pool_no_player_stats_yet,TRUE,2026-06-09,IRN,26,MF,RAZAGHINIA Amirmohammad,Amirmohammad,RAZAGHINIA,RAZAGH,11/04/2006,187,FALSE,needs_stats_enrichment,https://fdp.fifa.org/assetspublic/ce281/pdf/SquadLists-English.pdf
Mahdi TORABI,IR Iran,Tractor Sazi Tabriz FC (IRN),Midfielder,,,,,,,,,,,3.2,55,0.35,1.0,1.0,0.05,0.15,0.78,0.35,https://fdp.fifa.org/assetspublic/ce281/pdf/SquadLists-English.pdf,,https://www.fifa.com/en/tournaments/mens/worldcup/canadamexicousa2026/articles/match-schedule-fixtures-results-teams-stadiums,Official FIFA final squad candidate pool row. Add homogeneous player-stat source before scoring.,Official FIFA final squad — FW/MF candidate pool,https://inside.fifa.com/organisation/media-releases/world-cup-2026-48-squads-confirmed,candidate_pool_no_player_stats_yet,TRUE,2026-06-09,IRN,16,MF,TORABI Mehdi,Mahdi,TORABI,M. TORABI,10/09/1994,185,FALSE,needs_stats_enrichment,https://fdp.fifa.org/assetspublic/ce281/pdf/SquadLists-English.pdf
Mohammad GHORBANI,IR Iran,Al Wahda SC (UAE),Midfielder,,,,,,,,,,,3.2,55,0.35,1.0,1.0,0.05,0.15,0.78,0.35,https://fdp.fifa.org/assetspublic/ce281/pdf/SquadLists-English.pdf,,https://www.fifa.com/en/tournaments/mens/worldcup/canadamexicousa2026/articles/match-schedule-fixtures-results-teams-stadiums,Official FIFA final squad candidate pool row. Add homogeneous player-stat source before scoring.,Official FIFA final squad — FW/MF candidate pool,https://inside.fifa.com/organisation/media-releases/world-cup-2026-48-squads-confirmed,candidate_pool_no_player_stats_yet,TRUE,2026-06-09,IRN,21,MF,GHORBANI Mohammad,Mohammad,GHORBANI,MOHAMMAD,07/10/2001,190,FALSE,needs_stats_enrichment,https://fdp.fifa.org/assetspublic/ce281/pdf/SquadLists-English.pdf
Mohammad MOHEBBI,IR Iran,FC Rostov (RUS),Midfielder,,,,,,,,,,,3.2,55,0.35,1.0,1.0,0.05,0.15,0.78,0.35,https://fdp.fifa.org/assetspublic/ce281/pdf/SquadLists-English.pdf,,https://www.fifa.com/en/tournaments/mens/worldcup/canadamexicousa2026/articles/match-schedule-fixtures-results-teams-stadiums,Official FIFA final squad candidate pool row. Add homogeneous player-stat source before scoring.,Official FIFA final squad — FW/MF candidate pool,https://inside.fifa.com/organisation/media-releases/world-cup-2026-48-squads-confirmed,candidate_pool_no_player_stats_yet,TRUE,2026-06-09,IRN,8,MF,MOHEBBI Mohammad,Mohammad,MOHEBBI,M. MOHEBBI,20/12/1998,187,FALSE,needs_stats_enrichment,https://fdp.fifa.org/assetspublic/ce281/pdf/SquadLists-English.pdf
Roozbeh CHESHMI,IR Iran,Esteghlal Tehran FC (IRN),Midfielder,,,,,,,,,,,3.2,55,0.35,1.0,1.0,0.05,0.15,0.78,0.35,https://fdp.fifa.org/assetspublic/ce281/pdf/SquadLists-English.pdf,,https://www.fifa.com/en/tournaments/mens/worldcup/canadamexicousa2026/articles/match-schedule-fixtures-results-teams-stadiums,Official FIFA final squad candidate pool row. Add homogeneous player-stat source before scoring.,Official FIFA final squad — FW/MF candidate pool,https://inside.fifa.com/organisation/media-releases/world-cup-2026-48-squads-confirmed,candidate_pool_no_player_stats_yet,TRUE,2026-06-09,IRN,15,MF,CHESHMI Roozbeh,Roozbeh,CHESHMI,ROOZBEH,24/07/1993,192,FALSE,needs_stats_enrichment,https://fdp.fifa.org/assetspublic/ce281/pdf/SquadLists-English.pdf
Saeid EZATOLAHI AFAGH,IR Iran,Shabab Al Ahli Club (UAE),Midfielder,,,,,,,,,,,3.2,55,0.35,1.0,1.0,0.05,0.15,0.78,0.35,https://fdp.fifa.org/assetspublic/ce281/pdf/SquadLists-English.pdf,,https://www.fifa.com/en/tournaments/mens/worldcup/canadamexicousa2026/articles/match-schedule-fixtures-results-teams-stadiums,Official FIFA final squad candidate pool row. Add homogeneous player-stat source before scoring.,Official FIFA final squad — FW/MF candidate pool,https://inside.fifa.com/organisation/media-releases/world-cup-2026-48-squads-confirmed,candidate_pool_no_player_stats_yet,TRUE,2026-06-09,IRN,6,MF,EZATOLAHI Saeid,Saeid,EZATOLAHI AFAGH,S. EZATOLAHI,01/10/1996,189,FALSE,needs_stats_enrichment,https://fdp.fifa.org/assetspublic/ce281/pdf/SquadLists-English.pdf
Seyed Saman GHODDOOS,IR Iran,Al Ittihad Kalba SCC (UAE),Midfielder,,,,,,,,,,,3.2,55,0.35,1.0,1.0,0.05,0.15,0.78,0.35,https://fdp.fifa.org/assetspublic/ce281/pdf/SquadLists-English.pdf,,https://www.fifa.com/en/tournaments/mens/worldcup/canadamexicousa2026/articles/match-schedule-fixtures-results-teams-stadiums,Official FIFA final squad candidate pool row. Add homogeneous player-stat source before scoring.,Official FIFA final squad — FW/MF candidate pool,https://inside.fifa.com/organisation/media-releases/world-cup-2026-48-squads-confirmed,candidate_pool_no_player_stats_yet,TRUE,2026-06-09,IRN,14,MF,GHODDOS Saman,Seyed Saman,GHODDOOS,GHODDOS,06/09/1993,176,FALSE,needs_stats_enrichment,https://fdp.fifa.org/assetspublic/ce281/pdf/SquadLists-English.pdf
Ahmed Ihab Ahmed AHMED,Iraq,Nashville SC (USA),Forward,,,,,,,,,,,3.2,55,0.35,1.0,1.0,0.05,0.15,0.78,0.35,https://fdp.fifa.org/assetspublic/ce281/pdf/SquadLists-English.pdf,,https://www.fifa.com/en/tournaments/mens/worldcup/canadamexicousa2026/articles/match-schedule-fixtures-results-teams-stadiums,Official FIFA final squad candidate pool row. Add homogeneous player-stat source before scoring.,Official FIFA final squad — FW/MF candidate pool,https://inside.fifa.com/organisation/media-releases/world-cup-2026-48-squads-confirmed,candidate_pool_no_player_stats_yet,TRUE,2026-06-09,IRQ,11,FW,AHMED QASIM,Ahmed Ihab Ahmed,AHMED,AHMED Q.,12/07/2003,183,FALSE,needs_stats_enrichment,https://fdp.fifa.org/assetspublic/ce281/pdf/SquadLists-English.pdf
Ali Ibrahim Karim ALZUBAIDI,Iraq,Luton Town FC (ENG),Forward,,,,,,,,,,,3.2,55,0.35,1.0,1.0,0.05,0.15,0.78,0.35,https://fdp.fifa.org/assetspublic/ce281/pdf/SquadLists-English.pdf,,https://www.fifa.com/en/tournaments/mens/worldcup/canadamexicousa2026/articles/match-schedule-fixtures-results-teams-stadiums,Official FIFA final squad candidate pool row. Add homogeneous player-stat source before scoring.,Official FIFA final squad — FW/MF candidate pool,https://inside.fifa.com/organisation/media-releases/world-cup-2026-48-squads-confirmed,candidate_pool_no_player_stats_yet,TRUE,2026-06-09,IRQ,9,FW,ALI ALHAMADI,Ali Ibrahim Karim,ALZUBAIDI,AL-HAMADI,01/03/2002,187,FALSE,needs_stats_enrichment,https://fdp.fifa.org/assetspublic/ce281/pdf/SquadLists-English.pdf
Ali Jasim Elaibi AL-TAMEEMI,Iraq,Al Najmah SC (KSA),Forward,,,,,,,,,,,3.2,55,0.35,1.0,1.0,0.05,0.15,0.78,0.35,https://fdp.fifa.org/assetspublic/ce281/pdf/SquadLists-English.pdf,,https://www.fifa.com/en/tournaments/mens/worldcup/canadamexicousa2026/articles/match-schedule-fixtures-results-teams-stadiums,Official FIFA final squad candidate pool row. Add homogeneous player-stat source before scoring.,Official FIFA final squad — FW/MF candidate pool,https://inside.fifa.com/organisation/media-releases/world-cup-2026-48-squads-confirmed,candidate_pool_no_player_stats_yet,TRUE,2026-06-09,IRQ,17,FW,ALI JASIM,Ali Jasim Elaibi,AL-TAMEEMI,ALI J.,20/01/2004,178,FALSE,needs_stats_enrichment,https://fdp.fifa.org/assetspublic/ce281/pdf/SquadLists-English.pdf
Ali Yousif Hashim NAJATEE,Iraq,Al Talaba SC (IRQ),Forward,,,,,,,,,,,3.2,55,0.35,1.0,1.0,0.05,0.15,0.78,0.35,https://fdp.fifa.org/assetspublic/ce281/pdf/SquadLists-English.pdf,,https://www.fifa.com/en/tournaments/mens/worldcup/canadamexicousa2026/articles/match-schedule-fixtures-results-teams-stadiums,Official FIFA final squad candidate pool row. Add homogeneous player-stat source before scoring.,Official FIFA final squad — FW/MF candidate pool,https://inside.fifa.com/organisation/media-releases/world-cup-2026-48-squads-confirmed,candidate_pool_no_player_stats_yet,TRUE,2026-06-09,IRQ,13,FW,ALI YOUSIF,Ali Yousif Hashim,NAJATEE,ALI Y.,19/01/1996,180,FALSE,needs_stats_enrichment,https://fdp.fifa.org/assetspublic/ce281/pdf/SquadLists-English.pdf
Aymen Hussein Ghadhban GHADHBAN,Iraq,Al Karma SC (IRQ),Forward,,,,,,,,,,,3.2,55,0.35,1.0,1.0,0.05,0.15,0.78,0.35,https://fdp.fifa.org/assetspublic/ce281/pdf/SquadLists-English.pdf,,https://www.fifa.com/en/tournaments/mens/worldcup/canadamexicousa2026/articles/match-schedule-fixtures-results-teams-stadiums,Official FIFA final squad candidate pool row. Add homogeneous player-stat source before scoring.,Official FIFA final squad — FW/MF candidate pool,https://inside.fifa.com/organisation/media-releases/world-cup-2026-48-squads-confirmed,candidate_pool_no_player_stats_yet,TRUE,2026-06-09,IRQ,18,FW,AYMEN HUSSEIN,Aymen Hussein Ghadhban,GHADHBAN,AYMEN,22/03/1996,190,FALSE,needs_stats_enrichment,https://fdp.fifa.org/assetspublic/ce281/pdf/SquadLists-English.pdf
Marko Jabbar Hussein HUSSEIN,Iraq,Venezia FC (ITA),Forward,,,,,,,,,,,3.2,55,0.35,1.0,1.0,0.05,0.15,0.78,0.35,https://fdp.fifa.org/assetspublic/ce281/pdf/SquadLists-English.pdf,,https://www.fifa.com/en/tournaments/mens/worldcup/canadamexicousa2026/articles/match-schedule-fixtures-results-teams-stadiums,Official FIFA final squad candidate pool row. Add homogeneous player-stat source before scoring.,Official FIFA final squad — FW/MF candidate pool,https://inside.fifa.com/organisation/media-releases/world-cup-2026-48-squads-confirmed,candidate_pool_no_player_stats_yet,TRUE,2026-06-09,IRQ,21,FW,MARKO FARJI,Marko Jabbar Hussein,HUSSEIN,MARKO,16/03/2004,185,FALSE,needs_stats_enrichment,https://fdp.fifa.org/assetspublic/ce281/pdf/SquadLists-English.pdf
Mohanad Ali Kadhim AL-SHAMMARI,Iraq,Dibba FC (UAE),Forward,,,,,,,,,,,3.2,55,0.35,1.0,1.0,0.05,0.15,0.78,0.35,https://fdp.fifa.org/assetspublic/ce281/pdf/SquadLists-English.pdf,,https://www.fifa.com/en/tournaments/mens/worldcup/canadamexicousa2026/articles/match-schedule-fixtures-results-teams-stadiums,Official FIFA final squad candidate pool row. Add homogeneous player-stat source before scoring.,Official FIFA final squad — FW/MF candidate pool,https://inside.fifa.com/organisation/media-releases/world-cup-2026-48-squads-confirmed,candidate_pool_no_player_stats_yet,TRUE,2026-06-09,IRQ,10,FW,MOHANAD ALI,Mohanad Ali Kadhim,AL-SHAMMARI,MOHANAD,20/06/2000,183,FALSE,needs_stats_enrichment,https://fdp.fifa.org/assetspublic/ce281/pdf/SquadLists-English.pdf
Aimar Hazar Anwar SHER,Iraq,Sarpsborg 08 FF (NOR),Midfielder,,,,,,,,,,,3.2,55,0.35,1.0,1.0,0.05,0.15,0.78,0.35,https://fdp.fifa.org/assetspublic/ce281/pdf/SquadLists-English.pdf,,https://www.fifa.com/en/tournaments/mens/worldcup/canadamexicousa2026/articles/match-schedule-fixtures-results-teams-stadiums,Official FIFA final squad candidate pool row. Add homogeneous player-stat source before scoring.,Official FIFA final squad — FW/MF candidate pool,https://inside.fifa.com/organisation/media-releases/world-cup-2026-48-squads-confirmed,candidate_pool_no_player_stats_yet,TRUE,2026-06-09,IRQ,20,MF,AIMAR SHER,Aimar Hazar Anwar,SHER,AIMAR,20/12/2002,180,FALSE,needs_stats_enrichment,https://fdp.fifa.org/assetspublic/ce281/pdf/SquadLists-English.pdf
Amir Fouad Aboud AL-AMMARI,Iraq,KS Cracovia (POL),Midfielder,,,,,,,,,,,3.2,55,0.35,1.0,1.0,0.05,0.15,0.78,0.35,https://fdp.fifa.org/assetspublic/ce281/pdf/SquadLists-English.pdf,,https://www.fifa.com/en/tournaments/mens/worldcup/canadamexicousa2026/articles/match-schedule-fixtures-results-teams-stadiums,Official FIFA final squad candidate pool row. Add homogeneous player-stat source before scoring.,Official FIFA final squad — FW/MF candidate pool,https://inside.fifa.com/organisation/media-releases/world-cup-2026-48-squads-confirmed,candidate_pool_no_player_stats_yet,TRUE,2026-06-09,IRQ,16,MF,AMIR ALAMMARI,Amir Fouad Aboud,AL-AMMARI,AL-AMMARI,27/07/1997,180,FALSE,needs_stats_enrichment,https://fdp.fifa.org/assetspublic/ce281/pdf/SquadLists-English.pdf
Ibrahim Bayesh Kamil AL-KAABAWI,Iraq,Al Dhafra SCC (UAE),Midfielder,,,,,,,,,,,3.2,55,0.35,1.0,1.0,0.05,0.15,0.78,0.35,https://fdp.fifa.org/assetspublic/ce281/pdf/SquadLists-English.pdf,,https://www.fifa.com/en/tournaments/mens/worldcup/canadamexicousa2026/articles/match-schedule-fixtures-results-teams-stadiums,Official FIFA final squad candidate pool row. Add homogeneous player-stat source before scoring.,Official FIFA final squad — FW/MF candidate pool,https://inside.fifa.com/organisation/media-releases/world-cup-2026-48-squads-confirmed,candidate_pool_no_player_stats_yet,TRUE,2026-06-09,IRQ,8,MF,IBRAHIM BAYESH,Ibrahim Bayesh Kamil,AL-KAABAWI,IBRAHIM,01/05/2000,180,FALSE,needs_stats_enrichment,https://fdp.fifa.org/assetspublic/ce281/pdf/SquadLists-English.pdf
Kevin Enkido Yakob William WILLIAM,Iraq,Aarhus GF (DEN),Midfielder,,,,,,,,,,,3.2,55,0.35,1.0,1.0,0.05,0.15,0.78,0.35,https://fdp.fifa.org/assetspublic/ce281/pdf/SquadLists-English.pdf,,https://www.fifa.com/en/tournaments/mens/worldcup/canadamexicousa2026/articles/match-schedule-fixtures-results-teams-stadiums,Official FIFA final squad candidate pool row. Add homogeneous player-stat source before scoring.,Official FIFA final squad — FW/MF candidate pool,https://inside.fifa.com/organisation/media-releases/world-cup-2026-48-squads-confirmed,candidate_pool_no_player_stats_yet,TRUE,2026-06-09,IRQ,19,MF,KEVIN YAKOB,Kevin Enkido Yakob William,WILLIAM,K. YAKOB,10/10/2000,180,FALSE,needs_stats_enrichment,https://fdp.fifa.org/assetspublic/ce281/pdf/SquadLists-English.pdf
Youssef Wali Faeq AMYN,Iraq,AEK Larnaca FC (CYP),Midfielder,,,,,,,,,,,3.2,55,0.35,1.0,1.0,0.05,0.15,0.78,0.35,https://fdp.fifa.org/assetspublic/ce281/pdf/SquadLists-English.pdf,,https://www.fifa.com/en/tournaments/mens/worldcup/canadamexicousa2026/articles/match-schedule-fixtures-results-teams-stadiums,Official FIFA final squad candidate pool row. Add homogeneous player-stat source before scoring.,Official FIFA final squad — FW/MF candidate pool,https://inside.fifa.com/organisation/media-releases/world-cup-2026-48-squads-confirmed,candidate_pool_no_player_stats_yet,TRUE,2026-06-09,IRQ,7,MF,YOUSSEF AMYN,Youssef Wali Faeq,AMYN,YOUSSEF,21/08/2003,172,FALSE,needs_stats_enrichment,https://fdp.fifa.org/assetspublic/ce281/pdf/SquadLists-English.pdf
Zaid Ismael Khaleel AL-DULAIMI,Iraq,Al Talaba SC (IRQ),Midfielder,,,,,,,,,,,3.2,55,0.35,1.0,1.0,0.05,0.15,0.78,0.35,https://fdp.fifa.org/assetspublic/ce281/pdf/SquadLists-English.pdf,,https://www.fifa.com/en/tournaments/mens/worldcup/canadamexicousa2026/articles/match-schedule-fixtures-results-teams-stadiums,Official FIFA final squad candidate pool row. Add homogeneous player-stat source before scoring.,Official FIFA final squad — FW/MF candidate pool,https://inside.fifa.com/organisation/media-releases/world-cup-2026-48-squads-confirmed,candidate_pool_no_player_stats_yet,TRUE,2026-06-09,IRQ,24,MF,ZAID ISMAEL,Zaid Ismael Khaleel,AL-DULAIMI,ZAID I.,03/01/2002,185,FALSE,needs_stats_enrichment,https://fdp.fifa.org/assetspublic/ce281/pdf/SquadLists-English.pdf
Zidane Aamar Iqbal IQBAL,Iraq,FC Utrecht (NED),Midfielder,,,,,,,,,,,3.2,55,0.35,1.0,1.0,0.05,0.15,0.78,0.35,https://fdp.fifa.org/assetspublic/ce281/pdf/SquadLists-English.pdf,,https://www.fifa.com/en/tournaments/mens/worldcup/canadamexicousa2026/articles/match-schedule-fixtures-results-teams-stadiums,Official FIFA final squad candidate pool row. Add homogeneous player-stat source before scoring.,Official FIFA final squad — FW/MF candidate pool,https://inside.fifa.com/organisation/media-releases/world-cup-2026-48-squads-confirmed,candidate_pool_no_player_stats_yet,TRUE,2026-06-09,IRQ,14,MF,ZIDANE IQBAL,Zidane Aamar Iqbal,IQBAL,Z.IQBAL,27/04/2003,183,FALSE,needs_stats_enrichment,https://fdp.fifa.org/assetspublic/ce281/pdf/SquadLists-English.pdf
Ayase UEDA,Japan,Feyenoord Rotterdam (NED),Forward,,,,,,,,,,,3.2,55,0.35,1.0,1.0,0.05,0.15,0.78,0.35,https://fdp.fifa.org/assetspublic/ce281/pdf/SquadLists-English.pdf,,https://www.fifa.com/en/tournaments/mens/worldcup/canadamexicousa2026/articles/match-schedule-fixtures-results-teams-stadiums,Official FIFA final squad candidate pool row. Add homogeneous player-stat source before scoring.,Official FIFA final squad — FW/MF candidate pool,https://inside.fifa.com/organisation/media-releases/world-cup-2026-48-squads-confirmed,candidate_pool_no_player_stats_yet,TRUE,2026-06-09,JPN,18,FW,UEDA Ayase,Ayase,UEDA,AYASE,28/08/1998,182,FALSE,needs_stats_enrichment,https://fdp.fifa.org/assetspublic/ce281/pdf/SquadLists-English.pdf
Keisuke GOTO,Japan,Sint-Truiden VV (BEL),Forward,,,,,,,,,,,3.2,55,0.35,1.0,1.0,0.05,0.15,0.78,0.35,https://fdp.fifa.org/assetspublic/ce281/pdf/SquadLists-English.pdf,,https://www.fifa.com/en/tournaments/mens/worldcup/canadamexicousa2026/articles/match-schedule-fixtures-results-teams-stadiums,Official FIFA final squad candidate pool row. Add homogeneous player-stat source before scoring.,Official FIFA final squad — FW/MF candidate pool,https://inside.fifa.com/organisation/media-releases/world-cup-2026-48-squads-confirmed,candidate_pool_no_player_stats_yet,TRUE,2026-06-09,JPN,9,FW,GOTO Keisuke,Keisuke,GOTO,GOTO,03/06/2005,191,FALSE,needs_stats_enrichment,https://fdp.fifa.org/assetspublic/ce281/pdf/SquadLists-English.pdf
Kento SHIOGAI,Japan,VfL Wolfsburg (GER),Forward,,,,,,,,,,,3.2,55,0.35,1.0,1.0,0.05,0.15,0.78,0.35,https://fdp.fifa.org/assetspublic/ce281/pdf/SquadLists-English.pdf,,https://www.fifa.com/en/tournaments/mens/worldcup/canadamexicousa2026/articles/match-schedule-fixtures-results-teams-stadiums,Official FIFA final squad candidate pool row. Add homogeneous player-stat source before scoring.,Official FIFA final squad — FW/MF candidate pool,https://inside.fifa.com/organisation/media-releases/world-cup-2026-48-squads-confirmed,candidate_pool_no_player_stats_yet,TRUE,2026-06-09,JPN,26,FW,SHIOGAI Kento,Kento,SHIOGAI,SHIOGAI,26/03/2005,180,FALSE,needs_stats_enrichment,https://fdp.fifa.org/assetspublic/ce281/pdf/SquadLists-English.pdf
Koki OGAWA,Japan,NEC Nijmegen (NED),Forward,,,,,,,,,,,3.2,55,0.35,1.0,1.0,0.05,0.15,0.78,0.35,https://fdp.fifa.org/assetspublic/ce281/pdf/SquadLists-English.pdf,,https://www.fifa.com/en/tournaments/mens/worldcup/canadamexicousa2026/articles/match-schedule-fixtures-results-teams-stadiums,Official FIFA final squad candidate pool row. Add homogeneous player-stat source before scoring.,Official FIFA final squad — FW/MF candidate pool,https://inside.fifa.com/organisation/media-releases/world-cup-2026-48-squads-confirmed,candidate_pool_no_player_stats_yet,TRUE,2026-06-09,JPN,19,FW,OGAWA Koki,Koki,OGAWA,OGAWA,08/08/1997,186,FALSE,needs_stats_enrichment,https://fdp.fifa.org/assetspublic/ce281/pdf/SquadLists-English.pdf
Ao TANAKA,Japan,Leeds United FC (ENG),Midfielder,,,,,,,,,,,3.2,55,0.35,1.0,1.0,0.05,0.15,0.78,0.35,https://fdp.fifa.org/assetspublic/ce281/pdf/SquadLists-English.pdf,,https://www.fifa.com/en/tournaments/mens/worldcup/canadamexicousa2026/articles/match-schedule-fixtures-results-teams-stadiums,Official FIFA final squad candidate pool row. Add homogeneous player-stat source before scoring.,Official FIFA final squad — FW/MF candidate pool,https://inside.fifa.com/organisation/media-releases/world-cup-2026-48-squads-confirmed,candidate_pool_no_player_stats_yet,TRUE,2026-06-09,JPN,7,MF,TANAKA Ao,Ao,TANAKA,TANAKA,10/09/1998,180,FALSE,needs_stats_enrichment,https://fdp.fifa.org/assetspublic/ce281/pdf/SquadLists-English.pdf
Daichi KAMADA,Japan,Crystal Palace FC (ENG),Midfielder,,,,,,,,,,,3.2,55,0.35,1.0,1.0,0.05,0.15,0.78,0.35,https://fdp.fifa.org/assetspublic/ce281/pdf/SquadLists-English.pdf,,https://www.fifa.com/en/tournaments/mens/worldcup/canadamexicousa2026/articles/match-schedule-fixtures-results-teams-stadiums,Official FIFA final squad candidate pool row. Add homogeneous player-stat source before scoring.,Official FIFA final squad — FW/MF candidate pool,https://inside.fifa.com/organisation/media-releases/world-cup-2026-48-squads-confirmed,candidate_pool_no_player_stats_yet,TRUE,2026-06-09,JPN,15,MF,KAMADA Daichi,Daichi,KAMADA,KAMADA,05/08/1996,180,FALSE,needs_stats_enrichment,https://fdp.fifa.org/assetspublic/ce281/pdf/SquadLists-English.pdf
Daizen MAEDA,Japan,Celtic FC (SCO),Midfielder,,,,,,,,,,,3.2,55,0.35,1.0,1.0,0.05,0.15,0.78,0.35,https://fdp.fifa.org/assetspublic/ce281/pdf/SquadLists-English.pdf,,https://www.fifa.com/en/tournaments/mens/worldcup/canadamexicousa2026/articles/match-schedule-fixtures-results-teams-stadiums,Official FIFA final squad candidate pool row. Add homogeneous player-stat source before scoring.,Official FIFA final squad — FW/MF candidate pool,https://inside.fifa.com/organisation/media-releases/world-cup-2026-48-squads-confirmed,candidate_pool_no_player_stats_yet,TRUE,2026-06-09,JPN,11,MF,MAEDA Daizen,Daizen,MAEDA,DAIZEN,20/10/1997,173,FALSE,needs_stats_enrichment,https://fdp.fifa.org/assetspublic/ce281/pdf/SquadLists-English.pdf
Junya ITO,Japan,KRC Genk (BEL),Midfielder,,,,,,,,,,,3.2,55,0.35,1.0,1.0,0.05,0.15,0.78,0.35,https://fdp.fifa.org/assetspublic/ce281/pdf/SquadLists-English.pdf,,https://www.fifa.com/en/tournaments/mens/worldcup/canadamexicousa2026/articles/match-schedule-fixtures-results-teams-stadiums,Official FIFA final squad candidate pool row. Add homogeneous player-stat source before scoring.,Official FIFA final squad — FW/MF candidate pool,https://inside.fifa.com/organisation/media-releases/world-cup-2026-48-squads-confirmed,candidate_pool_no_player_stats_yet,TRUE,2026-06-09,JPN,14,MF,ITO Junya,Junya,ITO,ITO,09/03/1993,177,FALSE,needs_stats_enrichment,https://fdp.fifa.org/assetspublic/ce281/pdf/SquadLists-English.pdf
Kaishu SANO,Japan,1. FSV Mainz 05 (GER),Midfielder,,,,,,,,,,,3.2,55,0.35,1.0,1.0,0.05,0.15,0.78,0.35,https://fdp.fifa.org/assetspublic/ce281/pdf/SquadLists-English.pdf,,https://www.fifa.com/en/tournaments/mens/worldcup/canadamexicousa2026/articles/match-schedule-fixtures-results-teams-stadiums,Official FIFA final squad candidate pool row. Add homogeneous player-stat source before scoring.,Official FIFA final squad — FW/MF candidate pool,https://inside.fifa.com/organisation/media-releases/world-cup-2026-48-squads-confirmed,candidate_pool_no_player_stats_yet,TRUE,2026-06-09,JPN,24,MF,SANO Kaishu,Kaishu,SANO,SANO,30/12/2000,176,FALSE,needs_stats_enrichment,https://fdp.fifa.org/assetspublic/ce281/pdf/SquadLists-English.pdf
Keito NAKAMURA,Japan,Stade Reims (FRA),Midfielder,,,,,,,,,,,3.2,55,0.35,1.0,1.0,0.05,0.15,0.78,0.35,https://fdp.fifa.org/assetspublic/ce281/pdf/SquadLists-English.pdf,,https://www.fifa.com/en/tournaments/mens/worldcup/canadamexicousa2026/articles/match-schedule-fixtures-results-teams-stadiums,Official FIFA final squad candidate pool row. Add homogeneous player-stat source before scoring.,Official FIFA final squad — FW/MF candidate pool,https://inside.fifa.com/organisation/media-releases/world-cup-2026-48-squads-confirmed,candidate_pool_no_player_stats_yet,TRUE,2026-06-09,JPN,13,MF,NAKAMURA Keito,Keito,NAKAMURA,NAKAMURA,28/07/2000,180,FALSE,needs_stats_enrichment,https://fdp.fifa.org/assetspublic/ce281/pdf/SquadLists-English.pdf
Ritsu DOAN,Japan,Eintracht Frankfurt (GER),Midfielder,,,,,,,,,,,3.2,55,0.35,1.0,1.0,0.05,0.15,0.78,0.35,https://fdp.fifa.org/assetspublic/ce281/pdf/SquadLists-English.pdf,,https://www.fifa.com/en/tournaments/mens/worldcup/canadamexicousa2026/articles/match-schedule-fixtures-results-teams-stadiums,Official FIFA final squad candidate pool row. Add homogeneous player-stat source before scoring.,Official FIFA final squad — FW/MF candidate pool,https://inside.fifa.com/organisation/media-releases/world-cup-2026-48-squads-confirmed,candidate_pool_no_player_stats_yet,TRUE,2026-06-09,JPN,10,MF,DOAN Ritsu,Ritsu,DOAN,DOAN,16/06/1998,172,FALSE,needs_stats_enrichment,https://fdp.fifa.org/assetspublic/ce281/pdf/SquadLists-English.pdf
Takefusa KUBO,Japan,Real Sociedad (ESP),Midfielder,,,,,,,,,,,3.2,55,0.35,1.0,1.0,0.05,0.15,0.78,0.35,https://fdp.fifa.org/assetspublic/ce281/pdf/SquadLists-English.pdf,,https://www.fifa.com/en/tournaments/mens/worldcup/canadamexicousa2026/articles/match-schedule-fixtures-results-teams-stadiums,Official FIFA final squad candidate pool row. Add homogeneous player-stat source before scoring.,Official FIFA final squad — FW/MF candidate pool,https://inside.fifa.com/organisation/media-releases/world-cup-2026-48-squads-confirmed,candidate_pool_no_player_stats_yet,TRUE,2026-06-09,JPN,8,MF,KUBO Takefusa,Takefusa,KUBO,KUBO,04/06/2001,173,FALSE,needs_stats_enrichment,https://fdp.fifa.org/assetspublic/ce281/pdf/SquadLists-English.pdf
Wataru ENDO,Japan,Liverpool FC (ENG),Midfielder,,,,,,,,,,,3.2,55,0.35,1.0,1.0,0.05,0.15,0.78,0.35,https://fdp.fifa.org/assetspublic/ce281/pdf/SquadLists-English.pdf,,https://www.fifa.com/en/tournaments/mens/worldcup/canadamexicousa2026/articles/match-schedule-fixtures-results-teams-stadiums,Official FIFA final squad candidate pool row. Add homogeneous player-stat source before scoring.,Official FIFA final squad — FW/MF candidate pool,https://inside.fifa.com/organisation/media-releases/world-cup-2026-48-squads-confirmed,candidate_pool_no_player_stats_yet,TRUE,2026-06-09,JPN,6,MF,ENDO Wataru,Wataru,ENDO,ENDO,09/02/1993,178,FALSE,needs_stats_enrichment,https://fdp.fifa.org/assetspublic/ce281/pdf/SquadLists-English.pdf
Yuito SUZUKI,Japan,SC Freiburg (GER),Midfielder,,,,,,,,,,,3.2,55,0.35,1.0,1.0,0.05,0.15,0.78,0.35,https://fdp.fifa.org/assetspublic/ce281/pdf/SquadLists-English.pdf,,https://www.fifa.com/en/tournaments/mens/worldcup/canadamexicousa2026/articles/match-schedule-fixtures-results-teams-stadiums,Official FIFA final squad candidate pool row. Add homogeneous player-stat source before scoring.,Official FIFA final squad — FW/MF candidate pool,https://inside.fifa.com/organisation/media-releases/world-cup-2026-48-squads-confirmed,candidate_pool_no_player_stats_yet,TRUE,2026-06-09,JPN,17,MF,SUZUKI Yuito,Yuito,SUZUKI,Y. SUZUKI,25/10/2001,175,FALSE,needs_stats_enrichment,https://fdp.fifa.org/assetspublic/ce281/pdf/SquadLists-English.pdf
Ali Ahmad Ali AZAIZEH,Jordan,Al Shabab FC (KSA),Forward,,,,,,,,,,,3.2,55,0.35,1.0,1.0,0.05,0.15,0.78,0.35,https://fdp.fifa.org/assetspublic/ce281/pdf/SquadLists-English.pdf,,https://www.fifa.com/en/tournaments/mens/worldcup/canadamexicousa2026/articles/match-schedule-fixtures-results-teams-stadiums,Official FIFA final squad candidate pool row. Add homogeneous player-stat source before scoring.,Official FIFA final squad — FW/MF candidate pool,https://inside.fifa.com/organisation/media-releases/world-cup-2026-48-squads-confirmed,candidate_pool_no_player_stats_yet,TRUE,2026-06-09,JOR,24,FW,ALI AZAIZEH,Ali Ahmad Ali,AZAIZEH,AZAIZEH,13/04/2004,178,FALSE,needs_stats_enrichment,https://fdp.fifa.org/assetspublic/ce281/pdf/SquadLists-English.pdf
Ali Iyad Ali OLWAN,Jordan,Al Sailiya SC (QAT),Forward,,,,,,,,,,,3.2,55,0.35,1.0,1.0,0.05,0.15,0.78,0.35,https://fdp.fifa.org/assetspublic/ce281/pdf/SquadLists-English.pdf,,https://www.fifa.com/en/tournaments/mens/worldcup/canadamexicousa2026/articles/match-schedule-fixtures-results-teams-stadiums,Official FIFA final squad candidate pool row. Add homogeneous player-stat source before scoring.,Official FIFA final squad — FW/MF candidate pool,https://inside.fifa.com/organisation/media-releases/world-cup-2026-48-squads-confirmed,candidate_pool_no_player_stats_yet,TRUE,2026-06-09,JOR,9,FW,ALI OLWAN,Ali Iyad Ali,OLWAN,OLWAN,26/03/2000,182,FALSE,needs_stats_enrichment,https://fdp.fifa.org/assetspublic/ce281/pdf/SquadLists-English.pdf
Mahmoud Nayef Ahmad ALMARDI,Jordan,Al Hussein SC (JOR),Forward,,,,,,,,,,,3.2,55,0.35,1.0,1.0,0.05,0.15,0.78,0.35,https://fdp.fifa.org/assetspublic/ce281/pdf/SquadLists-English.pdf,,https://www.fifa.com/en/tournaments/mens/worldcup/canadamexicousa2026/articles/match-schedule-fixtures-results-teams-stadiums,Official FIFA final squad candidate pool row. Add homogeneous player-stat source before scoring.,Official FIFA final squad — FW/MF candidate pool,https://inside.fifa.com/organisation/media-releases/world-cup-2026-48-squads-confirmed,candidate_pool_no_player_stats_yet,TRUE,2026-06-09,JOR,13,FW,MAHMOUD ALMARDI,Mahmoud Nayef Ahmad,ALMARDI,ALMARDI,06/10/1993,173,FALSE,needs_stats_enrichment,https://fdp.fifa.org/assetspublic/ce281/pdf/SquadLists-English.pdf
Mohammad Faisal Yousef ABU ZRAIQ,Jordan,Raja Casablanca (MAR),Forward,,,,,,,,,,,3.2,55,0.35,1.0,1.0,0.05,0.15,0.78,0.35,https://fdp.fifa.org/assetspublic/ce281/pdf/SquadLists-English.pdf,,https://www.fifa.com/en/tournaments/mens/worldcup/canadamexicousa2026/articles/match-schedule-fixtures-results-teams-stadiums,Official FIFA final squad candidate pool row. Add homogeneous player-stat source before scoring.,Official FIFA final squad — FW/MF candidate pool,https://inside.fifa.com/organisation/media-releases/world-cup-2026-48-squads-confirmed,candidate_pool_no_player_stats_yet,TRUE,2026-06-09,JOR,7,FW,MOHAMMAD ABUZRAIQ,Mohammad Faisal Yousef,ABU ZRAIQ,ABU ZRAIQ,30/12/1997,170,FALSE,needs_stats_enrichment,https://fdp.fifa.org/assetspublic/ce281/pdf/SquadLists-English.pdf
Mousa Mohammad Mousa SULEIMAN,Jordan,Stade Rennais FC (FRA),Forward,,,,,,,,,,,3.2,55,0.35,1.0,1.0,0.05,0.15,0.78,0.35,https://fdp.fifa.org/assetspublic/ce281/pdf/SquadLists-English.pdf,,https://www.fifa.com/en/tournaments/mens/worldcup/canadamexicousa2026/articles/match-schedule-fixtures-results-teams-stadiums,Official FIFA final squad candidate pool row. Add homogeneous player-stat source before scoring.,Official FIFA final squad — FW/MF candidate pool,https://inside.fifa.com/organisation/media-releases/world-cup-2026-48-squads-confirmed,candidate_pool_no_player_stats_yet,TRUE,2026-06-09,JOR,10,FW,MOUSA ALTAMARI,Mousa Mohammad Mousa,SULEIMAN,ALTAMARI,10/06/1997,176,FALSE,needs_stats_enrichment,https://fdp.fifa.org/assetspublic/ce281/pdf/SquadLists-English.pdf
Odeh Burhan Shehadeh FAKHOURY,Jordan,Pyramids FC (EGY),Forward,,,,,,,,,,,3.2,55,0.35,1.0,1.0,0.05,0.15,0.78,0.35,https://fdp.fifa.org/assetspublic/ce281/pdf/SquadLists-English.pdf,,https://www.fifa.com/en/tournaments/mens/worldcup/canadamexicousa2026/articles/match-schedule-fixtures-results-teams-stadiums,Official FIFA final squad candidate pool row. Add homogeneous player-stat source before scoring.,Official FIFA final squad — FW/MF candidate pool,https://inside.fifa.com/organisation/media-releases/world-cup-2026-48-squads-confirmed,candidate_pool_no_player_stats_yet,TRUE,2026-06-09,JOR,11,FW,ODEH FAKHOURY,Odeh Burhan Shehadeh,FAKHOURY,ODEH,22/11/2005,180,FALSE,needs_stats_enrichment,https://fdp.fifa.org/assetspublic/ce281/pdf/SquadLists-English.pdf
Amer Rasem Adel JAMOUS,Jordan,Al Zawra'a SC (IRQ),Midfielder,,,,,,,,,,,3.2,55,0.35,1.0,1.0,0.05,0.15,0.78,0.35,https://fdp.fifa.org/assetspublic/ce281/pdf/SquadLists-English.pdf,,https://www.fifa.com/en/tournaments/mens/worldcup/canadamexicousa2026/articles/match-schedule-fixtures-results-teams-stadiums,Official FIFA final squad candidate pool row. Add homogeneous player-stat source before scoring.,Official FIFA final squad — FW/MF candidate pool,https://inside.fifa.com/organisation/media-releases/world-cup-2026-48-squads-confirmed,candidate_pool_no_player_stats_yet,TRUE,2026-06-09,JOR,6,MF,AMER JAMOUS,Amer Rasem Adel,JAMOUS,JAMOUS,03/07/2002,177,FALSE,needs_stats_enrichment,https://fdp.fifa.org/assetspublic/ce281/pdf/SquadLists-English.pdf
Ibrahim Mohammad Sami SA'DEH,Jordan,Al Karma SC (IRQ),Midfielder,,,,,,,,,,,3.2,55,0.35,1.0,1.0,0.05,0.15,0.78,0.35,https://fdp.fifa.org/assetspublic/ce281/pdf/SquadLists-English.pdf,,https://www.fifa.com/en/tournaments/mens/worldcup/canadamexicousa2026/articles/match-schedule-fixtures-results-teams-stadiums,Official FIFA final squad candidate pool row. Add homogeneous player-stat source before scoring.,Official FIFA final squad — FW/MF candidate pool,https://inside.fifa.com/organisation/media-releases/world-cup-2026-48-squads-confirmed,candidate_pool_no_player_stats_yet,TRUE,2026-06-09,JOR,15,MF,IBRAHIM SADEH,Ibrahim Mohammad Sami,SA'DEH,SA'DEH,27/04/2000,175,FALSE,needs_stats_enrichment,https://fdp.fifa.org/assetspublic/ce281/pdf/SquadLists-English.pdf
Mohammad Ahmed Mohammad TAHA,Jordan,Al Hussein SC (JOR),Midfielder,,,,,,,,,,,3.2,55,0.35,1.0,1.0,0.05,0.15,0.78,0.35,https://fdp.fifa.org/assetspublic/ce281/pdf/SquadLists-English.pdf,,https://www.fifa.com/en/tournaments/mens/worldcup/canadamexicousa2026/articles/match-schedule-fixtures-results-teams-stadiums,Official FIFA final squad candidate pool row. Add homogeneous player-stat source before scoring.,Official FIFA final squad — FW/MF candidate pool,https://inside.fifa.com/organisation/media-releases/world-cup-2026-48-squads-confirmed,candidate_pool_no_player_stats_yet,TRUE,2026-06-09,JOR,18,MF,MOHAMMAD ABUGHOUSH,Mohammad Ahmed Mohammad,TAHA,ABU GHOUSH,13/07/2005,182,FALSE,needs_stats_enrichment,https://fdp.fifa.org/assetspublic/ce281/pdf/SquadLists-English.pdf
Mohammad Ratib Mohammad ALDAOUD,Jordan,Al Wahdat SC (JOR),Midfielder,,,,,,,,,,,3.2,55,0.35,1.0,1.0,0.05,0.15,0.78,0.35,https://fdp.fifa.org/assetspublic/ce281/pdf/SquadLists-English.pdf,,https://www.fifa.com/en/tournaments/mens/worldcup/canadamexicousa2026/articles/match-schedule-fixtures-results-teams-stadiums,Official FIFA final squad candidate pool row. Add homogeneous player-stat source before scoring.,Official FIFA final squad — FW/MF candidate pool,https://inside.fifa.com/organisation/media-releases/world-cup-2026-48-squads-confirmed,candidate_pool_no_player_stats_yet,TRUE,2026-06-09,JOR,25,MF,MOHAMMAD ALDAOUD,Mohammad Ratib Mohammad,ALDAOUD,ALDAOUD,12/04/1992,185,FALSE,needs_stats_enrichment,https://fdp.fifa.org/assetspublic/ce281/pdf/SquadLists-English.pdf
Mohannad Mahmoud Saleh ABU TAHA,Jordan,Al-Quwa Al-Jawiya (IRQ),Midfielder,,,,,,,,,,,3.2,55,0.35,1.0,1.0,0.05,0.15,0.78,0.35,https://fdp.fifa.org/assetspublic/ce281/pdf/SquadLists-English.pdf,,https://www.fifa.com/en/tournaments/mens/worldcup/canadamexicousa2026/articles/match-schedule-fixtures-results-teams-stadiums,Official FIFA final squad candidate pool row. Add homogeneous player-stat source before scoring.,Official FIFA final squad — FW/MF candidate pool,https://inside.fifa.com/organisation/media-releases/world-cup-2026-48-squads-confirmed,candidate_pool_no_player_stats_yet,TRUE,2026-06-09,JOR,20,MF,MOHANNAD ABUTAHA,Mohannad Mahmoud Saleh,ABU TAHA,ABU TAHA,02/02/2003,173,FALSE,needs_stats_enrichment,https://fdp.fifa.org/assetspublic/ce281/pdf/SquadLists-English.pdf
Nizar Mahmoud Ahmed AL-RASHDAN,Jordan,Qatar SC (QAT),Midfielder,,,,,,,,,,,3.2,55,0.35,1.0,1.0,0.05,0.15,0.78,0.35,https://fdp.fifa.org/assetspublic/ce281/pdf/SquadLists-English.pdf,,https://www.fifa.com/en/tournaments/mens/worldcup/canadamexicousa2026/articles/match-schedule-fixtures-results-teams-stadiums,Official FIFA final squad candidate pool row. Add homogeneous player-stat source before scoring.,Official FIFA final squad — FW/MF candidate pool,https://inside.fifa.com/organisation/media-releases/world-cup-2026-48-squads-confirmed,candidate_pool_no_player_stats_yet,TRUE,2026-06-09,JOR,21,MF,NIZAR ALRASHDAN,Nizar Mahmoud Ahmed,AL-RASHDAN,NIZAR,23/03/1999,183,FALSE,needs_stats_enrichment,https://fdp.fifa.org/assetspublic/ce281/pdf/SquadLists-English.pdf
Noor Al-Deen Mahmoud Ali AL RAWABDEH,Jordan,Selangor FC (MAS),Midfielder,,,,,,,,,,,3.2,55,0.35,1.0,1.0,0.05,0.15,0.78,0.35,https://fdp.fifa.org/assetspublic/ce281/pdf/SquadLists-English.pdf,,https://www.fifa.com/en/tournaments/mens/worldcup/canadamexicousa2026/articles/match-schedule-fixtures-results-teams-stadiums,Official FIFA final squad candidate pool row. Add homogeneous player-stat source before scoring.,Official FIFA final squad — FW/MF candidate pool,https://inside.fifa.com/organisation/media-releases/world-cup-2026-48-squads-confirmed,candidate_pool_no_player_stats_yet,TRUE,2026-06-09,JOR,8,MF,NOOR ALRAWABDEH,Noor Al-Deen Mahmoud Ali,AL RAWABDEH,ALRAWABDEH,24/02/1997,182,FALSE,needs_stats_enrichment,https://fdp.fifa.org/assetspublic/ce281/pdf/SquadLists-English.pdf
Raja'ei Ayed Fadel HASAN,Jordan,Al Hussein SC (JOR),Midfielder,,,,,,,,,,,3.2,55,0.35,1.0,1.0,0.05,0.15,0.78,0.35,https://fdp.fifa.org/assetspublic/ce281/pdf/SquadLists-English.pdf,,https://www.fifa.com/en/tournaments/mens/worldcup/canadamexicousa2026/articles/match-schedule-fixtures-results-teams-stadiums,Official FIFA final squad candidate pool row. Add homogeneous player-stat source before scoring.,Official FIFA final squad — FW/MF candidate pool,https://inside.fifa.com/organisation/media-releases/world-cup-2026-48-squads-confirmed,candidate_pool_no_player_stats_yet,TRUE,2026-06-09,JOR,14,MF,RAJAEI AYED,Raja'ei Ayed Fadel,HASAN,RAJA'EI,25/07/1993,175,FALSE,needs_stats_enrichment,https://fdp.fifa.org/assetspublic/ce281/pdf/SquadLists-English.pdf
Guesung CHO,Korea Republic,FC Midtjylland (DEN),Forward,,,,,,,,,,,3.2,55,0.35,1.0,1.0,0.05,0.15,0.78,0.35,https://fdp.fifa.org/assetspublic/ce281/pdf/SquadLists-English.pdf,,https://www.fifa.com/en/tournaments/mens/worldcup/canadamexicousa2026/articles/match-schedule-fixtures-results-teams-stadiums,Official FIFA final squad candidate pool row. Add homogeneous player-stat source before scoring.,Official FIFA final squad — FW/MF candidate pool,https://inside.fifa.com/organisation/media-releases/world-cup-2026-48-squads-confirmed,candidate_pool_no_player_stats_yet,TRUE,2026-06-09,KOR,9,FW,CHO Guesung,Guesung,CHO,GUESUNG,25/01/1998,188,FALSE,needs_stats_enrichment,https://fdp.fifa.org/assetspublic/ce281/pdf/SquadLists-English.pdf
Heung Min SON,Korea Republic,LAFC (USA),Forward,,,,,,,,,,,3.2,55,0.35,1.0,1.0,0.05,0.15,0.78,0.35,https://fdp.fifa.org/assetspublic/ce281/pdf/SquadLists-English.pdf,,https://www.fifa.com/en/tournaments/mens/worldcup/canadamexicousa2026/articles/match-schedule-fixtures-results-teams-stadiums,Official FIFA final squad candidate pool row. Add homogeneous player-stat source before scoring.,Official FIFA final squad — FW/MF candidate pool,https://inside.fifa.com/organisation/media-releases/world-cup-2026-48-squads-confirmed,candidate_pool_no_player_stats_yet,TRUE,2026-06-09,KOR,7,FW,SON Heungmin,Heung Min,SON,HEUNGMIN,08/07/1992,183,FALSE,needs_stats_enrichment,https://fdp.fifa.org/assetspublic/ce281/pdf/SquadLists-English.pdf
Hyeongyu OH,Korea Republic,Beşiktaş JK (TUR),Forward,,,,,,,,,,,3.2,55,0.35,1.0,1.0,0.05,0.15,0.78,0.35,https://fdp.fifa.org/assetspublic/ce281/pdf/SquadLists-English.pdf,,https://www.fifa.com/en/tournaments/mens/worldcup/canadamexicousa2026/articles/match-schedule-fixtures-results-teams-stadiums,Official FIFA final squad candidate pool row. Add homogeneous player-stat source before scoring.,Official FIFA final squad — FW/MF candidate pool,https://inside.fifa.com/organisation/media-releases/world-cup-2026-48-squads-confirmed,candidate_pool_no_player_stats_yet,TRUE,2026-06-09,KOR,18,FW,OH Hyeongyu,Hyeongyu,OH,HYEONGYU,12/04/2001,183,FALSE,needs_stats_enrichment,https://fdp.fifa.org/assetspublic/ce281/pdf/SquadLists-English.pdf
Donggyeong LEE,Korea Republic,Ulsan HD (KOR),Midfielder,,,,,,,,,,,3.2,55,0.35,1.0,1.0,0.05,0.15,0.78,0.35,https://fdp.fifa.org/assetspublic/ce281/pdf/SquadLists-English.pdf,,https://www.fifa.com/en/tournaments/mens/worldcup/canadamexicousa2026/articles/match-schedule-fixtures-results-teams-stadiums,Official FIFA final squad candidate pool row. Add homogeneous player-stat source before scoring.,Official FIFA final squad — FW/MF candidate pool,https://inside.fifa.com/organisation/media-releases/world-cup-2026-48-squads-confirmed,candidate_pool_no_player_stats_yet,TRUE,2026-06-09,KOR,26,MF,LEE Donggyeong,Donggyeong,LEE,DONGGYEONG,20/09/1997,175,FALSE,needs_stats_enrichment,https://fdp.fifa.org/assetspublic/ce281/pdf/SquadLists-English.pdf
Gihyuk LEE,Korea Republic,Gangwon FC (KOR),Midfielder,,,,,,,,,,,3.2,55,0.35,1.0,1.0,0.05,0.15,0.78,0.35,https://fdp.fifa.org/assetspublic/ce281/pdf/SquadLists-English.pdf,,https://www.fifa.com/en/tournaments/mens/worldcup/canadamexicousa2026/articles/match-schedule-fixtures-results-teams-stadiums,Official FIFA final squad candidate pool row. Add homogeneous player-stat source before scoring.,Official FIFA final squad — FW/MF candidate pool,https://inside.fifa.com/organisation/media-releases/world-cup-2026-48-squads-confirmed,candidate_pool_no_player_stats_yet,TRUE,2026-06-09,KOR,3,MF,LEE Gihyuk,Gihyuk,LEE,GIHYUK,07/07/2000,184,FALSE,needs_stats_enrichment,https://fdp.fifa.org/assetspublic/ce281/pdf/SquadLists-English.pdf
Hee Chan HWANG,Korea Republic,Wolverhampton Wanderers FC (ENG),Midfielder,,,,,,,,,,,3.2,55,0.35,1.0,1.0,0.05,0.15,0.78,0.35,https://fdp.fifa.org/assetspublic/ce281/pdf/SquadLists-English.pdf,,https://www.fifa.com/en/tournaments/mens/worldcup/canadamexicousa2026/articles/match-schedule-fixtures-results-teams-stadiums,Official FIFA final squad candidate pool row. Add homogeneous player-stat source before scoring.,Official FIFA final squad — FW/MF candidate pool,https://inside.fifa.com/organisation/media-releases/world-cup-2026-48-squads-confirmed,candidate_pool_no_player_stats_yet,TRUE,2026-06-09,KOR,11,MF,HWANG Heechan,Hee Chan,HWANG,HEECHAN,26/01/1996,177,FALSE,needs_stats_enrichment,https://fdp.fifa.org/assetspublic/ce281/pdf/SquadLists-English.pdf
Hyunjun YANG,Korea Republic,Celtic FC (SCO),Midfielder,,,,,,,,,,,3.2,55,0.35,1.0,1.0,0.05,0.15,0.78,0.35,https://fdp.fifa.org/assetspublic/ce281/pdf/SquadLists-English.pdf,,https://www.fifa.com/en/tournaments/mens/worldcup/canadamexicousa2026/articles/match-schedule-fixtures-results-teams-stadiums,Official FIFA final squad candidate pool row. Add homogeneous player-stat source before scoring.,Official FIFA final squad — FW/MF candidate pool,https://inside.fifa.com/organisation/media-releases/world-cup-2026-48-squads-confirmed,candidate_pool_no_player_stats_yet,TRUE,2026-06-09,KOR,20,MF,YANG Hyunjun,Hyunjun,YANG,HYUNJUN,25/05/2002,179,FALSE,needs_stats_enrichment,https://fdp.fifa.org/assetspublic/ce281/pdf/SquadLists-English.pdf
Inbeom HWANG,Korea Republic,Feyenoord Rotterdam (NED),Midfielder,,,,,,,,,,,3.2,55,0.35,1.0,1.0,0.05,0.15,0.78,0.35,https://fdp.fifa.org/assetspublic/ce281/pdf/SquadLists-English.pdf,,https://www.fifa.com/en/tournaments/mens/worldcup/canadamexicousa2026/articles/match-schedule-fixtures-results-teams-stadiums,Official FIFA final squad candidate pool row. Add homogeneous player-stat source before scoring.,Official FIFA final squad — FW/MF candidate pool,https://inside.fifa.com/organisation/media-releases/world-cup-2026-48-squads-confirmed,candidate_pool_no_player_stats_yet,TRUE,2026-06-09,KOR,6,MF,HWANG Inbeom,Inbeom,HWANG,INBEOM,20/09/1996,177,FALSE,needs_stats_enrichment,https://fdp.fifa.org/assetspublic/ce281/pdf/SquadLists-English.pdf
Jae Sung LEE,Korea Republic,1. FSV Mainz 05 (GER),Midfielder,,,,,,,,,,,3.2,55,0.35,1.0,1.0,0.05,0.15,0.78,0.35,https://fdp.fifa.org/assetspublic/ce281/pdf/SquadLists-English.pdf,,https://www.fifa.com/en/tournaments/mens/worldcup/canadamexicousa2026/articles/match-schedule-fixtures-results-teams-stadiums,Official FIFA final squad candidate pool row. Add homogeneous player-stat source before scoring.,Official FIFA final squad — FW/MF candidate pool,https://inside.fifa.com/organisation/media-releases/world-cup-2026-48-squads-confirmed,candidate_pool_no_player_stats_yet,TRUE,2026-06-09,KOR,10,MF,LEE Jaesung,Jae Sung,LEE,JAESUNG,10/08/1992,180,FALSE,needs_stats_enrichment,https://fdp.fifa.org/assetspublic/ce281/pdf/SquadLists-English.pdf
Jingyu KIM,Korea Republic,Jeonbuk Hyundai Motors FC (KOR),Midfielder,,,,,,,,,,,3.2,55,0.35,1.0,1.0,0.05,0.15,0.78,0.35,https://fdp.fifa.org/assetspublic/ce281/pdf/SquadLists-English.pdf,,https://www.fifa.com/en/tournaments/mens/worldcup/canadamexicousa2026/articles/match-schedule-fixtures-results-teams-stadiums,Official FIFA final squad candidate pool row. Add homogeneous player-stat source before scoring.,Official FIFA final squad — FW/MF candidate pool,https://inside.fifa.com/organisation/media-releases/world-cup-2026-48-squads-confirmed,candidate_pool_no_player_stats_yet,TRUE,2026-06-09,KOR,24,MF,KIM Jingyu,Jingyu,KIM,JINGYU,24/02/1997,177,FALSE,needs_stats_enrichment,https://fdp.fifa.org/assetspublic/ce281/pdf/SquadLists-English.pdf
Jisung EOM,Korea Republic,Swansea City AFC (WAL),Midfielder,,,,,,,,,,,3.2,55,0.35,1.0,1.0,0.05,0.15,0.78,0.35,https://fdp.fifa.org/assetspublic/ce281/pdf/SquadLists-English.pdf,,https://www.fifa.com/en/tournaments/mens/worldcup/canadamexicousa2026/articles/match-schedule-fixtures-results-teams-stadiums,Official FIFA final squad candidate pool row. Add homogeneous player-stat source before scoring.,Official FIFA final squad — FW/MF candidate pool,https://inside.fifa.com/organisation/media-releases/world-cup-2026-48-squads-confirmed,candidate_pool_no_player_stats_yet,TRUE,2026-06-09,KOR,25,MF,EOM Jisung,Jisung,EOM,JISUNG,09/05/2002,177,FALSE,needs_stats_enrichment,https://fdp.fifa.org/assetspublic/ce281/pdf/SquadLists-English.pdf
Junho BAE,Korea Republic,Stoke City FC (ENG),Midfielder,,,,,,,,,,,3.2,55,0.35,1.0,1.0,0.05,0.15,0.78,0.35,https://fdp.fifa.org/assetspublic/ce281/pdf/SquadLists-English.pdf,,https://www.fifa.com/en/tournaments/mens/worldcup/canadamexicousa2026/articles/match-schedule-fixtures-results-teams-stadiums,Official FIFA final squad candidate pool row. Add homogeneous player-stat source before scoring.,Official FIFA final squad — FW/MF candidate pool,https://inside.fifa.com/organisation/media-releases/world-cup-2026-48-squads-confirmed,candidate_pool_no_player_stats_yet,TRUE,2026-06-09,KOR,17,MF,BAE Junho,Junho,BAE,JUNHO,21/08/2003,180,FALSE,needs_stats_enrichment,https://fdp.fifa.org/assetspublic/ce281/pdf/SquadLists-English.pdf
Kangin LEE,Korea Republic,Paris Saint-Germain (FRA),Midfielder,,,,,,,,,,,3.2,55,0.35,1.0,1.0,0.05,0.15,0.78,0.35,https://fdp.fifa.org/assetspublic/ce281/pdf/SquadLists-English.pdf,,https://www.fifa.com/en/tournaments/mens/worldcup/canadamexicousa2026/articles/match-schedule-fixtures-results-teams-stadiums,Official FIFA final squad candidate pool row. Add homogeneous player-stat source before scoring.,Official FIFA final squad — FW/MF candidate pool,https://inside.fifa.com/organisation/media-releases/world-cup-2026-48-squads-confirmed,candidate_pool_no_player_stats_yet,TRUE,2026-06-09,KOR,19,MF,LEE Kangin,Kangin,LEE,KANGIN,19/02/2001,174,FALSE,needs_stats_enrichment,https://fdp.fifa.org/assetspublic/ce281/pdf/SquadLists-English.pdf
Seungho PAIK,Korea Republic,Birmingham City FC (ENG),Midfielder,,,,,,,,,,,3.2,55,0.35,1.0,1.0,0.05,0.15,0.78,0.35,https://fdp.fifa.org/assetspublic/ce281/pdf/SquadLists-English.pdf,,https://www.fifa.com/en/tournaments/mens/worldcup/canadamexicousa2026/articles/match-schedule-fixtures-results-teams-stadiums,Official FIFA final squad candidate pool row. Add homogeneous player-stat source before scoring.,Official FIFA final squad — FW/MF candidate pool,https://inside.fifa.com/organisation/media-releases/world-cup-2026-48-squads-confirmed,candidate_pool_no_player_stats_yet,TRUE,2026-06-09,KOR,8,MF,PAIK Seungho,Seungho,PAIK,SEUNGHO,17/03/1997,182,FALSE,needs_stats_enrichment,https://fdp.fifa.org/assetspublic/ce281/pdf/SquadLists-English.pdf
Armando GONZÁLEZ ALBA,Mexico,CD Guadalajara (MEX),Forward,,,,,,,,,,,3.7,55,0.35,1.0,1.02,0.05,0.16,0.78,0.35,https://fdp.fifa.org/assetspublic/ce281/pdf/SquadLists-English.pdf,,https://www.fifa.com/en/tournaments/mens/worldcup/canadamexicousa2026/articles/match-schedule-fixtures-results-teams-stadiums,Official FIFA final squad candidate pool row. Add homogeneous player-stat source before scoring.,Official FIFA final squad — FW/MF candidate pool,https://inside.fifa.com/organisation/media-releases/world-cup-2026-48-squads-confirmed,candidate_pool_no_player_stats_yet,TRUE,2026-06-09,MEX,14,FW,GONZALEZ Armando,Armando,GONZÁLEZ ALBA,A. GONZÁLEZ,20/04/2003,182,FALSE,needs_stats_enrichment,https://fdp.fifa.org/assetspublic/ce281/pdf/SquadLists-English.pdf
César Saúl HUERTA VALERA,Mexico,RSC Anderlecht (BEL),Forward,,,,,,,,,,,3.7,55,0.35,1.0,1.02,0.05,0.16,0.78,0.35,https://fdp.fifa.org/assetspublic/ce281/pdf/SquadLists-English.pdf,,https://www.fifa.com/en/tournaments/mens/worldcup/canadamexicousa2026/articles/match-schedule-fixtures-results-teams-stadiums,Official FIFA final squad candidate pool row. Add homogeneous player-stat source before scoring.,Official FIFA final squad — FW/MF candidate pool,https://inside.fifa.com/organisation/media-releases/world-cup-2026-48-squads-confirmed,candidate_pool_no_player_stats_yet,TRUE,2026-06-09,MEX,21,FW,HUERTA Cesar,César Saúl,HUERTA VALERA,C. HUERTA,03/12/2000,171,FALSE,needs_stats_enrichment,https://fdp.fifa.org/assetspublic/ce281/pdf/SquadLists-English.pdf
Ernesto Alexis VEGA ROJAS,Mexico,Deportivo Toluca FC (MEX),Forward,,,,,,,,,,,3.7,55,0.35,1.0,1.02,0.05,0.16,0.78,0.35,https://fdp.fifa.org/assetspublic/ce281/pdf/SquadLists-English.pdf,,https://www.fifa.com/en/tournaments/mens/worldcup/canadamexicousa2026/articles/match-schedule-fixtures-results-teams-stadiums,Official FIFA final squad candidate pool row. Add homogeneous player-stat source before scoring.,Official FIFA final squad — FW/MF candidate pool,https://inside.fifa.com/organisation/media-releases/world-cup-2026-48-squads-confirmed,candidate_pool_no_player_stats_yet,TRUE,2026-06-09,MEX,10,FW,VEGA Alexis,Ernesto Alexis,VEGA ROJAS,A. VEGA,25/11/1997,175,FALSE,needs_stats_enrichment,https://fdp.fifa.org/assetspublic/ce281/pdf/SquadLists-English.pdf
Guillermo MARTÍNEZ AYALA,Mexico,Pumas UNAM (MEX),Forward,,,,,,,,,,,3.7,55,0.35,1.0,1.02,0.05,0.16,0.78,0.35,https://fdp.fifa.org/assetspublic/ce281/pdf/SquadLists-English.pdf,,https://www.fifa.com/en/tournaments/mens/worldcup/canadamexicousa2026/articles/match-schedule-fixtures-results-teams-stadiums,Official FIFA final squad candidate pool row. Add homogeneous player-stat source before scoring.,Official FIFA final squad — FW/MF candidate pool,https://inside.fifa.com/organisation/media-releases/world-cup-2026-48-squads-confirmed,candidate_pool_no_player_stats_yet,TRUE,2026-06-09,MEX,22,FW,MARTINEZ Guillermo,Guillermo,MARTÍNEZ AYALA,G. MARTÍNEZ,15/03/1995,191,FALSE,needs_stats_enrichment,https://fdp.fifa.org/assetspublic/ce281/pdf/SquadLists-English.pdf
Julián Andrés QUIÑONES QUIÑONES,Mexico,Al Qadsiah FC (KSA),Forward,,,,,,,,,,,3.7,55,0.35,1.0,1.02,0.05,0.16,0.78,0.35,https://fdp.fifa.org/assetspublic/ce281/pdf/SquadLists-English.pdf,,https://www.fifa.com/en/tournaments/mens/worldcup/canadamexicousa2026/articles/match-schedule-fixtures-results-teams-stadiums,Official FIFA final squad candidate pool row. Add homogeneous player-stat source before scoring.,Official FIFA final squad — FW/MF candidate pool,https://inside.fifa.com/organisation/media-releases/world-cup-2026-48-squads-confirmed,candidate_pool_no_player_stats_yet,TRUE,2026-06-09,MEX,16,FW,QUINONES Julian,Julián Andrés,QUIÑONES QUIÑONES,J. QUIÑONES,24/03/1997,177,FALSE,needs_stats_enrichment,https://fdp.fifa.org/assetspublic/ce281/pdf/SquadLists-English.pdf
Raúl Alonso JIMÉNEZ RODRÍGUEZ,Mexico,Fulham FC (ENG),Forward,,,,,,,,,,,3.7,55,0.35,1.0,1.02,0.05,0.16,0.78,0.35,https://fdp.fifa.org/assetspublic/ce281/pdf/SquadLists-English.pdf,,https://www.fifa.com/en/tournaments/mens/worldcup/canadamexicousa2026/articles/match-schedule-fixtures-results-teams-stadiums,Official FIFA final squad candidate pool row. Add homogeneous player-stat source before scoring.,Official FIFA final squad — FW/MF candidate pool,https://inside.fifa.com/organisation/media-releases/world-cup-2026-48-squads-confirmed,candidate_pool_no_player_stats_yet,TRUE,2026-06-09,MEX,9,FW,JIMENEZ Raul,Raúl Alonso,JIMÉNEZ RODRÍGUEZ,RAÚL,05/05/1991,188,FALSE,needs_stats_enrichment,https://fdp.fifa.org/assetspublic/ce281/pdf/SquadLists-English.pdf
Roberto Carlos ALVARADO HERNÁNDEZ,Mexico,CD Guadalajara (MEX),Forward,,,,,,,,,,,3.7,55,0.35,1.0,1.02,0.05,0.16,0.78,0.35,https://fdp.fifa.org/assetspublic/ce281/pdf/SquadLists-English.pdf,,https://www.fifa.com/en/tournaments/mens/worldcup/canadamexicousa2026/articles/match-schedule-fixtures-results-teams-stadiums,Official FIFA final squad candidate pool row. Add homogeneous player-stat source before scoring.,Official FIFA final squad — FW/MF candidate pool,https://inside.fifa.com/organisation/media-releases/world-cup-2026-48-squads-confirmed,candidate_pool_no_player_stats_yet,TRUE,2026-06-09,MEX,25,FW,ALVARADO Roberto,Roberto Carlos,ALVARADO HERNÁNDEZ,R. ALVARADO,07/09/1998,176,FALSE,needs_stats_enrichment,https://fdp.fifa.org/assetspublic/ce281/pdf/SquadLists-English.pdf
Santiago Tomás GIMENEZ,Mexico,AC Milan (ITA),Forward,,,,,,,,,,,3.7,55,0.35,1.0,1.02,0.05,0.16,0.78,0.35,https://fdp.fifa.org/assetspublic/ce281/pdf/SquadLists-English.pdf,,https://www.fifa.com/en/tournaments/mens/worldcup/canadamexicousa2026/articles/match-schedule-fixtures-results-teams-stadiums,Official FIFA final squad candidate pool row. Add homogeneous player-stat source before scoring.,Official FIFA final squad — FW/MF candidate pool,https://inside.fifa.com/organisation/media-releases/world-cup-2026-48-squads-confirmed,candidate_pool_no_player_stats_yet,TRUE,2026-06-09,MEX,11,FW,GIMENEZ Santiago,Santiago Tomás,GIMENEZ,S. GIMENEZ,18/04/2001,180,FALSE,needs_stats_enrichment,https://fdp.fifa.org/assetspublic/ce281/pdf/SquadLists-English.pdf
Brian GUTIÉRREZ,Mexico,CD Guadalajara (MEX),Midfielder,,,,,,,,,,,3.7,55,0.35,1.0,1.02,0.05,0.16,0.78,0.35,https://fdp.fifa.org/assetspublic/ce281/pdf/SquadLists-English.pdf,,https://www.fifa.com/en/tournaments/mens/worldcup/canadamexicousa2026/articles/match-schedule-fixtures-results-teams-stadiums,Official FIFA final squad candidate pool row. Add homogeneous player-stat source before scoring.,Official FIFA final squad — FW/MF candidate pool,https://inside.fifa.com/organisation/media-releases/world-cup-2026-48-squads-confirmed,candidate_pool_no_player_stats_yet,TRUE,2026-06-09,MEX,26,MF,GUTIERREZ Brian,Brian,GUTIÉRREZ,B. GUTIÉRREZ,17/06/2003,178,FALSE,needs_stats_enrichment,https://fdp.fifa.org/assetspublic/ce281/pdf/SquadLists-English.pdf
Erik Antonio LIRA MÉNDEZ,Mexico,CF Cruz Azul (MEX),Midfielder,,,,,,,,,,,3.7,55,0.35,1.0,1.02,0.05,0.16,0.78,0.35,https://fdp.fifa.org/assetspublic/ce281/pdf/SquadLists-English.pdf,,https://www.fifa.com/en/tournaments/mens/worldcup/canadamexicousa2026/articles/match-schedule-fixtures-results-teams-stadiums,Official FIFA final squad candidate pool row. Add homogeneous player-stat source before scoring.,Official FIFA final squad — FW/MF candidate pool,https://inside.fifa.com/organisation/media-releases/world-cup-2026-48-squads-confirmed,candidate_pool_no_player_stats_yet,TRUE,2026-06-09,MEX,6,MF,LIRA Erik,Erik Antonio,LIRA MÉNDEZ,E. LIRA,08/05/2000,172,FALSE,needs_stats_enrichment,https://fdp.fifa.org/assetspublic/ce281/pdf/SquadLists-English.pdf
Gilberto Rafael MORA ZAMBRANO,Mexico,Club Tijuana (MEX),Midfielder,,,,,,,,,,,3.7,55,0.35,1.0,1.02,0.05,0.16,0.78,0.35,https://fdp.fifa.org/assetspublic/ce281/pdf/SquadLists-English.pdf,,https://www.fifa.com/en/tournaments/mens/worldcup/canadamexicousa2026/articles/match-schedule-fixtures-results-teams-stadiums,Official FIFA final squad candidate pool row. Add homogeneous player-stat source before scoring.,Official FIFA final squad — FW/MF candidate pool,https://inside.fifa.com/organisation/media-releases/world-cup-2026-48-squads-confirmed,candidate_pool_no_player_stats_yet,TRUE,2026-06-09,MEX,19,MF,MORA Gilberto,Gilberto Rafael,MORA ZAMBRANO,G. MORA,14/10/2008,175,FALSE,needs_stats_enrichment,https://fdp.fifa.org/assetspublic/ce281/pdf/SquadLists-English.pdf
Luis Francisco ROMO BARRÓN,Mexico,CD Guadalajara (MEX),Midfielder,,,,,,,,,,,3.7,55,0.35,1.0,1.02,0.05,0.16,0.78,0.35,https://fdp.fifa.org/assetspublic/ce281/pdf/SquadLists-English.pdf,,https://www.fifa.com/en/tournaments/mens/worldcup/canadamexicousa2026/articles/match-schedule-fixtures-results-teams-stadiums,Official FIFA final squad candidate pool row. Add homogeneous player-stat source before scoring.,Official FIFA final squad — FW/MF candidate pool,https://inside.fifa.com/organisation/media-releases/world-cup-2026-48-squads-confirmed,candidate_pool_no_player_stats_yet,TRUE,2026-06-09,MEX,7,MF,ROMO Luis,Luis Francisco,ROMO BARRÓN,L. ROMO,05/06/1995,183,FALSE,needs_stats_enrichment,https://fdp.fifa.org/assetspublic/ce281/pdf/SquadLists-English.pdf
Luis Gerardo CHÁVEZ MAGALLÓN,Mexico,FC Dynamo Moscow (RUS),Midfielder,,,,,,,,,,,3.7,55,0.35,1.0,1.02,0.05,0.16,0.78,0.35,https://fdp.fifa.org/assetspublic/ce281/pdf/SquadLists-English.pdf,,https://www.fifa.com/en/tournaments/mens/worldcup/canadamexicousa2026/articles/match-schedule-fixtures-results-teams-stadiums,Official FIFA final squad candidate pool row. Add homogeneous player-stat source before scoring.,Official FIFA final squad — FW/MF candidate pool,https://inside.fifa.com/organisation/media-releases/world-cup-2026-48-squads-confirmed,candidate_pool_no_player_stats_yet,TRUE,2026-06-09,MEX,24,MF,CHAVEZ Luis,Luis Gerardo,CHÁVEZ MAGALLÓN,L. CHÁVEZ,15/01/1996,178,FALSE,needs_stats_enrichment,https://fdp.fifa.org/assetspublic/ce281/pdf/SquadLists-English.pdf
Obed Goméz VARGAS,Mexico,Atlético De Madrid (ESP),Midfielder,,,,,,,,,,,3.7,55,0.35,1.0,1.02,0.05,0.16,0.78,0.35,https://fdp.fifa.org/assetspublic/ce281/pdf/SquadLists-English.pdf,,https://www.fifa.com/en/tournaments/mens/worldcup/canadamexicousa2026/articles/match-schedule-fixtures-results-teams-stadiums,Official FIFA final squad candidate pool row. Add homogeneous player-stat source before scoring.,Official FIFA final squad — FW/MF candidate pool,https://inside.fifa.com/organisation/media-releases/world-cup-2026-48-squads-confirmed,candidate_pool_no_player_stats_yet,TRUE,2026-06-09,MEX,18,MF,VARGAS Obed,Obed Goméz,VARGAS,O. VARGAS,05/08/2005,175,FALSE,needs_stats_enrichment,https://fdp.fifa.org/assetspublic/ce281/pdf/SquadLists-English.pdf
Orbelín PINEDA ALVARADO,Mexico,AEK Athens (GRE),Midfielder,,,,,,,,,,,3.7,55,0.35,1.0,1.02,0.05,0.16,0.78,0.35,https://fdp.fifa.org/assetspublic/ce281/pdf/SquadLists-English.pdf,,https://www.fifa.com/en/tournaments/mens/worldcup/canadamexicousa2026/articles/match-schedule-fixtures-results-teams-stadiums,Official FIFA final squad candidate pool row. Add homogeneous player-stat source before scoring.,Official FIFA final squad — FW/MF candidate pool,https://inside.fifa.com/organisation/media-releases/world-cup-2026-48-squads-confirmed,candidate_pool_no_player_stats_yet,TRUE,2026-06-09,MEX,17,MF,PINEDA Orbelin,Orbelín,PINEDA ALVARADO,ORBELÍN,24/03/1996,169,FALSE,needs_stats_enrichment,https://fdp.fifa.org/assetspublic/ce281/pdf/SquadLists-English.pdf
Álvaro FIDALGO FERNÁNDEZ,Mexico,Real Betis (ESP),Midfielder,,,,,,,,,,,3.7,55,0.35,1.0,1.02,0.05,0.16,0.78,0.35,https://fdp.fifa.org/assetspublic/ce281/pdf/SquadLists-English.pdf,,https://www.fifa.com/en/tournaments/mens/worldcup/canadamexicousa2026/articles/match-schedule-fixtures-results-teams-stadiums,Official FIFA final squad candidate pool row. Add homogeneous player-stat source before scoring.,Official FIFA final squad — FW/MF candidate pool,https://inside.fifa.com/organisation/media-releases/world-cup-2026-48-squads-confirmed,candidate_pool_no_player_stats_yet,TRUE,2026-06-09,MEX,8,MF,FIDALGO Alvaro,Álvaro,FIDALGO FERNÁNDEZ,FIDALGO,09/04/1997,175,FALSE,needs_stats_enrichment,https://fdp.fifa.org/assetspublic/ce281/pdf/SquadLists-English.pdf
Abdessamad EZZALZOULI,Morocco,Real Betis (ESP),Forward,,,,,,,,,,,3.2,55,0.35,1.0,1.0,0.05,0.15,0.78,0.35,https://fdp.fifa.org/assetspublic/ce281/pdf/SquadLists-English.pdf,,https://www.fifa.com/en/tournaments/mens/worldcup/canadamexicousa2026/articles/match-schedule-fixtures-results-teams-stadiums,Official FIFA final squad candidate pool row. Add homogeneous player-stat source before scoring.,Official FIFA final squad — FW/MF candidate pool,https://inside.fifa.com/organisation/media-releases/world-cup-2026-48-squads-confirmed,candidate_pool_no_player_stats_yet,TRUE,2026-06-09,MAR,17,FW,EZZALZOULI Abde,Abdessamad,EZZALZOULI,EZZALZOULI,17/12/2001,177,FALSE,needs_stats_enrichment,https://fdp.fifa.org/assetspublic/ce281/pdf/SquadLists-English.pdf
Ayoub EL KAABI,Morocco,Olympiacos FC (GRE),Forward,,,,,,,,,,,3.2,55,0.35,1.0,1.0,0.05,0.15,0.78,0.35,https://fdp.fifa.org/assetspublic/ce281/pdf/SquadLists-English.pdf,,https://www.fifa.com/en/tournaments/mens/worldcup/canadamexicousa2026/articles/match-schedule-fixtures-results-teams-stadiums,Official FIFA final squad candidate pool row. Add homogeneous player-stat source before scoring.,Official FIFA final squad — FW/MF candidate pool,https://inside.fifa.com/organisation/media-releases/world-cup-2026-48-squads-confirmed,candidate_pool_no_player_stats_yet,TRUE,2026-06-09,MAR,20,FW,EL KAABI Ayoub,Ayoub,EL KAABI,EL KAABI,25/06/1993,182,FALSE,needs_stats_enrichment,https://fdp.fifa.org/assetspublic/ce281/pdf/SquadLists-English.pdf
Ayoube AMAIMOUNI,Morocco,Eintracht Frankfurt (GER),Forward,,,,,,,,,,,3.2,55,0.35,1.0,1.0,0.05,0.15,0.78,0.35,https://fdp.fifa.org/assetspublic/ce281/pdf/SquadLists-English.pdf,,https://www.fifa.com/en/tournaments/mens/worldcup/canadamexicousa2026/articles/match-schedule-fixtures-results-teams-stadiums,Official FIFA final squad candidate pool row. Add homogeneous player-stat source before scoring.,Official FIFA final squad — FW/MF candidate pool,https://inside.fifa.com/organisation/media-releases/world-cup-2026-48-squads-confirmed,candidate_pool_no_player_stats_yet,TRUE,2026-06-09,MAR,21,FW,AMAIMOUNI Ayoube,Ayoube,AMAIMOUNI,AMAIMOUNI,30/11/2004,179,FALSE,needs_stats_enrichment,https://fdp.fifa.org/assetspublic/ce281/pdf/SquadLists-English.pdf
Brahim ABDELKADER DIAZ,Morocco,Real Madrid C. F. (ESP),Forward,,,,,,,,,,,3.2,55,0.35,1.0,1.0,0.05,0.15,0.78,0.35,https://fdp.fifa.org/assetspublic/ce281/pdf/SquadLists-English.pdf,,https://www.fifa.com/en/tournaments/mens/worldcup/canadamexicousa2026/articles/match-schedule-fixtures-results-teams-stadiums,Official FIFA final squad candidate pool row. Add homogeneous player-stat source before scoring.,Official FIFA final squad — FW/MF candidate pool,https://inside.fifa.com/organisation/media-releases/world-cup-2026-48-squads-confirmed,candidate_pool_no_player_stats_yet,TRUE,2026-06-09,MAR,10,FW,DIAZ Brahim,Brahim,ABDELKADER DIAZ,BRAHIM,03/08/1999,170,FALSE,needs_stats_enrichment,https://fdp.fifa.org/assetspublic/ce281/pdf/SquadLists-English.pdf
Sou ane RAHIMI,Morocco,Al Ain FC (UAE),Forward,,,,,,,,,,,3.2,55,0.35,1.0,1.0,0.05,0.15,0.78,0.35,https://fdp.fifa.org/assetspublic/ce281/pdf/SquadLists-English.pdf,,https://www.fifa.com/en/tournaments/mens/worldcup/canadamexicousa2026/articles/match-schedule-fixtures-results-teams-stadiums,Official FIFA final squad candidate pool row. Add homogeneous player-stat source before scoring.,Official FIFA final squad — FW/MF candidate pool,https://inside.fifa.com/organisation/media-releases/world-cup-2026-48-squads-confirmed,candidate_pool_no_player_stats_yet,TRUE,2026-06-09,MAR,9,FW,RAHIMI Sou ane,Sou ane,RAHIMI,RAHIMI,02/06/1996,180,FALSE,needs_stats_enrichment,https://fdp.fifa.org/assetspublic/ce281/pdf/SquadLists-English.pdf
Ayyoub BOUADDI,Morocco,Lille OSC (FRA),Midfielder,,,,,,,,,,,3.2,55,0.35,1.0,1.0,0.05,0.15,0.78,0.35,https://fdp.fifa.org/assetspublic/ce281/pdf/SquadLists-English.pdf,,https://www.fifa.com/en/tournaments/mens/worldcup/canadamexicousa2026/articles/match-schedule-fixtures-results-teams-stadiums,Official FIFA final squad candidate pool row. Add homogeneous player-stat source before scoring.,Official FIFA final squad — FW/MF candidate pool,https://inside.fifa.com/organisation/media-releases/world-cup-2026-48-squads-confirmed,candidate_pool_no_player_stats_yet,TRUE,2026-06-09,MAR,6,MF,BOUADDI Ayyoub,Ayyoub,BOUADDI,BOUADDI,02/10/2007,185,FALSE,needs_stats_enrichment,https://fdp.fifa.org/assetspublic/ce281/pdf/SquadLists-English.pdf
Azz-Eddine OUNAHI,Morocco,Girona FC (ESP),Midfielder,,,,,,,,,,,3.2,55,0.35,1.0,1.0,0.05,0.15,0.78,0.35,https://fdp.fifa.org/assetspublic/ce281/pdf/SquadLists-English.pdf,,https://www.fifa.com/en/tournaments/mens/worldcup/canadamexicousa2026/articles/match-schedule-fixtures-results-teams-stadiums,Official FIFA final squad candidate pool row. Add homogeneous player-stat source before scoring.,Official FIFA final squad — FW/MF candidate pool,https://inside.fifa.com/organisation/media-releases/world-cup-2026-48-squads-confirmed,candidate_pool_no_player_stats_yet,TRUE,2026-06-09,MAR,8,MF,OUNAHI Azzedine,Azz-Eddine,OUNAHI,OUNAHI,19/04/2000,182,FALSE,needs_stats_enrichment,https://fdp.fifa.org/assetspublic/ce281/pdf/SquadLists-English.pdf
Bilal EL KHANNOUSS,Morocco,VfB Stuttgart (GER),Midfielder,,,,,,,,,,,3.2,55,0.35,1.0,1.0,0.05,0.15,0.78,0.35,https://fdp.fifa.org/assetspublic/ce281/pdf/SquadLists-English.pdf,,https://www.fifa.com/en/tournaments/mens/worldcup/canadamexicousa2026/articles/match-schedule-fixtures-results-teams-stadiums,Official FIFA final squad candidate pool row. Add homogeneous player-stat source before scoring.,Official FIFA final squad — FW/MF candidate pool,https://inside.fifa.com/organisation/media-releases/world-cup-2026-48-squads-confirmed,candidate_pool_no_player_stats_yet,TRUE,2026-06-09,MAR,23,MF,EL KHANNOUSS Bilal,Bilal,EL KHANNOUSS,EL KHANNOUSS,10/05/2004,180,FALSE,needs_stats_enrichment,https://fdp.fifa.org/assetspublic/ce281/pdf/SquadLists-English.pdf
Chemsdine TALBI,Morocco,Sunderland AFC (ENG),Midfielder,,,,,,,,,,,3.2,55,0.35,1.0,1.0,0.05,0.15,0.78,0.35,https://fdp.fifa.org/assetspublic/ce281/pdf/SquadLists-English.pdf,,https://www.fifa.com/en/tournaments/mens/worldcup/canadamexicousa2026/articles/match-schedule-fixtures-results-teams-stadiums,Official FIFA final squad candidate pool row. Add homogeneous player-stat source before scoring.,Official FIFA final squad — FW/MF candidate pool,https://inside.fifa.com/organisation/media-releases/world-cup-2026-48-squads-confirmed,candidate_pool_no_player_stats_yet,TRUE,2026-06-09,MAR,7,MF,TALBI Chemsdine,Chemsdine,TALBI,TALBI,09/05/2005,175,FALSE,needs_stats_enrichment,https://fdp.fifa.org/assetspublic/ce281/pdf/SquadLists-English.pdf
Gessime Ben Youssef Mustapha YASSINE,Morocco,RC Strasbourg (FRA),Midfielder,,,,,,,,,,,3.2,55,0.35,1.0,1.0,0.05,0.15,0.78,0.35,https://fdp.fifa.org/assetspublic/ce281/pdf/SquadLists-English.pdf,,https://www.fifa.com/en/tournaments/mens/worldcup/canadamexicousa2026/articles/match-schedule-fixtures-results-teams-stadiums,Official FIFA final squad candidate pool row. Add homogeneous player-stat source before scoring.,Official FIFA final squad — FW/MF candidate pool,https://inside.fifa.com/organisation/media-releases/world-cup-2026-48-squads-confirmed,candidate_pool_no_player_stats_yet,TRUE,2026-06-09,MAR,16,MF,YASSINE Gessime,Gessime Ben Youssef Mustapha,YASSINE,YASSINE,22/11/2005,172,FALSE,needs_stats_enrichment,https://fdp.fifa.org/assetspublic/ce281/pdf/SquadLists-English.pdf
Ismael SAIBARI,Morocco,PSV Eindhoven (NED),Midfielder,,,,,,,,,,,3.2,55,0.35,1.0,1.0,0.05,0.15,0.78,0.35,https://fdp.fifa.org/assetspublic/ce281/pdf/SquadLists-English.pdf,,https://www.fifa.com/en/tournaments/mens/worldcup/canadamexicousa2026/articles/match-schedule-fixtures-results-teams-stadiums,Official FIFA final squad candidate pool row. Add homogeneous player-stat source before scoring.,Official FIFA final squad — FW/MF candidate pool,https://inside.fifa.com/organisation/media-releases/world-cup-2026-48-squads-confirmed,candidate_pool_no_player_stats_yet,TRUE,2026-06-09,MAR,11,MF,SAIBARI Ismael,Ismael,SAIBARI,SAIBARI,28/01/2001,185,FALSE,needs_stats_enrichment,https://fdp.fifa.org/assetspublic/ce281/pdf/SquadLists-English.pdf
Neil Yoni EL AYNAOUI,Morocco,AS Roma (ITA),Midfielder,,,,,,,,,,,3.2,55,0.35,1.0,1.0,0.05,0.15,0.78,0.35,https://fdp.fifa.org/assetspublic/ce281/pdf/SquadLists-English.pdf,,https://www.fifa.com/en/tournaments/mens/worldcup/canadamexicousa2026/articles/match-schedule-fixtures-results-teams-stadiums,Official FIFA final squad candidate pool row. Add homogeneous player-stat source before scoring.,Official FIFA final squad — FW/MF candidate pool,https://inside.fifa.com/organisation/media-releases/world-cup-2026-48-squads-confirmed,candidate_pool_no_player_stats_yet,TRUE,2026-06-09,MAR,24,MF,EL AYNAOUI Neil,Neil Yoni,EL AYNAOUI,EL AYNAOUI,02/07/2001,185,FALSE,needs_stats_enrichment,https://fdp.fifa.org/assetspublic/ce281/pdf/SquadLists-English.pdf
Samir EL MOURABET,Morocco,RC Strasbourg (FRA),Midfielder,,,,,,,,,,,3.2,55,0.35,1.0,1.0,0.05,0.15,0.78,0.35,https://fdp.fifa.org/assetspublic/ce281/pdf/SquadLists-English.pdf,,https://www.fifa.com/en/tournaments/mens/worldcup/canadamexicousa2026/articles/match-schedule-fixtures-results-teams-stadiums,Official FIFA final squad candidate pool row. Add homogeneous player-stat source before scoring.,Official FIFA final squad — FW/MF candidate pool,https://inside.fifa.com/organisation/media-releases/world-cup-2026-48-squads-confirmed,candidate_pool_no_player_stats_yet,TRUE,2026-06-09,MAR,15,MF,EL MOURABET Samir,Samir,EL MOURABET,EL MOURABET,06/10/2005,187,FALSE,needs_stats_enrichment,https://fdp.fifa.org/assetspublic/ce281/pdf/SquadLists-English.pdf
Sofyan AMRABAT,Morocco,Real Betis (ESP),Midfielder,,,,,,,,,,,3.2,55,0.35,1.0,1.0,0.05,0.15,0.78,0.35,https://fdp.fifa.org/assetspublic/ce281/pdf/SquadLists-English.pdf,,https://www.fifa.com/en/tournaments/mens/worldcup/canadamexicousa2026/articles/match-schedule-fixtures-results-teams-stadiums,Official FIFA final squad candidate pool row. Add homogeneous player-stat source before scoring.,Official FIFA final squad — FW/MF candidate pool,https://inside.fifa.com/organisation/media-releases/world-cup-2026-48-squads-confirmed,candidate_pool_no_player_stats_yet,TRUE,2026-06-09,MAR,4,MF,AMRABAT Sofyan,Sofyan,AMRABAT,AMRABAT,21/08/1996,185,FALSE,needs_stats_enrichment,https://fdp.fifa.org/assetspublic/ce281/pdf/SquadLists-English.pdf
Brian Ebenezer Adjei BROBBEY,Netherlands,Sunderland AFC (ENG),Forward,,,,,,,,,,,4.5,55,0.35,1.06,1.0,0.05,0.16,0.78,0.35,https://fdp.fifa.org/assetspublic/ce281/pdf/SquadLists-English.pdf,,https://www.fifa.com/en/tournaments/mens/worldcup/canadamexicousa2026/articles/match-schedule-fixtures-results-teams-stadiums,Official FIFA final squad candidate pool row. Add homogeneous player-stat source before scoring.,Official FIFA final squad — FW/MF candidate pool,https://inside.fifa.com/organisation/media-releases/world-cup-2026-48-squads-confirmed,candidate_pool_no_player_stats_yet,TRUE,2026-06-09,NED,19,FW,BROBBEY Brian,Brian Ebenezer Adjei,BROBBEY,BROBBEY,01/02/2002,181,FALSE,needs_stats_enrichment,https://fdp.fifa.org/assetspublic/ce281/pdf/SquadLists-English.pdf
Crysencio Jilbert Sylverio Cir SUMMERVILLE,Netherlands,West Ham United FC (ENG),Forward,,,,,,,,,,,4.5,55,0.35,1.06,1.0,0.05,0.16,0.78,0.35,https://fdp.fifa.org/assetspublic/ce281/pdf/SquadLists-English.pdf,,https://www.fifa.com/en/tournaments/mens/worldcup/canadamexicousa2026/articles/match-schedule-fixtures-results-teams-stadiums,Official FIFA final squad candidate pool row. Add homogeneous player-stat source before scoring.,Official FIFA final squad — FW/MF candidate pool,https://inside.fifa.com/organisation/media-releases/world-cup-2026-48-squads-confirmed,candidate_pool_no_player_stats_yet,TRUE,2026-06-09,NED,24,FW,SUMMERVILLE Crysencio,Crysencio Jilbert Sylverio Cir,SUMMERVILLE,SUMMERVILLE,30/10/2001,172,FALSE,needs_stats_enrichment,https://fdp.fifa.org/assetspublic/ce281/pdf/SquadLists-English.pdf
Donyell MALEN,Netherlands,AS Roma (ITA),Forward,,,,,,,,,,,4.5,55,0.35,1.06,1.0,0.05,0.16,0.78,0.35,https://fdp.fifa.org/assetspublic/ce281/pdf/SquadLists-English.pdf,,https://www.fifa.com/en/tournaments/mens/worldcup/canadamexicousa2026/articles/match-schedule-fixtures-results-teams-stadiums,Official FIFA final squad candidate pool row. Add homogeneous player-stat source before scoring.,Official FIFA final squad — FW/MF candidate pool,https://inside.fifa.com/organisation/media-releases/world-cup-2026-48-squads-confirmed,candidate_pool_no_player_stats_yet,TRUE,2026-06-09,NED,18,FW,MALEN Donyell,Donyell,MALEN,MALEN,19/01/1999,178,FALSE,needs_stats_enrichment,https://fdp.fifa.org/assetspublic/ce281/pdf/SquadLists-English.pdf
Memphis DEPAY,Netherlands,SC Corinthians (BRA),Forward,,,,,,,,,,,4.5,55,0.35,1.06,1.0,0.05,0.16,0.78,0.35,https://fdp.fifa.org/assetspublic/ce281/pdf/SquadLists-English.pdf,,https://www.fifa.com/en/tournaments/mens/worldcup/canadamexicousa2026/articles/match-schedule-fixtures-results-teams-stadiums,Official FIFA final squad candidate pool row. Add homogeneous player-stat source before scoring.,Official FIFA final squad — FW/MF candidate pool,https://inside.fifa.com/organisation/media-releases/world-cup-2026-48-squads-confirmed,candidate_pool_no_player_stats_yet,TRUE,2026-06-09,NED,10,FW,DEPAY Memphis,Memphis,DEPAY,MEMPHIS,13/02/1994,178,FALSE,needs_stats_enrichment,https://fdp.fifa.org/assetspublic/ce281/pdf/SquadLists-English.pdf
Noa Noëll LANG,Netherlands,Galatasaray SK (TUR),Forward,,,,,,,,,,,4.5,55,0.35,1.06,1.0,0.05,0.16,0.78,0.35,https://fdp.fifa.org/assetspublic/ce281/pdf/SquadLists-English.pdf,,https://www.fifa.com/en/tournaments/mens/worldcup/canadamexicousa2026/articles/match-schedule-fixtures-results-teams-stadiums,Official FIFA final squad candidate pool row. Add homogeneous player-stat source before scoring.,Official FIFA final squad — FW/MF candidate pool,https://inside.fifa.com/organisation/media-releases/world-cup-2026-48-squads-confirmed,candidate_pool_no_player_stats_yet,TRUE,2026-06-09,NED,17,FW,LANG Noa,Noa Noëll,LANG,LANG,17/06/1999,176,FALSE,needs_stats_enrichment,https://fdp.fifa.org/assetspublic/ce281/pdf/SquadLists-English.pdf
Wout François Maria WEGHORST,Netherlands,AFC Ajax (NED),Forward,,,,,,,,,,,4.5,55,0.35,1.06,1.0,0.05,0.16,0.78,0.35,https://fdp.fifa.org/assetspublic/ce281/pdf/SquadLists-English.pdf,,https://www.fifa.com/en/tournaments/mens/worldcup/canadamexicousa2026/articles/match-schedule-fixtures-results-teams-stadiums,Official FIFA final squad candidate pool row. Add homogeneous player-stat source before scoring.,Official FIFA final squad — FW/MF candidate pool,https://inside.fifa.com/organisation/media-releases/world-cup-2026-48-squads-confirmed,candidate_pool_no_player_stats_yet,TRUE,2026-06-09,NED,9,FW,WEGHORST Wout,Wout François Maria,WEGHORST,WEGHORST,07/08/1992,197,FALSE,needs_stats_enrichment,https://fdp.fifa.org/assetspublic/ce281/pdf/SquadLists-English.pdf
Frenkie DE JONG,Netherlands,FC Barcelona (ESP),Midfielder,,,,,,,,,,,4.5,55,0.35,1.06,1.0,0.05,0.16,0.78,0.35,https://fdp.fifa.org/assetspublic/ce281/pdf/SquadLists-English.pdf,,https://www.fifa.com/en/tournaments/mens/worldcup/canadamexicousa2026/articles/match-schedule-fixtures-results-teams-stadiums,Official FIFA final squad candidate pool row. Add homogeneous player-stat source before scoring.,Official FIFA final squad — FW/MF candidate pool,https://inside.fifa.com/organisation/media-releases/world-cup-2026-48-squads-confirmed,candidate_pool_no_player_stats_yet,TRUE,2026-06-09,NED,21,MF,DE JONG Frenkie,Frenkie,DE JONG,F. DE JONG,12/05/1997,181,FALSE,needs_stats_enrichment,https://fdp.fifa.org/assetspublic/ce281/pdf/SquadLists-English.pdf
Guus Berend TIL,Netherlands,PSV Eindhoven (NED),Midfielder,,,,,,,,,,,4.5,55,0.35,1.06,1.0,0.05,0.16,0.78,0.35,https://fdp.fifa.org/assetspublic/ce281/pdf/SquadLists-English.pdf,,https://www.fifa.com/en/tournaments/mens/worldcup/canadamexicousa2026/articles/match-schedule-fixtures-results-teams-stadiums,Official FIFA final squad candidate pool row. Add homogeneous player-stat source before scoring.,Official FIFA final squad — FW/MF candidate pool,https://inside.fifa.com/organisation/media-releases/world-cup-2026-48-squads-confirmed,candidate_pool_no_player_stats_yet,TRUE,2026-06-09,NED,16,MF,TIL Guus,Guus Berend,TIL,TIL,22/12/1997,188,FALSE,needs_stats_enrichment,https://fdp.fifa.org/assetspublic/ce281/pdf/SquadLists-English.pdf
Justin Dean KLUIVERT,Netherlands,AFC Bournemouth (ENG),Midfielder,,,,,,,,,,,4.5,55,0.35,1.06,1.0,0.05,0.16,0.78,0.35,https://fdp.fifa.org/assetspublic/ce281/pdf/SquadLists-English.pdf,,https://www.fifa.com/en/tournaments/mens/worldcup/canadamexicousa2026/articles/match-schedule-fixtures-results-teams-stadiums,Official FIFA final squad candidate pool row. Add homogeneous player-stat source before scoring.,Official FIFA final squad — FW/MF candidate pool,https://inside.fifa.com/organisation/media-releases/world-cup-2026-48-squads-confirmed,candidate_pool_no_player_stats_yet,TRUE,2026-06-09,NED,7,MF,KLUIVERT Justin,Justin Dean,KLUIVERT,KLUIVERT,05/05/1999,173,FALSE,needs_stats_enrichment,https://fdp.fifa.org/assetspublic/ce281/pdf/SquadLists-English.pdf
Marten Elco DE ROON,Netherlands,Atalanta Bergamo (ITA),Midfielder,,,,,,,,,,,4.5,55,0.35,1.06,1.0,0.05,0.16,0.78,0.35,https://fdp.fifa.org/assetspublic/ce281/pdf/SquadLists-English.pdf,,https://www.fifa.com/en/tournaments/mens/worldcup/canadamexicousa2026/articles/match-schedule-fixtures-results-teams-stadiums,Official FIFA final squad candidate pool row. Add homogeneous player-stat source before scoring.,Official FIFA final squad — FW/MF candidate pool,https://inside.fifa.com/organisation/media-releases/world-cup-2026-48-squads-confirmed,candidate_pool_no_player_stats_yet,TRUE,2026-06-09,NED,3,MF,DE ROON Marten,Marten Elco,DE ROON,DE ROON,29/03/1991,186,FALSE,needs_stats_enrichment,https://fdp.fifa.org/assetspublic/ce281/pdf/SquadLists-English.pdf
Quinten Ryan Crispito TIMBER,Netherlands,Olympique Marseille (FRA),Midfielder,,,,,,,,,,,4.5,55,0.35,1.06,1.0,0.05,0.16,0.78,0.35,https://fdp.fifa.org/assetspublic/ce281/pdf/SquadLists-English.pdf,,https://www.fifa.com/en/tournaments/mens/worldcup/canadamexicousa2026/articles/match-schedule-fixtures-results-teams-stadiums,Official FIFA final squad candidate pool row. Add homogeneous player-stat source before scoring.,Official FIFA final squad — FW/MF candidate pool,https://inside.fifa.com/organisation/media-releases/world-cup-2026-48-squads-confirmed,candidate_pool_no_player_stats_yet,TRUE,2026-06-09,NED,26,MF,TIMBER Quinten,Quinten Ryan Crispito,TIMBER,Q. TIMBER,17/06/2001,176,FALSE,needs_stats_enrichment,https://fdp.fifa.org/assetspublic/ce281/pdf/SquadLists-English.pdf
Ryan Jiro GRAVENBERCH,Netherlands,Liverpool FC (ENG),Midfielder,,,,,,,,,,,4.5,55,0.35,1.06,1.0,0.05,0.16,0.78,0.35,https://fdp.fifa.org/assetspublic/ce281/pdf/SquadLists-English.pdf,,https://www.fifa.com/en/tournaments/mens/worldcup/canadamexicousa2026/articles/match-schedule-fixtures-results-teams-stadiums,Official FIFA final squad candidate pool row. Add homogeneous player-stat source before scoring.,Official FIFA final squad — FW/MF candidate pool,https://inside.fifa.com/organisation/media-releases/world-cup-2026-48-squads-confirmed,candidate_pool_no_player_stats_yet,TRUE,2026-06-09,NED,8,MF,GRAVENBERCH Ryan,Ryan Jiro,GRAVENBERCH,GRAVENBERCH,16/05/2002,190,FALSE,needs_stats_enrichment,https://fdp.fifa.org/assetspublic/ce281/pdf/SquadLists-English.pdf
Teun KOOPMEINERS,Netherlands,Juventus FC (ITA),Midfielder,,,,,,,,,,,4.5,55,0.35,1.06,1.0,0.05,0.16,0.78,0.35,https://fdp.fifa.org/assetspublic/ce281/pdf/SquadLists-English.pdf,,https://www.fifa.com/en/tournaments/mens/worldcup/canadamexicousa2026/articles/match-schedule-fixtures-results-teams-stadiums,Official FIFA final squad candidate pool row. Add homogeneous player-stat source before scoring.,Official FIFA final squad — FW/MF candidate pool,https://inside.fifa.com/organisation/media-releases/world-cup-2026-48-squads-confirmed,candidate_pool_no_player_stats_yet,TRUE,2026-06-09,NED,20,MF,KOOPMEINERS Teun,Teun,KOOPMEINERS,KOOPMEINERS,28/02/1998,185,FALSE,needs_stats_enrichment,https://fdp.fifa.org/assetspublic/ce281/pdf/SquadLists-English.pdf
Tijjani Martinus Jan REIJNDERS,Netherlands,Manchester City FC (ENG),Midfielder,,,,,,,,,,,4.5,55,0.35,1.06,1.0,0.05,0.16,0.78,0.35,https://fdp.fifa.org/assetspublic/ce281/pdf/SquadLists-English.pdf,,https://www.fifa.com/en/tournaments/mens/worldcup/canadamexicousa2026/articles/match-schedule-fixtures-results-teams-stadiums,Official FIFA final squad candidate pool row. Add homogeneous player-stat source before scoring.,Official FIFA final squad — FW/MF candidate pool,https://inside.fifa.com/organisation/media-releases/world-cup-2026-48-squads-confirmed,candidate_pool_no_player_stats_yet,TRUE,2026-06-09,NED,14,MF,REIJNDERS Tijjani,Tijjani Martinus Jan,REIJNDERS,REIJNDERS,29/07/1998,178,FALSE,needs_stats_enrichment,https://fdp.fifa.org/assetspublic/ce281/pdf/SquadLists-English.pdf
Benjamin Peter WAINE,New Zealand,Port Vale FC (ENG),Forward,,,,,,,,,,,3.2,55,0.35,1.0,1.0,0.05,0.15,0.78,0.35,https://fdp.fifa.org/assetspublic/ce281/pdf/SquadLists-English.pdf,,https://www.fifa.com/en/tournaments/mens/worldcup/canadamexicousa2026/articles/match-schedule-fixtures-results-teams-stadiums,Official FIFA final squad candidate pool row. Add homogeneous player-stat source before scoring.,Official FIFA final squad — FW/MF candidate pool,https://inside.fifa.com/organisation/media-releases/world-cup-2026-48-squads-confirmed,candidate_pool_no_player_stats_yet,TRUE,2026-06-09,NZL,18,FW,WAINE Ben,Benjamin Peter,WAINE,WAINE,11/06/2001,185,FALSE,needs_stats_enrichment,https://fdp.fifa.org/assetspublic/ce281/pdf/SquadLists-English.pdf
Christopher Grant WOOD,New Zealand,Nottingham Forest FC (ENG),Forward,,,,,,,,,,,3.2,55,0.35,1.0,1.0,0.05,0.15,0.78,0.35,https://fdp.fifa.org/assetspublic/ce281/pdf/SquadLists-English.pdf,,https://www.fifa.com/en/tournaments/mens/worldcup/canadamexicousa2026/articles/match-schedule-fixtures-results-teams-stadiums,Official FIFA final squad candidate pool row. Add homogeneous player-stat source before scoring.,Official FIFA final squad — FW/MF candidate pool,https://inside.fifa.com/organisation/media-releases/world-cup-2026-48-squads-confirmed,candidate_pool_no_player_stats_yet,TRUE,2026-06-09,NZL,9,FW,WOOD Chris,Christopher Grant,WOOD,WOOD,07/12/1991,191,FALSE,needs_stats_enrichment,https://fdp.fifa.org/assetspublic/ce281/pdf/SquadLists-English.pdf
Jesse Carmichael RANDALL,New Zealand,Auckland FC (NZL),Forward,,,,,,,,,,,3.2,55,0.35,1.0,1.0,0.05,0.15,0.78,0.35,https://fdp.fifa.org/assetspublic/ce281/pdf/SquadLists-English.pdf,,https://www.fifa.com/en/tournaments/mens/worldcup/canadamexicousa2026/articles/match-schedule-fixtures-results-teams-stadiums,Official FIFA final squad candidate pool row. Add homogeneous player-stat source before scoring.,Official FIFA final squad — FW/MF candidate pool,https://inside.fifa.com/organisation/media-releases/world-cup-2026-48-squads-confirmed,candidate_pool_no_player_stats_yet,TRUE,2026-06-09,NZL,21,FW,RANDALL Jesse,Jesse Carmichael,RANDALL,RANDALL,19/08/2002,176,FALSE,needs_stats_enrichment,https://fdp.fifa.org/assetspublic/ce281/pdf/SquadLists-English.pdf
Kosta BARBAROUSES,New Zealand,WS Wanderers FC (AUS),Forward,,,,,,,,,,,3.2,55,0.35,1.0,1.0,0.05,0.15,0.78,0.35,https://fdp.fifa.org/assetspublic/ce281/pdf/SquadLists-English.pdf,,https://www.fifa.com/en/tournaments/mens/worldcup/canadamexicousa2026/articles/match-schedule-fixtures-results-teams-stadiums,Official FIFA final squad candidate pool row. Add homogeneous player-stat source before scoring.,Official FIFA final squad — FW/MF candidate pool,https://inside.fifa.com/organisation/media-releases/world-cup-2026-48-squads-confirmed,candidate_pool_no_player_stats_yet,TRUE,2026-06-09,NZL,17,FW,BARBAROUSES Kosta,Kosta,BARBAROUSES,BARBAROUSES,19/02/1990,171,FALSE,needs_stats_enrichment,https://fdp.fifa.org/assetspublic/ce281/pdf/SquadLists-English.pdf
Alex Arthur RUFER,New Zealand,Wellington Phoenix FC (NZL),Midfielder,,,,,,,,,,,3.2,55,0.35,1.0,1.0,0.05,0.15,0.78,0.35,https://fdp.fifa.org/assetspublic/ce281/pdf/SquadLists-English.pdf,,https://www.fifa.com/en/tournaments/mens/worldcup/canadamexicousa2026/articles/match-schedule-fixtures-results-teams-stadiums,Official FIFA final squad candidate pool row. Add homogeneous player-stat source before scoring.,Official FIFA final squad — FW/MF candidate pool,https://inside.fifa.com/organisation/media-releases/world-cup-2026-48-squads-confirmed,candidate_pool_no_player_stats_yet,TRUE,2026-06-09,NZL,14,MF,RUFER Alex,Alex Arthur,RUFER,RUFER,12/06/1996,180,FALSE,needs_stats_enrichment,https://fdp.fifa.org/assetspublic/ce281/pdf/SquadLists-English.pdf
Benjamin Craig OLD,New Zealand,AS Saint-Etienne (FRA),Midfielder,,,,,,,,,,,3.2,55,0.35,1.0,1.0,0.05,0.15,0.78,0.35,https://fdp.fifa.org/assetspublic/ce281/pdf/SquadLists-English.pdf,,https://www.fifa.com/en/tournaments/mens/worldcup/canadamexicousa2026/articles/match-schedule-fixtures-results-teams-stadiums,Official FIFA final squad candidate pool row. Add homogeneous player-stat source before scoring.,Official FIFA final squad — FW/MF candidate pool,https://inside.fifa.com/organisation/media-releases/world-cup-2026-48-squads-confirmed,candidate_pool_no_player_stats_yet,TRUE,2026-06-09,NZL,19,MF,OLD Ben,Benjamin Craig,OLD,OLD,13/08/2002,173,FALSE,needs_stats_enrichment,https://fdp.fifa.org/assetspublic/ce281/pdf/SquadLists-English.pdf
Callum William MCCOWATT,New Zealand,Silkeborg IF (DEN),Midfielder,,,,,,,,,,,3.2,55,0.35,1.0,1.0,0.05,0.15,0.78,0.35,https://fdp.fifa.org/assetspublic/ce281/pdf/SquadLists-English.pdf,,https://www.fifa.com/en/tournaments/mens/worldcup/canadamexicousa2026/articles/match-schedule-fixtures-results-teams-stadiums,Official FIFA final squad candidate pool row. Add homogeneous player-stat source before scoring.,Official FIFA final squad — FW/MF candidate pool,https://inside.fifa.com/organisation/media-releases/world-cup-2026-48-squads-confirmed,candidate_pool_no_player_stats_yet,TRUE,2026-06-09,NZL,20,MF,McCOWATT Callum,Callum William,MCCOWATT,MCCOWATT,30/04/1999,180,FALSE,needs_stats_enrichment,https://fdp.fifa.org/assetspublic/ce281/pdf/SquadLists-English.pdf
Elijah Henry JUST,New Zealand,Motherwell FC (SCO),Midfielder,,,,,,,,,,,3.2,55,0.35,1.0,1.0,0.05,0.15,0.78,0.35,https://fdp.fifa.org/assetspublic/ce281/pdf/SquadLists-English.pdf,,https://www.fifa.com/en/tournaments/mens/worldcup/canadamexicousa2026/articles/match-schedule-fixtures-results-teams-stadiums,Official FIFA final squad candidate pool row. Add homogeneous player-stat source before scoring.,Official FIFA final squad — FW/MF candidate pool,https://inside.fifa.com/organisation/media-releases/world-cup-2026-48-squads-confirmed,candidate_pool_no_player_stats_yet,TRUE,2026-06-09,NZL,11,MF,JUST Elijah,Elijah Henry,JUST,JUST,01/05/2000,176,FALSE,needs_stats_enrichment,https://fdp.fifa.org/assetspublic/ce281/pdf/SquadLists-English.pdf
Joe Zen Robert BELL,New Zealand,Viking Stavanger (NOR),Midfielder,,,,,,,,,,,3.2,55,0.35,1.0,1.0,0.05,0.15,0.78,0.35,https://fdp.fifa.org/assetspublic/ce281/pdf/SquadLists-English.pdf,,https://www.fifa.com/en/tournaments/mens/worldcup/canadamexicousa2026/articles/match-schedule-fixtures-results-teams-stadiums,Official FIFA final squad candidate pool row. Add homogeneous player-stat source before scoring.,Official FIFA final squad — FW/MF candidate pool,https://inside.fifa.com/organisation/media-releases/world-cup-2026-48-squads-confirmed,candidate_pool_no_player_stats_yet,TRUE,2026-06-09,NZL,6,MF,BELL Joe,Joe Zen Robert,BELL,BELL,27/04/1999,182,FALSE,needs_stats_enrichment,https://fdp.fifa.org/assetspublic/ce281/pdf/SquadLists-English.pdf
Lachlan Ryan BAYLISS,New Zealand,Newcastle United Jets FC (AUS),Midfielder,,,,,,,,,,,3.2,55,0.35,1.0,1.0,0.05,0.15,0.78,0.35,https://fdp.fifa.org/assetspublic/ce281/pdf/SquadLists-English.pdf,,https://www.fifa.com/en/tournaments/mens/worldcup/canadamexicousa2026/articles/match-schedule-fixtures-results-teams-stadiums,Official FIFA final squad candidate pool row. Add homogeneous player-stat source before scoring.,Official FIFA final squad — FW/MF candidate pool,https://inside.fifa.com/organisation/media-releases/world-cup-2026-48-squads-confirmed,candidate_pool_no_player_stats_yet,TRUE,2026-06-09,NZL,25,MF,BAYLISS Lachlan,Lachlan Ryan,BAYLISS,BAYLISS,24/07/2002,178,FALSE,needs_stats_enrichment,https://fdp.fifa.org/assetspublic/ce281/pdf/SquadLists-English.pdf
Marko Seufatu Nikola STAMENIC,New Zealand,Swansea City AFC (WAL),Midfielder,,,,,,,,,,,3.2,55,0.35,1.0,1.0,0.05,0.15,0.78,0.35,https://fdp.fifa.org/assetspublic/ce281/pdf/SquadLists-English.pdf,,https://www.fifa.com/en/tournaments/mens/worldcup/canadamexicousa2026/articles/match-schedule-fixtures-results-teams-stadiums,Official FIFA final squad candidate pool row. Add homogeneous player-stat source before scoring.,Official FIFA final squad — FW/MF candidate pool,https://inside.fifa.com/organisation/media-releases/world-cup-2026-48-squads-confirmed,candidate_pool_no_player_stats_yet,TRUE,2026-06-09,NZL,8,MF,STAMENIC Marko,Marko Seufatu Nikola,STAMENIC,STAMENIC,19/02/2002,188,FALSE,needs_stats_enrichment,https://fdp.fifa.org/assetspublic/ce281/pdf/SquadLists-English.pdf
Matthew Jimmy David GARBETT,New Zealand,Peterborough United FC (ENG),Midfielder,,,,,,,,,,,3.2,55,0.35,1.0,1.0,0.05,0.15,0.78,0.35,https://fdp.fifa.org/assetspublic/ce281/pdf/SquadLists-English.pdf,,https://www.fifa.com/en/tournaments/mens/worldcup/canadamexicousa2026/articles/match-schedule-fixtures-results-teams-stadiums,Official FIFA final squad candidate pool row. Add homogeneous player-stat source before scoring.,Official FIFA final squad — FW/MF candidate pool,https://inside.fifa.com/organisation/media-releases/world-cup-2026-48-squads-confirmed,candidate_pool_no_player_stats_yet,TRUE,2026-06-09,NZL,7,MF,GARBETT Matthew,Matthew Jimmy David,GARBETT,GARBETT,13/04/2002,192,FALSE,needs_stats_enrichment,https://fdp.fifa.org/assetspublic/ce281/pdf/SquadLists-English.pdf
Ryan Jared THOMAS,New Zealand,PEC Zwolle (NED),Midfielder,,,,,,,,,,,3.2,55,0.35,1.0,1.0,0.05,0.15,0.78,0.35,https://fdp.fifa.org/assetspublic/ce281/pdf/SquadLists-English.pdf,,https://www.fifa.com/en/tournaments/mens/worldcup/canadamexicousa2026/articles/match-schedule-fixtures-results-teams-stadiums,Official FIFA final squad candidate pool row. Add homogeneous player-stat source before scoring.,Official FIFA final squad — FW/MF candidate pool,https://inside.fifa.com/organisation/media-releases/world-cup-2026-48-squads-confirmed,candidate_pool_no_player_stats_yet,TRUE,2026-06-09,NZL,23,MF,THOMAS Ryan,Ryan Jared,THOMAS,THOMAS,20/12/1994,176,FALSE,needs_stats_enrichment,https://fdp.fifa.org/assetspublic/ce281/pdf/SquadLists-English.pdf
Sarpreet SINGH,New Zealand,Wellington Phoenix FC (NZL),Midfielder,,,,,,,,,,,3.2,55,0.35,1.0,1.0,0.05,0.15,0.78,0.35,https://fdp.fifa.org/assetspublic/ce281/pdf/SquadLists-English.pdf,,https://www.fifa.com/en/tournaments/mens/worldcup/canadamexicousa2026/articles/match-schedule-fixtures-results-teams-stadiums,Official FIFA final squad candidate pool row. Add homogeneous player-stat source before scoring.,Official FIFA final squad — FW/MF candidate pool,https://inside.fifa.com/organisation/media-releases/world-cup-2026-48-squads-confirmed,candidate_pool_no_player_stats_yet,TRUE,2026-06-09,NZL,10,MF,SINGH Sarpreet,Sarpreet,SINGH,SINGH,20/02/1999,180,FALSE,needs_stats_enrichment,https://fdp.fifa.org/assetspublic/ce281/pdf/SquadLists-English.pdf
Alexander SØRLOTH,Norway,Atlético De Madrid (ESP),Forward,,,,,,,,,,,3.8,55,0.35,0.98,0.95,0.05,0.15,0.78,0.35,https://fdp.fifa.org/assetspublic/ce281/pdf/SquadLists-English.pdf,,https://www.fifa.com/en/tournaments/mens/worldcup/canadamexicousa2026/articles/match-schedule-fixtures-results-teams-stadiums,Official FIFA final squad candidate pool row. Add homogeneous player-stat source before scoring.,Official FIFA final squad — FW/MF candidate pool,https://inside.fifa.com/organisation/media-releases/world-cup-2026-48-squads-confirmed,candidate_pool_no_player_stats_yet,TRUE,2026-06-09,NOR,7,FW,SORLOTH Alexander,Alexander,SØRLOTH,SØRLOTH,05/12/1995,196,FALSE,needs_stats_enrichment,https://fdp.fifa.org/assetspublic/ce281/pdf/SquadLists-English.pdf
Antonio Eromonsele Nordby NUSA,Norway,RB Leipzig (GER),Forward,,,,,,,,,,,3.8,55,0.35,0.98,0.95,0.05,0.15,0.78,0.35,https://fdp.fifa.org/assetspublic/ce281/pdf/SquadLists-English.pdf,,https://www.fifa.com/en/tournaments/mens/worldcup/canadamexicousa2026/articles/match-schedule-fixtures-results-teams-stadiums,Official FIFA final squad candidate pool row. Add homogeneous player-stat source before scoring.,Official FIFA final squad — FW/MF candidate pool,https://inside.fifa.com/organisation/media-releases/world-cup-2026-48-squads-confirmed,candidate_pool_no_player_stats_yet,TRUE,2026-06-09,NOR,20,FW,NUSA Antonio,Antonio Eromonsele Nordby,NUSA,NUSA,17/04/2005,183,FALSE,needs_stats_enrichment,https://fdp.fifa.org/assetspublic/ce281/pdf/SquadLists-English.pdf
Julian RYERSON,Norway,Borussia Dortmund (GER),Forward,,,,,,,,,,,3.8,55,0.35,0.98,0.95,0.05,0.15,0.78,0.35,https://fdp.fifa.org/assetspublic/ce281/pdf/SquadLists-English.pdf,,https://www.fifa.com/en/tournaments/mens/worldcup/canadamexicousa2026/articles/match-schedule-fixtures-results-teams-stadiums,Official FIFA final squad candidate pool row. Add homogeneous player-stat source before scoring.,Official FIFA final squad — FW/MF candidate pool,https://inside.fifa.com/organisation/media-releases/world-cup-2026-48-squads-confirmed,candidate_pool_no_player_stats_yet,TRUE,2026-06-09,NOR,26,FW,RYERSON Julian,Julian,RYERSON,RYERSON,17/11/1997,186,FALSE,needs_stats_enrichment,https://fdp.fifa.org/assetspublic/ce281/pdf/SquadLists-English.pdf
Jørgen Strand LARSEN,Norway,Crystal Palace FC (ENG),Forward,,,,,,,,,,,3.8,55,0.35,0.98,0.95,0.05,0.15,0.78,0.35,https://fdp.fifa.org/assetspublic/ce281/pdf/SquadLists-English.pdf,,https://www.fifa.com/en/tournaments/mens/worldcup/canadamexicousa2026/articles/match-schedule-fixtures-results-teams-stadiums,Official FIFA final squad candidate pool row. Add homogeneous player-stat source before scoring.,Official FIFA final squad — FW/MF candidate pool,https://inside.fifa.com/organisation/media-releases/world-cup-2026-48-squads-confirmed,candidate_pool_no_player_stats_yet,TRUE,2026-06-09,NOR,11,FW,STRAND LARSEN Jorgen,Jørgen Strand,LARSEN,STRAND LARSEN,06/02/2000,193,FALSE,needs_stats_enrichment,https://fdp.fifa.org/assetspublic/ce281/pdf/SquadLists-English.pdf
Andreas Rædergård SCHJELDERUP,Norway,SL Ben ca (POR),Midfielder,,,,,,,,,,,3.8,55,0.35,0.98,0.95,0.05,0.15,0.78,0.35,https://fdp.fifa.org/assetspublic/ce281/pdf/SquadLists-English.pdf,,https://www.fifa.com/en/tournaments/mens/worldcup/canadamexicousa2026/articles/match-schedule-fixtures-results-teams-stadiums,Official FIFA final squad candidate pool row. Add homogeneous player-stat source before scoring.,Official FIFA final squad — FW/MF candidate pool,https://inside.fifa.com/organisation/media-releases/world-cup-2026-48-squads-confirmed,candidate_pool_no_player_stats_yet,TRUE,2026-06-09,NOR,21,MF,SCHJELDERUP Andreas,Andreas Rædergård,SCHJELDERUP,SCHJELDERUP,01/06/2004,177,FALSE,needs_stats_enrichment,https://fdp.fifa.org/assetspublic/ce281/pdf/SquadLists-English.pdf
Fredrik AURSNES,Norway,SL Ben ca (POR),Midfielder,,,,,,,,,,,3.8,55,0.35,0.98,0.95,0.05,0.15,0.78,0.35,https://fdp.fifa.org/assetspublic/ce281/pdf/SquadLists-English.pdf,,https://www.fifa.com/en/tournaments/mens/worldcup/canadamexicousa2026/articles/match-schedule-fixtures-results-teams-stadiums,Official FIFA final squad candidate pool row. Add homogeneous player-stat source before scoring.,Official FIFA final squad — FW/MF candidate pool,https://inside.fifa.com/organisation/media-releases/world-cup-2026-48-squads-confirmed,candidate_pool_no_player_stats_yet,TRUE,2026-06-09,NOR,14,MF,AURSNES Fredrik,Fredrik,AURSNES,AURSNES,10/12/1995,181,FALSE,needs_stats_enrichment,https://fdp.fifa.org/assetspublic/ce281/pdf/SquadLists-English.pdf
Jens Petter HAUGE,Norway,FK Bodø/Glimt (NOR),Midfielder,,,,,,,,,,,3.8,55,0.35,0.98,0.95,0.05,0.15,0.78,0.35,https://fdp.fifa.org/assetspublic/ce281/pdf/SquadLists-English.pdf,,https://www.fifa.com/en/tournaments/mens/worldcup/canadamexicousa2026/articles/match-schedule-fixtures-results-teams-stadiums,Official FIFA final squad candidate pool row. Add homogeneous player-stat source before scoring.,Official FIFA final squad — FW/MF candidate pool,https://inside.fifa.com/organisation/media-releases/world-cup-2026-48-squads-confirmed,candidate_pool_no_player_stats_yet,TRUE,2026-06-09,NOR,23,MF,HAUGE Jens Petter,Jens Petter,HAUGE,HAUGE,12/10/1999,184,FALSE,needs_stats_enrichment,https://fdp.fifa.org/assetspublic/ce281/pdf/SquadLists-English.pdf
Kristian THORSTVEDT,Norway,US Sassuolo (ITA),Midfielder,,,,,,,,,,,3.8,55,0.35,0.98,0.95,0.05,0.15,0.78,0.35,https://fdp.fifa.org/assetspublic/ce281/pdf/SquadLists-English.pdf,,https://www.fifa.com/en/tournaments/mens/worldcup/canadamexicousa2026/articles/match-schedule-fixtures-results-teams-stadiums,Official FIFA final squad candidate pool row. Add homogeneous player-stat source before scoring.,Official FIFA final squad — FW/MF candidate pool,https://inside.fifa.com/organisation/media-releases/world-cup-2026-48-squads-confirmed,candidate_pool_no_player_stats_yet,TRUE,2026-06-09,NOR,18,MF,THORSTVEDT Kristian,Kristian,THORSTVEDT,THORSTVEDT,13/03/1999,189,FALSE,needs_stats_enrichment,https://fdp.fifa.org/assetspublic/ce281/pdf/SquadLists-English.pdf
Martín ØDEGAARD,Norway,Arsenal FC (ENG),Midfielder,,,,,,,,,,,3.8,55,0.35,0.98,0.95,0.05,0.15,0.78,0.35,https://fdp.fifa.org/assetspublic/ce281/pdf/SquadLists-English.pdf,,https://www.fifa.com/en/tournaments/mens/worldcup/canadamexicousa2026/articles/match-schedule-fixtures-results-teams-stadiums,Official FIFA final squad candidate pool row. Add homogeneous player-stat source before scoring.,Official FIFA final squad — FW/MF candidate pool,https://inside.fifa.com/organisation/media-releases/world-cup-2026-48-squads-confirmed,candidate_pool_no_player_stats_yet,TRUE,2026-06-09,NOR,10,MF,ODEGAARD Martin,Martín,ØDEGAARD,ØDEGAARD,17/12/1998,178,FALSE,needs_stats_enrichment,https://fdp.fifa.org/assetspublic/ce281/pdf/SquadLists-English.pdf
Morten THORSBY,Norway,US Cremonese (ITA),Midfielder,,,,,,,,,,,3.8,55,0.35,0.98,0.95,0.05,0.15,0.78,0.35,https://fdp.fifa.org/assetspublic/ce281/pdf/SquadLists-English.pdf,,https://www.fifa.com/en/tournaments/mens/worldcup/canadamexicousa2026/articles/match-schedule-fixtures-results-teams-stadiums,Official FIFA final squad candidate pool row. Add homogeneous player-stat source before scoring.,Official FIFA final squad — FW/MF candidate pool,https://inside.fifa.com/organisation/media-releases/world-cup-2026-48-squads-confirmed,candidate_pool_no_player_stats_yet,TRUE,2026-06-09,NOR,2,MF,THORSBY Morten,Morten,THORSBY,THORSBY,05/05/1996,188,FALSE,needs_stats_enrichment,https://fdp.fifa.org/assetspublic/ce281/pdf/SquadLists-English.pdf
Oscar BOBB,Norway,Fulham FC (ENG),Midfielder,,,,,,,,,,,3.8,55,0.35,0.98,0.95,0.05,0.15,0.78,0.35,https://fdp.fifa.org/assetspublic/ce281/pdf/SquadLists-English.pdf,,https://www.fifa.com/en/tournaments/mens/worldcup/canadamexicousa2026/articles/match-schedule-fixtures-results-teams-stadiums,Official FIFA final squad candidate pool row. Add homogeneous player-stat source before scoring.,Official FIFA final squad — FW/MF candidate pool,https://inside.fifa.com/organisation/media-releases/world-cup-2026-48-squads-confirmed,candidate_pool_no_player_stats_yet,TRUE,2026-06-09,NOR,22,MF,BOBB Oscar,Oscar,BOBB,BOBB,12/07/2003,177,FALSE,needs_stats_enrichment,https://fdp.fifa.org/assetspublic/ce281/pdf/SquadLists-English.pdf
Patrick BERG,Norway,FK Bodø/Glimt (NOR),Midfielder,,,,,,,,,,,3.8,55,0.35,0.98,0.95,0.05,0.15,0.78,0.35,https://fdp.fifa.org/assetspublic/ce281/pdf/SquadLists-English.pdf,,https://www.fifa.com/en/tournaments/mens/worldcup/canadamexicousa2026/articles/match-schedule-fixtures-results-teams-stadiums,Official FIFA final squad candidate pool row. Add homogeneous player-stat source before scoring.,Official FIFA final squad — FW/MF candidate pool,https://inside.fifa.com/organisation/media-releases/world-cup-2026-48-squads-confirmed,candidate_pool_no_player_stats_yet,TRUE,2026-06-09,NOR,6,MF,BERG Patrick,Patrick,BERG,BERG,24/11/1997,178,FALSE,needs_stats_enrichment,https://fdp.fifa.org/assetspublic/ce281/pdf/SquadLists-English.pdf
Sander Gard Bolin BERGE,Norway,Fulham FC (ENG),Midfielder,,,,,,,,,,,3.8,55,0.35,0.98,0.95,0.05,0.15,0.78,0.35,https://fdp.fifa.org/assetspublic/ce281/pdf/SquadLists-English.pdf,,https://www.fifa.com/en/tournaments/mens/worldcup/canadamexicousa2026/articles/match-schedule-fixtures-results-teams-stadiums,Official FIFA final squad candidate pool row. Add homogeneous player-stat source before scoring.,Official FIFA final squad — FW/MF candidate pool,https://inside.fifa.com/organisation/media-releases/world-cup-2026-48-squads-confirmed,candidate_pool_no_player_stats_yet,TRUE,2026-06-09,NOR,8,MF,BERGE Sander,Sander Gard Bolin,BERGE,BERGE,14/02/1998,195,FALSE,needs_stats_enrichment,https://fdp.fifa.org/assetspublic/ce281/pdf/SquadLists-English.pdf
Thelonious Gerard AASGAARD,Norway,Rangers FC (SCO),Midfielder,,,,,,,,,,,3.8,55,0.35,0.98,0.95,0.05,0.15,0.78,0.35,https://fdp.fifa.org/assetspublic/ce281/pdf/SquadLists-English.pdf,,https://www.fifa.com/en/tournaments/mens/worldcup/canadamexicousa2026/articles/match-schedule-fixtures-results-teams-stadiums,Official FIFA final squad candidate pool row. Add homogeneous player-stat source before scoring.,Official FIFA final squad — FW/MF candidate pool,https://inside.fifa.com/organisation/media-releases/world-cup-2026-48-squads-confirmed,candidate_pool_no_player_stats_yet,TRUE,2026-06-09,NOR,19,MF,AASGAARD Thelo,Thelonious Gerard,AASGAARD,AASGAARD,02/05/2002,188,FALSE,needs_stats_enrichment,https://fdp.fifa.org/assetspublic/ce281/pdf/SquadLists-English.pdf
Azarias Emmanuel LONDOÑO GONZALEZ,Panama,CD Universidad Católica (ECU),Forward,,,,,,,,,,,3.2,55,0.35,1.0,1.0,0.05,0.15,0.78,0.35,https://fdp.fifa.org/assetspublic/ce281/pdf/SquadLists-English.pdf,,https://www.fifa.com/en/tournaments/mens/worldcup/canadamexicousa2026/articles/match-schedule-fixtures-results-teams-stadiums,Official FIFA final squad candidate pool row. Add homogeneous player-stat source before scoring.,Official FIFA final squad — FW/MF candidate pool,https://inside.fifa.com/organisation/media-releases/world-cup-2026-48-squads-confirmed,candidate_pool_no_player_stats_yet,TRUE,2026-06-09,PAN,24,FW,LONDONO Azarias,Azarias Emmanuel,LONDOÑO GONZALEZ,LONDOÑO,21/06/2001,185,FALSE,needs_stats_enrichment,https://fdp.fifa.org/assetspublic/ce281/pdf/SquadLists-English.pdf
Cecilio Alfonso WATERMAN RUIZ,Panama,CD Universidad De Concepción (CHI),Forward,,,,,,,,,,,3.2,55,0.35,1.0,1.0,0.05,0.15,0.78,0.35,https://fdp.fifa.org/assetspublic/ce281/pdf/SquadLists-English.pdf,,https://www.fifa.com/en/tournaments/mens/worldcup/canadamexicousa2026/articles/match-schedule-fixtures-results-teams-stadiums,Official FIFA final squad candidate pool row. Add homogeneous player-stat source before scoring.,Official FIFA final squad — FW/MF candidate pool,https://inside.fifa.com/organisation/media-releases/world-cup-2026-48-squads-confirmed,candidate_pool_no_player_stats_yet,TRUE,2026-06-09,PAN,18,FW,WATERMAN Cecilio,Cecilio Alfonso,WATERMAN RUIZ,WATERMAN,13/04/1991,180,FALSE,needs_stats_enrichment,https://fdp.fifa.org/assetspublic/ce281/pdf/SquadLists-English.pdf
José FAJARDO NELSON,Panama,CD Universidad Católica (ECU),Forward,,,,,,,,,,,3.2,55,0.35,1.0,1.0,0.05,0.15,0.78,0.35,https://fdp.fifa.org/assetspublic/ce281/pdf/SquadLists-English.pdf,,https://www.fifa.com/en/tournaments/mens/worldcup/canadamexicousa2026/articles/match-schedule-fixtures-results-teams-stadiums,Official FIFA final squad candidate pool row. Add homogeneous player-stat source before scoring.,Official FIFA final squad — FW/MF candidate pool,https://inside.fifa.com/organisation/media-releases/world-cup-2026-48-squads-confirmed,candidate_pool_no_player_stats_yet,TRUE,2026-06-09,PAN,17,FW,FAJARDO Jose,José,FAJARDO NELSON,FAJARDO,18/08/1993,184,FALSE,needs_stats_enrichment,https://fdp.fifa.org/assetspublic/ce281/pdf/SquadLists-English.pdf
Tomas Abdiel RODRIGUEZ MENA,Panama,Deportivo Saprissa (CRC),Forward,,,,,,,,,,,3.2,55,0.35,1.0,1.0,0.05,0.15,0.78,0.35,https://fdp.fifa.org/assetspublic/ce281/pdf/SquadLists-English.pdf,,https://www.fifa.com/en/tournaments/mens/worldcup/canadamexicousa2026/articles/match-schedule-fixtures-results-teams-stadiums,Official FIFA final squad candidate pool row. Add homogeneous player-stat source before scoring.,Official FIFA final squad — FW/MF candidate pool,https://inside.fifa.com/organisation/media-releases/world-cup-2026-48-squads-confirmed,candidate_pool_no_player_stats_yet,TRUE,2026-06-09,PAN,9,FW,RODRIGUEZ Tomas,Tomas Abdiel,RODRIGUEZ MENA,T. RODRÍGUEZ,09/03/1999,183,FALSE,needs_stats_enrichment,https://fdp.fifa.org/assetspublic/ce281/pdf/SquadLists-English.pdf
Adalberto Eliecer CARRASQUILLA ALCAZAR,Panama,Pumas UNAM (MEX),Midfielder,,,,,,,,,,,3.2,55,0.35,1.0,1.0,0.05,0.15,0.78,0.35,https://fdp.fifa.org/assetspublic/ce281/pdf/SquadLists-English.pdf,,https://www.fifa.com/en/tournaments/mens/worldcup/canadamexicousa2026/articles/match-schedule-fixtures-results-teams-stadiums,Official FIFA final squad candidate pool row. Add homogeneous player-stat source before scoring.,Official FIFA final squad — FW/MF candidate pool,https://inside.fifa.com/organisation/media-releases/world-cup-2026-48-squads-confirmed,candidate_pool_no_player_stats_yet,TRUE,2026-06-09,PAN,8,MF,CARRASQUILLA Adalberto,Adalberto Eliecer,CARRASQUILLA ALCAZAR,CARRASQUILLA,28/11/1998,171,FALSE,needs_stats_enrichment,https://fdp.fifa.org/assetspublic/ce281/pdf/SquadLists-English.pdf
Alberto Abdiel QUINTERO MEDINA,Panama,CD Plaza Amador (PAN),Midfielder,,,,,,,,,,,3.2,55,0.35,1.0,1.0,0.05,0.15,0.78,0.35,https://fdp.fifa.org/assetspublic/ce281/pdf/SquadLists-English.pdf,,https://www.fifa.com/en/tournaments/mens/worldcup/canadamexicousa2026/articles/match-schedule-fixtures-results-teams-stadiums,Official FIFA final squad candidate pool row. Add homogeneous player-stat source before scoring.,Official FIFA final squad — FW/MF candidate pool,https://inside.fifa.com/organisation/media-releases/world-cup-2026-48-squads-confirmed,candidate_pool_no_player_stats_yet,TRUE,2026-06-09,PAN,19,MF,QUINTERO Alberto,Alberto Abdiel,QUINTERO MEDINA,QUINTERO,18/12/1987,165,FALSE,needs_stats_enrichment,https://fdp.fifa.org/assetspublic/ce281/pdf/SquadLists-English.pdf
Aníbal Casis GODOY LEMUS,Panama,San Diego FC (USA),Midfielder,,,,,,,,,,,3.2,55,0.35,1.0,1.0,0.05,0.15,0.78,0.35,https://fdp.fifa.org/assetspublic/ce281/pdf/SquadLists-English.pdf,,https://www.fifa.com/en/tournaments/mens/worldcup/canadamexicousa2026/articles/match-schedule-fixtures-results-teams-stadiums,Official FIFA final squad candidate pool row. Add homogeneous player-stat source before scoring.,Official FIFA final squad — FW/MF candidate pool,https://inside.fifa.com/organisation/media-releases/world-cup-2026-48-squads-confirmed,candidate_pool_no_player_stats_yet,TRUE,2026-06-09,PAN,20,MF,GODOY Anibal,Aníbal Casis,GODOY LEMUS,GODOY,10/02/1990,184,FALSE,needs_stats_enrichment,https://fdp.fifa.org/assetspublic/ce281/pdf/SquadLists-English.pdf
Cristian Jesus MARTÍNEZ,Panama,Hapoel Kiryat Shmona FC (ISR),Midfielder,,,,,,,,,,,3.2,55,0.35,1.0,1.0,0.05,0.15,0.78,0.35,https://fdp.fifa.org/assetspublic/ce281/pdf/SquadLists-English.pdf,,https://www.fifa.com/en/tournaments/mens/worldcup/canadamexicousa2026/articles/match-schedule-fixtures-results-teams-stadiums,Official FIFA final squad candidate pool row. Add homogeneous player-stat source before scoring.,Official FIFA final squad — FW/MF candidate pool,https://inside.fifa.com/organisation/media-releases/world-cup-2026-48-squads-confirmed,candidate_pool_no_player_stats_yet,TRUE,2026-06-09,PAN,6,MF,MARTINEZ Cristian,Cristian Jesus,MARTÍNEZ,MARTÍNEZ,06/02/1997,170,FALSE,needs_stats_enrichment,https://fdp.fifa.org/assetspublic/ce281/pdf/SquadLists-English.pdf
César Augusto YANIS VELASCO,Panama,CD Cobresal (CHI),Midfielder,,,,,,,,,,,3.2,55,0.35,1.0,1.0,0.05,0.15,0.78,0.35,https://fdp.fifa.org/assetspublic/ce281/pdf/SquadLists-English.pdf,,https://www.fifa.com/en/tournaments/mens/worldcup/canadamexicousa2026/articles/match-schedule-fixtures-results-teams-stadiums,Official FIFA final squad candidate pool row. Add homogeneous player-stat source before scoring.,Official FIFA final squad — FW/MF candidate pool,https://inside.fifa.com/organisation/media-releases/world-cup-2026-48-squads-confirmed,candidate_pool_no_player_stats_yet,TRUE,2026-06-09,PAN,21,MF,YANIS Cesar,César Augusto,YANIS VELASCO,YANIS,28/01/1996,160,FALSE,needs_stats_enrichment,https://fdp.fifa.org/assetspublic/ce281/pdf/SquadLists-English.pdf
Ismael DÍAZ DE LEON,Panama,Club León (MEX),Midfielder,,,,,,,,,,,3.2,55,0.35,1.0,1.0,0.05,0.15,0.78,0.35,https://fdp.fifa.org/assetspublic/ce281/pdf/SquadLists-English.pdf,,https://www.fifa.com/en/tournaments/mens/worldcup/canadamexicousa2026/articles/match-schedule-fixtures-results-teams-stadiums,Official FIFA final squad candidate pool row. Add homogeneous player-stat source before scoring.,Official FIFA final squad — FW/MF candidate pool,https://inside.fifa.com/organisation/media-releases/world-cup-2026-48-squads-confirmed,candidate_pool_no_player_stats_yet,TRUE,2026-06-09,PAN,10,MF,DIAZ Ismael,Ismael,DÍAZ DE LEON,ISMAEL,12/05/1997,184,FALSE,needs_stats_enrichment,https://fdp.fifa.org/assetspublic/ce281/pdf/SquadLists-English.pdf
José Luis RODRÍGUEZ FRANCIS,Panama,FC Juárez (MEX),Midfielder,,,,,,,,,,,3.2,55,0.35,1.0,1.0,0.05,0.15,0.78,0.35,https://fdp.fifa.org/assetspublic/ce281/pdf/SquadLists-English.pdf,,https://www.fifa.com/en/tournaments/mens/worldcup/canadamexicousa2026/articles/match-schedule-fixtures-results-teams-stadiums,Official FIFA final squad candidate pool row. Add homogeneous player-stat source before scoring.,Official FIFA final squad — FW/MF candidate pool,https://inside.fifa.com/organisation/media-releases/world-cup-2026-48-squads-confirmed,candidate_pool_no_player_stats_yet,TRUE,2026-06-09,PAN,7,MF,RODRIGUEZ Jose Luis,José Luis,RODRÍGUEZ FRANCIS,J.L. RODRÍGUEZ,19/06/1998,180,FALSE,needs_stats_enrichment,https://fdp.fifa.org/assetspublic/ce281/pdf/SquadLists-English.pdf
Édgar Yoel BÁRCENAS HERRERA,Panama,Mazatlán FC (MEX),Midfielder,,,,,,,,,,,3.2,55,0.35,1.0,1.0,0.05,0.15,0.78,0.35,https://fdp.fifa.org/assetspublic/ce281/pdf/SquadLists-English.pdf,,https://www.fifa.com/en/tournaments/mens/worldcup/canadamexicousa2026/articles/match-schedule-fixtures-results-teams-stadiums,Official FIFA final squad candidate pool row. Add homogeneous player-stat source before scoring.,Official FIFA final squad — FW/MF candidate pool,https://inside.fifa.com/organisation/media-releases/world-cup-2026-48-squads-confirmed,candidate_pool_no_player_stats_yet,TRUE,2026-06-09,PAN,11,MF,BARCENAS Edgar Yoel,Édgar Yoel,BÁRCENAS HERRERA,BÁRCENAS,23/10/1993,175,FALSE,needs_stats_enrichment,https://fdp.fifa.org/assetspublic/ce281/pdf/SquadLists-English.pdf
Alejandro Sebastian ROMERO GAMARRA,Paraguay,Al Ain FC (UAE),Forward,,,,,,,,,,,3.2,55,0.35,1.0,1.0,0.05,0.15,0.78,0.35,https://fdp.fifa.org/assetspublic/ce281/pdf/SquadLists-English.pdf,,https://www.fifa.com/en/tournaments/mens/worldcup/canadamexicousa2026/articles/match-schedule-fixtures-results-teams-stadiums,Official FIFA final squad candidate pool row. Add homogeneous player-stat source before scoring.,Official FIFA final squad — FW/MF candidate pool,https://inside.fifa.com/organisation/media-releases/world-cup-2026-48-squads-confirmed,candidate_pool_no_player_stats_yet,TRUE,2026-06-09,PAR,17,FW,ROMERO GAMARRA Alejandro,Alejandro Sebastian,ROMERO GAMARRA,R. GAMARRA,11/01/1995,165,FALSE,needs_stats_enrichment,https://fdp.fifa.org/assetspublic/ce281/pdf/SquadLists-English.pdf
Alex Adrian ARCE BARRIOS,Paraguay,CS Independiente Rivadavia (ARG),Forward,,,,,,,,,,,3.2,55,0.35,1.0,1.0,0.05,0.15,0.78,0.35,https://fdp.fifa.org/assetspublic/ce281/pdf/SquadLists-English.pdf,,https://www.fifa.com/en/tournaments/mens/worldcup/canadamexicousa2026/articles/match-schedule-fixtures-results-teams-stadiums,Official FIFA final squad candidate pool row. Add homogeneous player-stat source before scoring.,Official FIFA final squad — FW/MF candidate pool,https://inside.fifa.com/organisation/media-releases/world-cup-2026-48-squads-confirmed,candidate_pool_no_player_stats_yet,TRUE,2026-06-09,PAR,18,FW,ARCE Alex,Alex Adrian,ARCE BARRIOS,ARCE,16/06/1995,188,FALSE,needs_stats_enrichment,https://fdp.fifa.org/assetspublic/ce281/pdf/SquadLists-English.pdf
Arnaldo Antonio SANABRIA AYALA,Paraguay,US Cremonese (ITA),Forward,,,,,,,,,,,3.2,55,0.35,1.0,1.0,0.05,0.15,0.78,0.35,https://fdp.fifa.org/assetspublic/ce281/pdf/SquadLists-English.pdf,,https://www.fifa.com/en/tournaments/mens/worldcup/canadamexicousa2026/articles/match-schedule-fixtures-results-teams-stadiums,Official FIFA final squad candidate pool row. Add homogeneous player-stat source before scoring.,Official FIFA final squad — FW/MF candidate pool,https://inside.fifa.com/organisation/media-releases/world-cup-2026-48-squads-confirmed,candidate_pool_no_player_stats_yet,TRUE,2026-06-09,PAR,9,FW,SANABRIA Antonio,Arnaldo Antonio,SANABRIA AYALA,SANABRIA,04/03/1996,180,FALSE,needs_stats_enrichment,https://fdp.fifa.org/assetspublic/ce281/pdf/SquadLists-English.pdf
Gabriel AVALOS STUMPFS,Paraguay,CA Independiente (ARG),Forward,,,,,,,,,,,3.2,55,0.35,1.0,1.0,0.05,0.15,0.78,0.35,https://fdp.fifa.org/assetspublic/ce281/pdf/SquadLists-English.pdf,,https://www.fifa.com/en/tournaments/mens/worldcup/canadamexicousa2026/articles/match-schedule-fixtures-results-teams-stadiums,Official FIFA final squad candidate pool row. Add homogeneous player-stat source before scoring.,Official FIFA final squad — FW/MF candidate pool,https://inside.fifa.com/organisation/media-releases/world-cup-2026-48-squads-confirmed,candidate_pool_no_player_stats_yet,TRUE,2026-06-09,PAR,21,FW,AVALOS Gabriel,Gabriel,AVALOS STUMPFS,AVALOS,09/07/1991,185,FALSE,needs_stats_enrichment,https://fdp.fifa.org/assetspublic/ce281/pdf/SquadLists-English.pdf
Isidro Miguel PITTA SALDIVAR,Paraguay,Red Bull Bragantino (BRA),Forward,,,,,,,,,,,3.2,55,0.35,1.0,1.0,0.05,0.15,0.78,0.35,https://fdp.fifa.org/assetspublic/ce281/pdf/SquadLists-English.pdf,,https://www.fifa.com/en/tournaments/mens/worldcup/canadamexicousa2026/articles/match-schedule-fixtures-results-teams-stadiums,Official FIFA final squad candidate pool row. Add homogeneous player-stat source before scoring.,Official FIFA final squad — FW/MF candidate pool,https://inside.fifa.com/organisation/media-releases/world-cup-2026-48-squads-confirmed,candidate_pool_no_player_stats_yet,TRUE,2026-06-09,PAR,25,FW,PITTA Isidro,Isidro Miguel,PITTA SALDIVAR,PITTA,14/08/1999,185,FALSE,needs_stats_enrichment,https://fdp.fifa.org/assetspublic/ce281/pdf/SquadLists-English.pdf
Julio Cesar ENCISO ESPINOLA,Paraguay,RC Strasbourg (FRA),Forward,,,,,,,,,,,3.2,55,0.35,1.0,1.0,0.05,0.15,0.78,0.35,https://fdp.fifa.org/assetspublic/ce281/pdf/SquadLists-English.pdf,,https://www.fifa.com/en/tournaments/mens/worldcup/canadamexicousa2026/articles/match-schedule-fixtures-results-teams-stadiums,Official FIFA final squad candidate pool row. Add homogeneous player-stat source before scoring.,Official FIFA final squad — FW/MF candidate pool,https://inside.fifa.com/organisation/media-releases/world-cup-2026-48-squads-confirmed,candidate_pool_no_player_stats_yet,TRUE,2026-06-09,PAR,19,FW,ENCISO Julio,Julio Cesar,ENCISO ESPINOLA,ENCISO,23/01/2004,168,FALSE,needs_stats_enrichment,https://fdp.fifa.org/assetspublic/ce281/pdf/SquadLists-English.pdf
Adrián Andrés CUBAS,Paraguay,Vancouver Whitecaps FC (CAN),Midfielder,,,,,,,,,,,3.2,55,0.35,1.0,1.0,0.05,0.15,0.78,0.35,https://fdp.fifa.org/assetspublic/ce281/pdf/SquadLists-English.pdf,,https://www.fifa.com/en/tournaments/mens/worldcup/canadamexicousa2026/articles/match-schedule-fixtures-results-teams-stadiums,Official FIFA final squad candidate pool row. Add homogeneous player-stat source before scoring.,Official FIFA final squad — FW/MF candidate pool,https://inside.fifa.com/organisation/media-releases/world-cup-2026-48-squads-confirmed,candidate_pool_no_player_stats_yet,TRUE,2026-06-09,PAR,14,MF,CUBAS Andres,Adrián Andrés,CUBAS,CUBAS,11/05/1996,166,FALSE,needs_stats_enrichment,https://fdp.fifa.org/assetspublic/ce281/pdf/SquadLists-English.pdf
Braian Oscar OJEDA RODRIGUEZ,Paraguay,Orlando City SC (USA),Midfielder,,,,,,,,,,,3.2,55,0.35,1.0,1.0,0.05,0.15,0.78,0.35,https://fdp.fifa.org/assetspublic/ce281/pdf/SquadLists-English.pdf,,https://www.fifa.com/en/tournaments/mens/worldcup/canadamexicousa2026/articles/match-schedule-fixtures-results-teams-stadiums,Official FIFA final squad candidate pool row. Add homogeneous player-stat source before scoring.,Official FIFA final squad — FW/MF candidate pool,https://inside.fifa.com/organisation/media-releases/world-cup-2026-48-squads-confirmed,candidate_pool_no_player_stats_yet,TRUE,2026-06-09,PAR,20,MF,OJEDA Braian,Braian Oscar,OJEDA RODRIGUEZ,OJEDA,27/06/2000,173,FALSE,needs_stats_enrichment,https://fdp.fifa.org/assetspublic/ce281/pdf/SquadLists-English.pdf
Damián Josue BOBADILLA BENITEZ,Paraguay,São Paulo FC (BRA),Midfielder,,,,,,,,,,,3.2,55,0.35,1.0,1.0,0.05,0.15,0.78,0.35,https://fdp.fifa.org/assetspublic/ce281/pdf/SquadLists-English.pdf,,https://www.fifa.com/en/tournaments/mens/worldcup/canadamexicousa2026/articles/match-schedule-fixtures-results-teams-stadiums,Official FIFA final squad candidate pool row. Add homogeneous player-stat source before scoring.,Official FIFA final squad — FW/MF candidate pool,https://inside.fifa.com/organisation/media-releases/world-cup-2026-48-squads-confirmed,candidate_pool_no_player_stats_yet,TRUE,2026-06-09,PAR,16,MF,BOBADILLA Damian,Damián Josue,BOBADILLA BENITEZ,BOBADILLA,11/07/2001,180,FALSE,needs_stats_enrichment,https://fdp.fifa.org/assetspublic/ce281/pdf/SquadLists-English.pdf
Diego Alexander GOMEZ AMARILLA,Paraguay,Brighton & Hove Albion FC (ENG),Midfielder,,,,,,,,,,,3.2,55,0.35,1.0,1.0,0.05,0.15,0.78,0.35,https://fdp.fifa.org/assetspublic/ce281/pdf/SquadLists-English.pdf,,https://www.fifa.com/en/tournaments/mens/worldcup/canadamexicousa2026/articles/match-schedule-fixtures-results-teams-stadiums,Official FIFA final squad candidate pool row. Add homogeneous player-stat source before scoring.,Official FIFA final squad — FW/MF candidate pool,https://inside.fifa.com/organisation/media-releases/world-cup-2026-48-squads-confirmed,candidate_pool_no_player_stats_yet,TRUE,2026-06-09,PAR,8,MF,GOMEZ Diego,Diego Alexander,GOMEZ AMARILLA,D. GÓMEZ,27/03/2003,183,FALSE,needs_stats_enrichment,https://fdp.fifa.org/assetspublic/ce281/pdf/SquadLists-English.pdf
Gustavo Ruben CABALLERO GONZALEZ,Paraguay,Portsmouth FC (ENG),Midfielder,,,,,,,,,,,3.2,55,0.35,1.0,1.0,0.05,0.15,0.78,0.35,https://fdp.fifa.org/assetspublic/ce281/pdf/SquadLists-English.pdf,,https://www.fifa.com/en/tournaments/mens/worldcup/canadamexicousa2026/articles/match-schedule-fixtures-results-teams-stadiums,Official FIFA final squad candidate pool row. Add homogeneous player-stat source before scoring.,Official FIFA final squad — FW/MF candidate pool,https://inside.fifa.com/organisation/media-releases/world-cup-2026-48-squads-confirmed,candidate_pool_no_player_stats_yet,TRUE,2026-06-09,PAR,24,MF,CABALLERO Gustavo,Gustavo Ruben,CABALLERO GONZALEZ,CABALLERO,21/09/2001,189,FALSE,needs_stats_enrichment,https://fdp.fifa.org/assetspublic/ce281/pdf/SquadLists-English.pdf
Matias GALARZA FONDA,Paraguay,Atlanta United FC (USA),Midfielder,,,,,,,,,,,3.2,55,0.35,1.0,1.0,0.05,0.15,0.78,0.35,https://fdp.fifa.org/assetspublic/ce281/pdf/SquadLists-English.pdf,,https://www.fifa.com/en/tournaments/mens/worldcup/canadamexicousa2026/articles/match-schedule-fixtures-results-teams-stadiums,Official FIFA final squad candidate pool row. Add homogeneous player-stat source before scoring.,Official FIFA final squad — FW/MF candidate pool,https://inside.fifa.com/organisation/media-releases/world-cup-2026-48-squads-confirmed,candidate_pool_no_player_stats_yet,TRUE,2026-06-09,PAR,23,MF,GALARZA Matias,Matias,GALARZA FONDA,GALARZA,11/02/2002,175,FALSE,needs_stats_enrichment,https://fdp.fifa.org/assetspublic/ce281/pdf/SquadLists-English.pdf
Mauricio MAGALHAES PRADO,Paraguay,SE Palmeiras (BRA),Midfielder,,,,,,,,,,,3.2,55,0.35,1.0,1.0,0.05,0.15,0.78,0.35,https://fdp.fifa.org/assetspublic/ce281/pdf/SquadLists-English.pdf,,https://www.fifa.com/en/tournaments/mens/worldcup/canadamexicousa2026/articles/match-schedule-fixtures-results-teams-stadiums,Official FIFA final squad candidate pool row. Add homogeneous player-stat source before scoring.,Official FIFA final squad — FW/MF candidate pool,https://inside.fifa.com/organisation/media-releases/world-cup-2026-48-squads-confirmed,candidate_pool_no_player_stats_yet,TRUE,2026-06-09,PAR,11,MF,MAURICIO,Mauricio,MAGALHAES PRADO,MAURICIO,22/06/2001,175,FALSE,needs_stats_enrichment,https://fdp.fifa.org/assetspublic/ce281/pdf/SquadLists-English.pdf
Miguel Angel ALMIRON REJALA,Paraguay,Atlanta United FC (USA),Midfielder,,,,,,,,,,,3.2,55,0.35,1.0,1.0,0.05,0.15,0.78,0.35,https://fdp.fifa.org/assetspublic/ce281/pdf/SquadLists-English.pdf,,https://www.fifa.com/en/tournaments/mens/worldcup/canadamexicousa2026/articles/match-schedule-fixtures-results-teams-stadiums,Official FIFA final squad candidate pool row. Add homogeneous player-stat source before scoring.,Official FIFA final squad — FW/MF candidate pool,https://inside.fifa.com/organisation/media-releases/world-cup-2026-48-squads-confirmed,candidate_pool_no_player_stats_yet,TRUE,2026-06-09,PAR,10,MF,ALMIRON Miguel,Miguel Angel,ALMIRON REJALA,ALMIRON,10/02/1994,178,FALSE,needs_stats_enrichment,https://fdp.fifa.org/assetspublic/ce281/pdf/SquadLists-English.pdf
Ramón SOSA ACOSTA,Paraguay,SE Palmeiras (BRA),Midfielder,,,,,,,,,,,3.2,55,0.35,1.0,1.0,0.05,0.15,0.78,0.35,https://fdp.fifa.org/assetspublic/ce281/pdf/SquadLists-English.pdf,,https://www.fifa.com/en/tournaments/mens/worldcup/canadamexicousa2026/articles/match-schedule-fixtures-results-teams-stadiums,Official FIFA final squad candidate pool row. Add homogeneous player-stat source before scoring.,Official FIFA final squad — FW/MF candidate pool,https://inside.fifa.com/organisation/media-releases/world-cup-2026-48-squads-confirmed,candidate_pool_no_player_stats_yet,TRUE,2026-06-09,PAR,7,MF,SOSA Ramon,Ramón,SOSA ACOSTA,SOSA,31/08/1999,178,FALSE,needs_stats_enrichment,https://fdp.fifa.org/assetspublic/ce281/pdf/SquadLists-English.pdf
Francisco António MACHADO MOTA DE CASTRO TRINCÃO,Portugal,Sporting CP (POR),Forward,,,,,,,,,,,5.5,55,0.35,1.11,1.03,0.05,0.18,0.78,0.35,https://fdp.fifa.org/assetspublic/ce281/pdf/SquadLists-English.pdf,,https://www.fifa.com/en/tournaments/mens/worldcup/canadamexicousa2026/articles/match-schedule-fixtures-results-teams-stadiums,Official FIFA final squad candidate pool row. Add homogeneous player-stat source before scoring.,Official FIFA final squad — FW/MF candidate pool,https://inside.fifa.com/organisation/media-releases/world-cup-2026-48-squads-confirmed,candidate_pool_no_player_stats_yet,TRUE,2026-06-09,POR,16,FW,FRANCISCO TRINCAO,Francisco António,MACHADO MOTA DE CASTRO TRINCÃO,TRINCÃO,29/12/1999,184,FALSE,needs_stats_enrichment,https://fdp.fifa.org/assetspublic/ce281/pdf/SquadLists-English.pdf
Francisco FERNANDES DA CONCEIÇÃO,Portugal,Juventus FC (ITA),Forward,,,,,,,,,,,5.5,55,0.35,1.11,1.03,0.05,0.18,0.78,0.35,https://fdp.fifa.org/assetspublic/ce281/pdf/SquadLists-English.pdf,,https://www.fifa.com/en/tournaments/mens/worldcup/canadamexicousa2026/articles/match-schedule-fixtures-results-teams-stadiums,Official FIFA final squad candidate pool row. Add homogeneous player-stat source before scoring.,Official FIFA final squad — FW/MF candidate pool,https://inside.fifa.com/organisation/media-releases/world-cup-2026-48-squads-confirmed,candidate_pool_no_player_stats_yet,TRUE,2026-06-09,POR,26,FW,FRANCISCO CONCEICAO,Francisco,FERNANDES DA CONCEIÇÃO,F. CONCEIÇÃO,14/12/2002,166,FALSE,needs_stats_enrichment,https://fdp.fifa.org/assetspublic/ce281/pdf/SquadLists-English.pdf
Gonçalo MATIAS RAMOS,Portugal,Paris Saint-Germain (FRA),Forward,,,,,,,,,,,5.5,55,0.35,1.11,1.03,0.05,0.18,0.78,0.35,https://fdp.fifa.org/assetspublic/ce281/pdf/SquadLists-English.pdf,,https://www.fifa.com/en/tournaments/mens/worldcup/canadamexicousa2026/articles/match-schedule-fixtures-results-teams-stadiums,Official FIFA final squad candidate pool row. Add homogeneous player-stat source before scoring.,Official FIFA final squad — FW/MF candidate pool,https://inside.fifa.com/organisation/media-releases/world-cup-2026-48-squads-confirmed,candidate_pool_no_player_stats_yet,TRUE,2026-06-09,POR,9,FW,GONCALO RAMOS,Gonçalo,MATIAS RAMOS,G. RAMOS,20/06/2001,185,FALSE,needs_stats_enrichment,https://fdp.fifa.org/assetspublic/ce281/pdf/SquadLists-English.pdf
Gonçalo Manuel GANCHINHO GUEDES,Portugal,Real Sociedad (ESP),Forward,,,,,,,,,,,5.5,55,0.35,1.11,1.03,0.05,0.18,0.78,0.35,https://fdp.fifa.org/assetspublic/ce281/pdf/SquadLists-English.pdf,,https://www.fifa.com/en/tournaments/mens/worldcup/canadamexicousa2026/articles/match-schedule-fixtures-results-teams-stadiums,Official FIFA final squad candidate pool row. Add homogeneous player-stat source before scoring.,Official FIFA final squad — FW/MF candidate pool,https://inside.fifa.com/organisation/media-releases/world-cup-2026-48-squads-confirmed,candidate_pool_no_player_stats_yet,TRUE,2026-06-09,POR,19,FW,GONCALO GUEDES,Gonçalo Manuel,GANCHINHO GUEDES,G. GUEDES,29/11/1996,179,FALSE,needs_stats_enrichment,https://fdp.fifa.org/assetspublic/ce281/pdf/SquadLists-English.pdf
João FÉLIX SEQUEIRA,Portugal,Al Nassr FC (KSA),Forward,,,,,,,,,,,5.5,55,0.35,1.11,1.03,0.05,0.18,0.78,0.35,https://fdp.fifa.org/assetspublic/ce281/pdf/SquadLists-English.pdf,,https://www.fifa.com/en/tournaments/mens/worldcup/canadamexicousa2026/articles/match-schedule-fixtures-results-teams-stadiums,Official FIFA final squad candidate pool row. Add homogeneous player-stat source before scoring.,Official FIFA final squad — FW/MF candidate pool,https://inside.fifa.com/organisation/media-releases/world-cup-2026-48-squads-confirmed,candidate_pool_no_player_stats_yet,TRUE,2026-06-09,POR,11,FW,JOAO FELIX,João,FÉLIX SEQUEIRA,JOÃO FÉLIX,10/11/1999,179,FALSE,needs_stats_enrichment,https://fdp.fifa.org/assetspublic/ce281/pdf/SquadLists-English.pdf
Pedro LOMBA NETO,Portugal,Chelsea FC (ENG),Forward,,,,,,,,,,,5.5,55,0.35,1.11,1.03,0.05,0.18,0.78,0.35,https://fdp.fifa.org/assetspublic/ce281/pdf/SquadLists-English.pdf,,https://www.fifa.com/en/tournaments/mens/worldcup/canadamexicousa2026/articles/match-schedule-fixtures-results-teams-stadiums,Official FIFA final squad candidate pool row. Add homogeneous player-stat source before scoring.,Official FIFA final squad — FW/MF candidate pool,https://inside.fifa.com/organisation/media-releases/world-cup-2026-48-squads-confirmed,candidate_pool_no_player_stats_yet,TRUE,2026-06-09,POR,18,FW,PEDRO NETO,Pedro,LOMBA NETO,NETO,09/03/2000,174,FALSE,needs_stats_enrichment,https://fdp.fifa.org/assetspublic/ce281/pdf/SquadLists-English.pdf
Rafael Alexandre DA CONCEIÇÃO LEÃO,Portugal,AC Milan (ITA),Forward,,,,,,,,,,,5.5,55,0.35,1.11,1.03,0.05,0.18,0.78,0.35,https://fdp.fifa.org/assetspublic/ce281/pdf/SquadLists-English.pdf,,https://www.fifa.com/en/tournaments/mens/worldcup/canadamexicousa2026/articles/match-schedule-fixtures-results-teams-stadiums,Official FIFA final squad candidate pool row. Add homogeneous player-stat source before scoring.,Official FIFA final squad — FW/MF candidate pool,https://inside.fifa.com/organisation/media-releases/world-cup-2026-48-squads-confirmed,candidate_pool_no_player_stats_yet,TRUE,2026-06-09,POR,17,FW,RAFAEL LEAO,Rafael Alexandre,DA CONCEIÇÃO LEÃO,RAFA LEÃO,10/06/1999,188,FALSE,needs_stats_enrichment,https://fdp.fifa.org/assetspublic/ce281/pdf/SquadLists-English.pdf
Bernardo MOTA VEIGA DE CARVALHO E SILVA,Portugal,Manchester City FC (ENG),Midfielder,,,,,,,,,,,5.5,55,0.35,1.11,1.03,0.05,0.18,0.78,0.35,https://fdp.fifa.org/assetspublic/ce281/pdf/SquadLists-English.pdf,,https://www.fifa.com/en/tournaments/mens/worldcup/canadamexicousa2026/articles/match-schedule-fixtures-results-teams-stadiums,Official FIFA final squad candidate pool row. Add homogeneous player-stat source before scoring.,Official FIFA final squad — FW/MF candidate pool,https://inside.fifa.com/organisation/media-releases/world-cup-2026-48-squads-confirmed,candidate_pool_no_player_stats_yet,TRUE,2026-06-09,POR,10,MF,BERNARDO SILVA,Bernardo,MOTA VEIGA DE CARVALHO E SILVA,BERNARDO,10/08/1994,173,FALSE,needs_stats_enrichment,https://fdp.fifa.org/assetspublic/ce281/pdf/SquadLists-English.pdf
Bruno Miguel BORGES FERNANDES,Portugal,Manchester United FC (ENG),Midfielder,,,,,,,,,,,5.5,55,0.35,1.11,1.03,0.05,0.18,0.78,0.35,https://fdp.fifa.org/assetspublic/ce281/pdf/SquadLists-English.pdf,,https://www.fifa.com/en/tournaments/mens/worldcup/canadamexicousa2026/articles/match-schedule-fixtures-results-teams-stadiums,Official FIFA final squad candidate pool row. Add homogeneous player-stat source before scoring.,Official FIFA final squad — FW/MF candidate pool,https://inside.fifa.com/organisation/media-releases/world-cup-2026-48-squads-confirmed,candidate_pool_no_player_stats_yet,TRUE,2026-06-09,POR,8,MF,BRUNO FERNANDES,Bruno Miguel,BORGES FERNANDES,B. FERNANDES,08/09/1994,183,FALSE,needs_stats_enrichment,https://fdp.fifa.org/assetspublic/ce281/pdf/SquadLists-English.pdf
João Pedro GONÇALVES NEVES,Portugal,Paris Saint-Germain (FRA),Midfielder,,,,,,,,,,,5.5,55,0.35,1.11,1.03,0.05,0.18,0.78,0.35,https://fdp.fifa.org/assetspublic/ce281/pdf/SquadLists-English.pdf,,https://www.fifa.com/en/tournaments/mens/worldcup/canadamexicousa2026/articles/match-schedule-fixtures-results-teams-stadiums,Official FIFA final squad candidate pool row. Add homogeneous player-stat source before scoring.,Official FIFA final squad — FW/MF candidate pool,https://inside.fifa.com/organisation/media-releases/world-cup-2026-48-squads-confirmed,candidate_pool_no_player_stats_yet,TRUE,2026-06-09,POR,15,MF,JOAO NEVES,João Pedro,GONÇALVES NEVES,JOÃO NEVES,27/09/2004,171,FALSE,needs_stats_enrichment,https://fdp.fifa.org/assetspublic/ce281/pdf/SquadLists-English.pdf
Matheus Luiz NUNES,Portugal,Manchester City FC (ENG),Midfielder,,,,,,,,,,,5.5,55,0.35,1.11,1.03,0.05,0.18,0.78,0.35,https://fdp.fifa.org/assetspublic/ce281/pdf/SquadLists-English.pdf,,https://www.fifa.com/en/tournaments/mens/worldcup/canadamexicousa2026/articles/match-schedule-fixtures-results-teams-stadiums,Official FIFA final squad candidate pool row. Add homogeneous player-stat source before scoring.,Official FIFA final squad — FW/MF candidate pool,https://inside.fifa.com/organisation/media-releases/world-cup-2026-48-squads-confirmed,candidate_pool_no_player_stats_yet,TRUE,2026-06-09,POR,6,MF,MATHEUS NUNES,Matheus Luiz,NUNES,MATHEUS N.,27/08/1998,183,FALSE,needs_stats_enrichment,https://fdp.fifa.org/assetspublic/ce281/pdf/SquadLists-English.pdf
Rúben Diogo DA SILVA NEVES,Portugal,Al Hilal SC (KSA),Midfielder,,,,,,,,,,,5.5,55,0.35,1.11,1.03,0.05,0.18,0.78,0.35,https://fdp.fifa.org/assetspublic/ce281/pdf/SquadLists-English.pdf,,https://www.fifa.com/en/tournaments/mens/worldcup/canadamexicousa2026/articles/match-schedule-fixtures-results-teams-stadiums,Official FIFA final squad candidate pool row. Add homogeneous player-stat source before scoring.,Official FIFA final squad — FW/MF candidate pool,https://inside.fifa.com/organisation/media-releases/world-cup-2026-48-squads-confirmed,candidate_pool_no_player_stats_yet,TRUE,2026-06-09,POR,21,MF,RUBEN NEVES,Rúben Diogo,DA SILVA NEVES,R. NEVES,13/03/1997,183,FALSE,needs_stats_enrichment,https://fdp.fifa.org/assetspublic/ce281/pdf/SquadLists-English.pdf
Vitor MACHADO FERREIRA,Portugal,Paris Saint-Germain (FRA),Midfielder,,,,,,,,,,,5.5,55,0.35,1.11,1.03,0.05,0.18,0.78,0.35,https://fdp.fifa.org/assetspublic/ce281/pdf/SquadLists-English.pdf,,https://www.fifa.com/en/tournaments/mens/worldcup/canadamexicousa2026/articles/match-schedule-fixtures-results-teams-stadiums,Official FIFA final squad candidate pool row. Add homogeneous player-stat source before scoring.,Official FIFA final squad — FW/MF candidate pool,https://inside.fifa.com/organisation/media-releases/world-cup-2026-48-squads-confirmed,candidate_pool_no_player_stats_yet,TRUE,2026-06-09,POR,23,MF,VITINHA,Vitor,MACHADO FERREIRA,VITINHA,13/02/2000,170,FALSE,needs_stats_enrichment,https://fdp.fifa.org/assetspublic/ce281/pdf/SquadLists-English.pdf
Ahmed Alaaeldin B M ABDELMOTAAL,Qatar,Al Rayyan SC (QAT),Forward,,,,,,,,,,,3.2,55,0.35,1.0,1.0,0.05,0.15,0.78,0.35,https://fdp.fifa.org/assetspublic/ce281/pdf/SquadLists-English.pdf,,https://www.fifa.com/en/tournaments/mens/worldcup/canadamexicousa2026/articles/match-schedule-fixtures-results-teams-stadiums,Official FIFA final squad candidate pool row. Add homogeneous player-stat source before scoring.,Official FIFA final squad — FW/MF candidate pool,https://inside.fifa.com/organisation/media-releases/world-cup-2026-48-squads-confirmed,candidate_pool_no_player_stats_yet,TRUE,2026-06-09,QAT,7,FW,AHMED ALAAELDIN,Ahmed Alaaeldin B M,ABDELMOTAAL,ALAAELDIN,31/01/1993,179,FALSE,needs_stats_enrichment,https://fdp.fifa.org/assetspublic/ce281/pdf/SquadLists-English.pdf
Akram Hassan A Y AFIF,Qatar,Al Sadd SC (QAT),Forward,,,,,,,,,,,3.2,55,0.35,1.0,1.0,0.05,0.15,0.78,0.35,https://fdp.fifa.org/assetspublic/ce281/pdf/SquadLists-English.pdf,,https://www.fifa.com/en/tournaments/mens/worldcup/canadamexicousa2026/articles/match-schedule-fixtures-results-teams-stadiums,Official FIFA final squad candidate pool row. Add homogeneous player-stat source before scoring.,Official FIFA final squad — FW/MF candidate pool,https://inside.fifa.com/organisation/media-releases/world-cup-2026-48-squads-confirmed,candidate_pool_no_player_stats_yet,TRUE,2026-06-09,QAT,11,FW,AKRAM AFIF,Akram Hassan A Y,AFIF,AFIF,18/11/1996,176,FALSE,needs_stats_enrichment,https://fdp.fifa.org/assetspublic/ce281/pdf/SquadLists-English.pdf
Almoez Ali Zainelabdeen M ABDULLA,Qatar,Al Duhail SC (QAT),Forward,,,,,,,,,,,3.2,55,0.35,1.0,1.0,0.05,0.15,0.78,0.35,https://fdp.fifa.org/assetspublic/ce281/pdf/SquadLists-English.pdf,,https://www.fifa.com/en/tournaments/mens/worldcup/canadamexicousa2026/articles/match-schedule-fixtures-results-teams-stadiums,Official FIFA final squad candidate pool row. Add homogeneous player-stat source before scoring.,Official FIFA final squad — FW/MF candidate pool,https://inside.fifa.com/organisation/media-releases/world-cup-2026-48-squads-confirmed,candidate_pool_no_player_stats_yet,TRUE,2026-06-09,QAT,19,FW,ALMOEZ ALI,Almoez Ali Zainelabdeen M,ABDULLA,ALMOEZ,19/08/1996,180,FALSE,needs_stats_enrichment,https://fdp.fifa.org/assetspublic/ce281/pdf/SquadLists-English.pdf
Edmilson Junior P DASILVA,Qatar,Al Duhail SC (QAT),Forward,,,,,,,,,,,3.2,55,0.35,1.0,1.0,0.05,0.15,0.78,0.35,https://fdp.fifa.org/assetspublic/ce281/pdf/SquadLists-English.pdf,,https://www.fifa.com/en/tournaments/mens/worldcup/canadamexicousa2026/articles/match-schedule-fixtures-results-teams-stadiums,Official FIFA final squad candidate pool row. Add homogeneous player-stat source before scoring.,Official FIFA final squad — FW/MF candidate pool,https://inside.fifa.com/organisation/media-releases/world-cup-2026-48-squads-confirmed,candidate_pool_no_player_stats_yet,TRUE,2026-06-09,QAT,8,FW,EDMILSON JUNIOR,Edmilson Junior P,DASILVA,EDMILSON JR.,19/08/1994,180,FALSE,needs_stats_enrichment,https://fdp.fifa.org/assetspublic/ce281/pdf/SquadLists-English.pdf
Hasan Khalid H ALHAYDOS,Qatar,Al Sadd SC (QAT),Forward,,,,,,,,,,,3.2,55,0.35,1.0,1.0,0.05,0.15,0.78,0.35,https://fdp.fifa.org/assetspublic/ce281/pdf/SquadLists-English.pdf,,https://www.fifa.com/en/tournaments/mens/worldcup/canadamexicousa2026/articles/match-schedule-fixtures-results-teams-stadiums,Official FIFA final squad candidate pool row. Add homogeneous player-stat source before scoring.,Official FIFA final squad — FW/MF candidate pool,https://inside.fifa.com/organisation/media-releases/world-cup-2026-48-squads-confirmed,candidate_pool_no_player_stats_yet,TRUE,2026-06-09,QAT,10,FW,HASSAN ALHAYDOS,Hasan Khalid H,ALHAYDOS,ALHAYDOS,11/12/1990,174,FALSE,needs_stats_enrichment,https://fdp.fifa.org/assetspublic/ce281/pdf/SquadLists-English.pdf
Mohamed Naceur MANAI,Qatar,Al Shamal SC (QAT),Forward,,,,,,,,,,,3.2,55,0.35,1.0,1.0,0.05,0.15,0.78,0.35,https://fdp.fifa.org/assetspublic/ce281/pdf/SquadLists-English.pdf,,https://www.fifa.com/en/tournaments/mens/worldcup/canadamexicousa2026/articles/match-schedule-fixtures-results-teams-stadiums,Official FIFA final squad candidate pool row. Add homogeneous player-stat source before scoring.,Official FIFA final squad — FW/MF candidate pool,https://inside.fifa.com/organisation/media-releases/world-cup-2026-48-squads-confirmed,candidate_pool_no_player_stats_yet,TRUE,2026-06-09,QAT,26,FW,MOHAMED MANAI,Mohamed Naceur,MANAI,MANAI,25/10/2002,180,FALSE,needs_stats_enrichment,https://fdp.fifa.org/assetspublic/ce281/pdf/SquadLists-English.pdf
Mohammed MUNTARI,Qatar,Al Gharafa SC (QAT),Forward,,,,,,,,,,,3.2,55,0.35,1.0,1.0,0.05,0.15,0.78,0.35,https://fdp.fifa.org/assetspublic/ce281/pdf/SquadLists-English.pdf,,https://www.fifa.com/en/tournaments/mens/worldcup/canadamexicousa2026/articles/match-schedule-fixtures-results-teams-stadiums,Official FIFA final squad candidate pool row. Add homogeneous player-stat source before scoring.,Official FIFA final squad — FW/MF candidate pool,https://inside.fifa.com/organisation/media-releases/world-cup-2026-48-squads-confirmed,candidate_pool_no_player_stats_yet,TRUE,2026-06-09,QAT,9,FW,MOHAMMED MUNTARI,Mohammed,MUNTARI,MUNTARI,20/12/1993,192,FALSE,needs_stats_enrichment,https://fdp.fifa.org/assetspublic/ce281/pdf/SquadLists-English.pdf
Tahsin Mohammad JAMSHID,Qatar,Al Duhail SC (QAT),Forward,,,,,,,,,,,3.2,55,0.35,1.0,1.0,0.05,0.15,0.78,0.35,https://fdp.fifa.org/assetspublic/ce281/pdf/SquadLists-English.pdf,,https://www.fifa.com/en/tournaments/mens/worldcup/canadamexicousa2026/articles/match-schedule-fixtures-results-teams-stadiums,Official FIFA final squad candidate pool row. Add homogeneous player-stat source before scoring.,Official FIFA final squad — FW/MF candidate pool,https://inside.fifa.com/organisation/media-releases/world-cup-2026-48-squads-confirmed,candidate_pool_no_player_stats_yet,TRUE,2026-06-09,QAT,24,FW,TAHSIN MOHAMMED,Tahsin Mohammad,JAMSHID,TAHSIN,16/06/2006,166,FALSE,needs_stats_enrichment,https://fdp.fifa.org/assetspublic/ce281/pdf/SquadLists-English.pdf
Yusuf Abdurisag YUSUF,Qatar,Al Wakrah SC (QAT),Forward,,,,,,,,,,,3.2,55,0.35,1.0,1.0,0.05,0.15,0.78,0.35,https://fdp.fifa.org/assetspublic/ce281/pdf/SquadLists-English.pdf,,https://www.fifa.com/en/tournaments/mens/worldcup/canadamexicousa2026/articles/match-schedule-fixtures-results-teams-stadiums,Official FIFA final squad candidate pool row. Add homogeneous player-stat source before scoring.,Official FIFA final squad — FW/MF candidate pool,https://inside.fifa.com/organisation/media-releases/world-cup-2026-48-squads-confirmed,candidate_pool_no_player_stats_yet,TRUE,2026-06-09,QAT,15,FW,YUSUF ABDURISAG,Yusuf Abdurisag,YUSUF,YUSUF,06/08/1999,171,FALSE,needs_stats_enrichment,https://fdp.fifa.org/assetspublic/ce281/pdf/SquadLists-English.pdf
Abdelaziz Hatim A MOHAMED,Qatar,Al Rayyan SC (QAT),Midfielder,,,,,,,,,,,3.2,55,0.35,1.0,1.0,0.05,0.15,0.78,0.35,https://fdp.fifa.org/assetspublic/ce281/pdf/SquadLists-English.pdf,,https://www.fifa.com/en/tournaments/mens/worldcup/canadamexicousa2026/articles/match-schedule-fixtures-results-teams-stadiums,Official FIFA final squad candidate pool row. Add homogeneous player-stat source before scoring.,Official FIFA final squad — FW/MF candidate pool,https://inside.fifa.com/organisation/media-releases/world-cup-2026-48-squads-confirmed,candidate_pool_no_player_stats_yet,TRUE,2026-06-09,QAT,6,MF,ABDULAZIZ HATEM,Abdelaziz Hatim A,MOHAMED,A. AZIZ,01/01/1990,179,FALSE,needs_stats_enrichment,https://fdp.fifa.org/assetspublic/ce281/pdf/SquadLists-English.pdf
Ahmed Fathy M ABDOULLA,Qatar,Al Arabi SC (QAT),Midfielder,,,,,,,,,,,3.2,55,0.35,1.0,1.0,0.05,0.15,0.78,0.35,https://fdp.fifa.org/assetspublic/ce281/pdf/SquadLists-English.pdf,,https://www.fifa.com/en/tournaments/mens/worldcup/canadamexicousa2026/articles/match-schedule-fixtures-results-teams-stadiums,Official FIFA final squad candidate pool row. Add homogeneous player-stat source before scoring.,Official FIFA final squad — FW/MF candidate pool,https://inside.fifa.com/organisation/media-releases/world-cup-2026-48-squads-confirmed,candidate_pool_no_player_stats_yet,TRUE,2026-06-09,QAT,20,MF,AHMED FATHY,Ahmed Fathy M,ABDOULLA,A. FATHY,25/01/1993,171,FALSE,needs_stats_enrichment,https://fdp.fifa.org/assetspublic/ce281/pdf/SquadLists-English.pdf
Ahmed Mohamed H K ALGANEHI,Qatar,Al Gharafa SC (QAT),Midfielder,,,,,,,,,,,3.2,55,0.35,1.0,1.0,0.05,0.15,0.78,0.35,https://fdp.fifa.org/assetspublic/ce281/pdf/SquadLists-English.pdf,,https://www.fifa.com/en/tournaments/mens/worldcup/canadamexicousa2026/articles/match-schedule-fixtures-results-teams-stadiums,Official FIFA final squad candidate pool row. Add homogeneous player-stat source before scoring.,Official FIFA final squad — FW/MF candidate pool,https://inside.fifa.com/organisation/media-releases/world-cup-2026-48-squads-confirmed,candidate_pool_no_player_stats_yet,TRUE,2026-06-09,QAT,17,MF,AHMED ALGANEHI,Ahmed Mohamed H K,ALGANEHI,A. ALGANEHI,22/09/2000,175,FALSE,needs_stats_enrichment,https://fdp.fifa.org/assetspublic/ce281/pdf/SquadLists-English.pdf
Assim Omer A MADIBO,Qatar,Al Wakrah SC (QAT),Midfielder,,,,,,,,,,,3.2,55,0.35,1.0,1.0,0.05,0.15,0.78,0.35,https://fdp.fifa.org/assetspublic/ce281/pdf/SquadLists-English.pdf,,https://www.fifa.com/en/tournaments/mens/worldcup/canadamexicousa2026/articles/match-schedule-fixtures-results-teams-stadiums,Official FIFA final squad candidate pool row. Add homogeneous player-stat source before scoring.,Official FIFA final squad — FW/MF candidate pool,https://inside.fifa.com/organisation/media-releases/world-cup-2026-48-squads-confirmed,candidate_pool_no_player_stats_yet,TRUE,2026-06-09,QAT,23,MF,ASSIM MADIBO,Assim Omer A,MADIBO,MADIBO,22/10/1996,168,FALSE,needs_stats_enrichment,https://fdp.fifa.org/assetspublic/ce281/pdf/SquadLists-English.pdf
Karim BOUDIAF,Qatar,Al Duhail SC (QAT),Midfielder,,,,,,,,,,,3.2,55,0.35,1.0,1.0,0.05,0.15,0.78,0.35,https://fdp.fifa.org/assetspublic/ce281/pdf/SquadLists-English.pdf,,https://www.fifa.com/en/tournaments/mens/worldcup/canadamexicousa2026/articles/match-schedule-fixtures-results-teams-stadiums,Official FIFA final squad candidate pool row. Add homogeneous player-stat source before scoring.,Official FIFA final squad — FW/MF candidate pool,https://inside.fifa.com/organisation/media-releases/world-cup-2026-48-squads-confirmed,candidate_pool_no_player_stats_yet,TRUE,2026-06-09,QAT,12,MF,KARIM BOUDIAF,Karim,BOUDIAF,KARIM,16/09/1990,190,FALSE,needs_stats_enrichment,https://fdp.fifa.org/assetspublic/ce281/pdf/SquadLists-English.pdf
Abdullah Abdulrahman A ALHAMDDAN,Saudi Arabia,Al Nassr FC (KSA),Forward,,,,,,,,,,,3.2,55,0.35,1.0,1.0,0.05,0.15,0.78,0.35,https://fdp.fifa.org/assetspublic/ce281/pdf/SquadLists-English.pdf,,https://www.fifa.com/en/tournaments/mens/worldcup/canadamexicousa2026/articles/match-schedule-fixtures-results-teams-stadiums,Official FIFA final squad candidate pool row. Add homogeneous player-stat source before scoring.,Official FIFA final squad — FW/MF candidate pool,https://inside.fifa.com/organisation/media-releases/world-cup-2026-48-squads-confirmed,candidate_pool_no_player_stats_yet,TRUE,2026-06-09,KSA,19,FW,ABDULLAH ALHAMDDAN,Abdullah Abdulrahman A,ALHAMDDAN,ALHAMDDAN,13/09/1999,186,FALSE,needs_stats_enrichment,https://fdp.fifa.org/assetspublic/ce281/pdf/SquadLists-English.pdf
Aiman Yahya Y AHMED,Saudi Arabia,Al Nassr FC (KSA),Forward,,,,,,,,,,,3.2,55,0.35,1.0,1.0,0.05,0.15,0.78,0.35,https://fdp.fifa.org/assetspublic/ce281/pdf/SquadLists-English.pdf,,https://www.fifa.com/en/tournaments/mens/worldcup/canadamexicousa2026/articles/match-schedule-fixtures-results-teams-stadiums,Official FIFA final squad candidate pool row. Add homogeneous player-stat source before scoring.,Official FIFA final squad — FW/MF candidate pool,https://inside.fifa.com/organisation/media-releases/world-cup-2026-48-squads-confirmed,candidate_pool_no_player_stats_yet,TRUE,2026-06-09,KSA,8,FW,AIMAN YAHYA,Aiman Yahya Y,AHMED,AIMAN,14/05/2001,173,FALSE,needs_stats_enrichment,https://fdp.fifa.org/assetspublic/ce281/pdf/SquadLists-English.pdf
Feras Tariq N ALBRIKAN,Saudi Arabia,Al Ahli FC (KSA),Forward,,,,,,,,,,,3.2,55,0.35,1.0,1.0,0.05,0.15,0.78,0.35,https://fdp.fifa.org/assetspublic/ce281/pdf/SquadLists-English.pdf,,https://www.fifa.com/en/tournaments/mens/worldcup/canadamexicousa2026/articles/match-schedule-fixtures-results-teams-stadiums,Official FIFA final squad candidate pool row. Add homogeneous player-stat source before scoring.,Official FIFA final squad — FW/MF candidate pool,https://inside.fifa.com/organisation/media-releases/world-cup-2026-48-squads-confirmed,candidate_pool_no_player_stats_yet,TRUE,2026-06-09,KSA,9,FW,FERAS ALBRIKAN,Feras Tariq N,ALBRIKAN,FERAS,14/05/2000,185,FALSE,needs_stats_enrichment,https://fdp.fifa.org/assetspublic/ce281/pdf/SquadLists-English.pdf
Khalid Essa M ALGHANNAM,Saudi Arabia,Al Ettifaq FC (KSA),Forward,,,,,,,,,,,3.2,55,0.35,1.0,1.0,0.05,0.15,0.78,0.35,https://fdp.fifa.org/assetspublic/ce281/pdf/SquadLists-English.pdf,,https://www.fifa.com/en/tournaments/mens/worldcup/canadamexicousa2026/articles/match-schedule-fixtures-results-teams-stadiums,Official FIFA final squad candidate pool row. Add homogeneous player-stat source before scoring.,Official FIFA final squad — FW/MF candidate pool,https://inside.fifa.com/organisation/media-releases/world-cup-2026-48-squads-confirmed,candidate_pool_no_player_stats_yet,TRUE,2026-06-09,KSA,17,FW,KHALID ALGHANNAM,Khalid Essa M,ALGHANNAM,KHALID,08/11/2000,171,FALSE,needs_stats_enrichment,https://fdp.fifa.org/assetspublic/ce281/pdf/SquadLists-English.pdf
Saleh Khalid M ALSHEHRI,Saudi Arabia,Al Ittihad (KSA),Forward,,,,,,,,,,,3.2,55,0.35,1.0,1.0,0.05,0.15,0.78,0.35,https://fdp.fifa.org/assetspublic/ce281/pdf/SquadLists-English.pdf,,https://www.fifa.com/en/tournaments/mens/worldcup/canadamexicousa2026/articles/match-schedule-fixtures-results-teams-stadiums,Official FIFA final squad candidate pool row. Add homogeneous player-stat source before scoring.,Official FIFA final squad — FW/MF candidate pool,https://inside.fifa.com/organisation/media-releases/world-cup-2026-48-squads-confirmed,candidate_pool_no_player_stats_yet,TRUE,2026-06-09,KSA,11,FW,SALEH ALSHEHRI,Saleh Khalid M,ALSHEHRI,ALSHEHRI,01/11/1993,184,FALSE,needs_stats_enrichment,https://fdp.fifa.org/assetspublic/ce281/pdf/SquadLists-English.pdf
Salem Mohammed S ALDAWSARI,Saudi Arabia,Al Hilal SC (KSA),Forward,,,,,,,,,,,3.2,55,0.35,1.0,1.0,0.05,0.15,0.78,0.35,https://fdp.fifa.org/assetspublic/ce281/pdf/SquadLists-English.pdf,,https://www.fifa.com/en/tournaments/mens/worldcup/canadamexicousa2026/articles/match-schedule-fixtures-results-teams-stadiums,Official FIFA final squad candidate pool row. Add homogeneous player-stat source before scoring.,Official FIFA final squad — FW/MF candidate pool,https://inside.fifa.com/organisation/media-releases/world-cup-2026-48-squads-confirmed,candidate_pool_no_player_stats_yet,TRUE,2026-06-09,KSA,10,FW,SALEM ALDAWSARI,Salem Mohammed S,ALDAWSARI,SALEM,19/08/1991,173,FALSE,needs_stats_enrichment,https://fdp.fifa.org/assetspublic/ce281/pdf/SquadLists-English.pdf
Sultan Ahmed M MANDASH,Saudi Arabia,Al Hilal SC (KSA),Forward,,,,,,,,,,,3.2,55,0.35,1.0,1.0,0.05,0.15,0.78,0.35,https://fdp.fifa.org/assetspublic/ce281/pdf/SquadLists-English.pdf,,https://www.fifa.com/en/tournaments/mens/worldcup/canadamexicousa2026/articles/match-schedule-fixtures-results-teams-stadiums,Official FIFA final squad candidate pool row. Add homogeneous player-stat source before scoring.,Official FIFA final squad — FW/MF candidate pool,https://inside.fifa.com/organisation/media-releases/world-cup-2026-48-squads-confirmed,candidate_pool_no_player_stats_yet,TRUE,2026-06-09,KSA,20,FW,SULTAN MANDASH,Sultan Ahmed M,MANDASH,MANDASH,17/10/1994,172,FALSE,needs_stats_enrichment,https://fdp.fifa.org/assetspublic/ce281/pdf/SquadLists-English.pdf
Abdullah Mohammed H ALKHAIBARI,Saudi Arabia,Al Nassr FC (KSA),Midfielder,,,,,,,,,,,3.2,55,0.35,1.0,1.0,0.05,0.15,0.78,0.35,https://fdp.fifa.org/assetspublic/ce281/pdf/SquadLists-English.pdf,,https://www.fifa.com/en/tournaments/mens/worldcup/canadamexicousa2026/articles/match-schedule-fixtures-results-teams-stadiums,Official FIFA final squad candidate pool row. Add homogeneous player-stat source before scoring.,Official FIFA final squad — FW/MF candidate pool,https://inside.fifa.com/organisation/media-releases/world-cup-2026-48-squads-confirmed,candidate_pool_no_player_stats_yet,TRUE,2026-06-09,KSA,15,MF,ABDULLAH ALKHAIBARI,Abdullah Mohammed H,ALKHAIBARI,ALKHAIBARI,16/08/1996,175,FALSE,needs_stats_enrichment,https://fdp.fifa.org/assetspublic/ce281/pdf/SquadLists-English.pdf
Ala Mohsen A ALHAJJI,Saudi Arabia,Neom SC (KSA),Midfielder,,,,,,,,,,,3.2,55,0.35,1.0,1.0,0.05,0.15,0.78,0.35,https://fdp.fifa.org/assetspublic/ce281/pdf/SquadLists-English.pdf,,https://www.fifa.com/en/tournaments/mens/worldcup/canadamexicousa2026/articles/match-schedule-fixtures-results-teams-stadiums,Official FIFA final squad candidate pool row. Add homogeneous player-stat source before scoring.,Official FIFA final squad — FW/MF candidate pool,https://inside.fifa.com/organisation/media-releases/world-cup-2026-48-squads-confirmed,candidate_pool_no_player_stats_yet,TRUE,2026-06-09,KSA,18,MF,ALA ALHAJJI,Ala Mohsen A,ALHAJJI,ALHAJJI,03/12/1995,178,FALSE,needs_stats_enrichment,https://fdp.fifa.org/assetspublic/ce281/pdf/SquadLists-English.pdf
Mohamed Ibrahim A KANNO,Saudi Arabia,Al Hilal SC (KSA),Midfielder,,,,,,,,,,,3.2,55,0.35,1.0,1.0,0.05,0.15,0.78,0.35,https://fdp.fifa.org/assetspublic/ce281/pdf/SquadLists-English.pdf,,https://www.fifa.com/en/tournaments/mens/worldcup/canadamexicousa2026/articles/match-schedule-fixtures-results-teams-stadiums,Official FIFA final squad candidate pool row. Add homogeneous player-stat source before scoring.,Official FIFA final squad — FW/MF candidate pool,https://inside.fifa.com/organisation/media-releases/world-cup-2026-48-squads-confirmed,candidate_pool_no_player_stats_yet,TRUE,2026-06-09,KSA,23,MF,MOHAMED KANNO,Mohamed Ibrahim A,KANNO,KANNO,22/09/1994,191,FALSE,needs_stats_enrichment,https://fdp.fifa.org/assetspublic/ce281/pdf/SquadLists-English.pdf
Musab Fahad Z ALJUWAYR,Saudi Arabia,Al Qadsiah FC (KSA),Midfielder,,,,,,,,,,,3.2,55,0.35,1.0,1.0,0.05,0.15,0.78,0.35,https://fdp.fifa.org/assetspublic/ce281/pdf/SquadLists-English.pdf,,https://www.fifa.com/en/tournaments/mens/worldcup/canadamexicousa2026/articles/match-schedule-fixtures-results-teams-stadiums,Official FIFA final squad candidate pool row. Add homogeneous player-stat source before scoring.,Official FIFA final squad — FW/MF candidate pool,https://inside.fifa.com/organisation/media-releases/world-cup-2026-48-squads-confirmed,candidate_pool_no_player_stats_yet,TRUE,2026-06-09,KSA,7,MF,MUSAB ALJUWAYR,Musab Fahad Z,ALJUWAYR,MUSAB,20/06/2003,175,FALSE,needs_stats_enrichment,https://fdp.fifa.org/assetspublic/ce281/pdf/SquadLists-English.pdf
Nasser Essa S ALDAWSARI,Saudi Arabia,Al Hilal SC (KSA),Midfielder,,,,,,,,,,,3.2,55,0.35,1.0,1.0,0.05,0.15,0.78,0.35,https://fdp.fifa.org/assetspublic/ce281/pdf/SquadLists-English.pdf,,https://www.fifa.com/en/tournaments/mens/worldcup/canadamexicousa2026/articles/match-schedule-fixtures-results-teams-stadiums,Official FIFA final squad candidate pool row. Add homogeneous player-stat source before scoring.,Official FIFA final squad — FW/MF candidate pool,https://inside.fifa.com/organisation/media-releases/world-cup-2026-48-squads-confirmed,candidate_pool_no_player_stats_yet,TRUE,2026-06-09,KSA,6,MF,NASSER ALDAWSARI,Nasser Essa S,ALDAWSARI,NASSER,19/12/1998,178,FALSE,needs_stats_enrichment,https://fdp.fifa.org/assetspublic/ce281/pdf/SquadLists-English.pdf
Ziyad Mubarak E ALJOHANI,Saudi Arabia,Al Ahli FC (KSA),Midfielder,,,,,,,,,,,3.2,55,0.35,1.0,1.0,0.05,0.15,0.78,0.35,https://fdp.fifa.org/assetspublic/ce281/pdf/SquadLists-English.pdf,,https://www.fifa.com/en/tournaments/mens/worldcup/canadamexicousa2026/articles/match-schedule-fixtures-results-teams-stadiums,Official FIFA final squad candidate pool row. Add homogeneous player-stat source before scoring.,Official FIFA final squad — FW/MF candidate pool,https://inside.fifa.com/organisation/media-releases/world-cup-2026-48-squads-confirmed,candidate_pool_no_player_stats_yet,TRUE,2026-06-09,KSA,16,MF,ZIYAD ALJOHANI,Ziyad Mubarak E,ALJOHANI,ZIYAD,11/11/2001,180,FALSE,needs_stats_enrichment,https://fdp.fifa.org/assetspublic/ce281/pdf/SquadLists-English.pdf
Ben Gannon DOAK,Scotland,AFC Bournemouth (ENG),Forward,,,,,,,,,,,3.2,55,0.35,1.0,1.0,0.05,0.15,0.78,0.35,https://fdp.fifa.org/assetspublic/ce281/pdf/SquadLists-English.pdf,,https://www.fifa.com/en/tournaments/mens/worldcup/canadamexicousa2026/articles/match-schedule-fixtures-results-teams-stadiums,Official FIFA final squad candidate pool row. Add homogeneous player-stat source before scoring.,Official FIFA final squad — FW/MF candidate pool,https://inside.fifa.com/organisation/media-releases/world-cup-2026-48-squads-confirmed,candidate_pool_no_player_stats_yet,TRUE,2026-06-09,SCO,17,FW,GANNON-DOAK Ben,Ben Gannon,DOAK,GANNON DOAK,11/11/2005,173,FALSE,needs_stats_enrichment,https://fdp.fifa.org/assetspublic/ce281/pdf/SquadLists-English.pdf
Che Sac Everton Fred ADAMS,Scotland,Torino FC (ITA),Forward,,,,,,,,,,,3.2,55,0.35,1.0,1.0,0.05,0.15,0.78,0.35,https://fdp.fifa.org/assetspublic/ce281/pdf/SquadLists-English.pdf,,https://www.fifa.com/en/tournaments/mens/worldcup/canadamexicousa2026/articles/match-schedule-fixtures-results-teams-stadiums,Official FIFA final squad candidate pool row. Add homogeneous player-stat source before scoring.,Official FIFA final squad — FW/MF candidate pool,https://inside.fifa.com/organisation/media-releases/world-cup-2026-48-squads-confirmed,candidate_pool_no_player_stats_yet,TRUE,2026-06-09,SCO,10,FW,ADAMS Che,Che Sac Everton Fred,ADAMS,ADAMS,13/07/1996,175,FALSE,needs_stats_enrichment,https://fdp.fifa.org/assetspublic/ce281/pdf/SquadLists-English.pdf
Findlay Kenneth CURTIS,Scotland,Kilmarnock FC (SCO),Forward,,,,,,,,,,,3.2,55,0.35,1.0,1.0,0.05,0.15,0.78,0.35,https://fdp.fifa.org/assetspublic/ce281/pdf/SquadLists-English.pdf,,https://www.fifa.com/en/tournaments/mens/worldcup/canadamexicousa2026/articles/match-schedule-fixtures-results-teams-stadiums,Official FIFA final squad candidate pool row. Add homogeneous player-stat source before scoring.,Official FIFA final squad — FW/MF candidate pool,https://inside.fifa.com/organisation/media-releases/world-cup-2026-48-squads-confirmed,candidate_pool_no_player_stats_yet,TRUE,2026-06-09,SCO,25,FW,CURTIS Findlay,Findlay Kenneth,CURTIS,CURTIS,09/06/2006,180,FALSE,needs_stats_enrichment,https://fdp.fifa.org/assetspublic/ce281/pdf/SquadLists-English.pdf
George David Eric HIRST,Scotland,Ipswich Town FC (ENG),Forward,,,,,,,,,,,3.2,55,0.35,1.0,1.0,0.05,0.15,0.78,0.35,https://fdp.fifa.org/assetspublic/ce281/pdf/SquadLists-English.pdf,,https://www.fifa.com/en/tournaments/mens/worldcup/canadamexicousa2026/articles/match-schedule-fixtures-results-teams-stadiums,Official FIFA final squad candidate pool row. Add homogeneous player-stat source before scoring.,Official FIFA final squad — FW/MF candidate pool,https://inside.fifa.com/organisation/media-releases/world-cup-2026-48-squads-confirmed,candidate_pool_no_player_stats_yet,TRUE,2026-06-09,SCO,18,FW,HIRST George,George David Eric,HIRST,HIRST,15/02/1999,191,FALSE,needs_stats_enrichment,https://fdp.fifa.org/assetspublic/ce281/pdf/SquadLists-English.pdf
Lawrence SHANKLAND,Scotland,Heart Of Midlothian FC (SCO),Forward,,,,,,,,,,,3.2,55,0.35,1.0,1.0,0.05,0.15,0.78,0.35,https://fdp.fifa.org/assetspublic/ce281/pdf/SquadLists-English.pdf,,https://www.fifa.com/en/tournaments/mens/worldcup/canadamexicousa2026/articles/match-schedule-fixtures-results-teams-stadiums,Official FIFA final squad candidate pool row. Add homogeneous player-stat source before scoring.,Official FIFA final squad — FW/MF candidate pool,https://inside.fifa.com/organisation/media-releases/world-cup-2026-48-squads-confirmed,candidate_pool_no_player_stats_yet,TRUE,2026-06-09,SCO,20,FW,SHANKLAND Lawrence,Lawrence,SHANKLAND,SHANKLAND,10/08/1995,185,FALSE,needs_stats_enrichment,https://fdp.fifa.org/assetspublic/ce281/pdf/SquadLists-English.pdf
Lyndon John DYKES,Scotland,Charlton Athletic FC (ENG),Forward,,,,,,,,,,,3.2,55,0.35,1.0,1.0,0.05,0.15,0.78,0.35,https://fdp.fifa.org/assetspublic/ce281/pdf/SquadLists-English.pdf,,https://www.fifa.com/en/tournaments/mens/worldcup/canadamexicousa2026/articles/match-schedule-fixtures-results-teams-stadiums,Official FIFA final squad candidate pool row. Add homogeneous player-stat source before scoring.,Official FIFA final squad — FW/MF candidate pool,https://inside.fifa.com/organisation/media-releases/world-cup-2026-48-squads-confirmed,candidate_pool_no_player_stats_yet,TRUE,2026-06-09,SCO,9,FW,DYKES Lyndon,Lyndon John,DYKES,DYKES,07/10/1995,188,FALSE,needs_stats_enrichment,https://fdp.fifa.org/assetspublic/ce281/pdf/SquadLists-English.pdf
Ross Cameron STEWART,Scotland,Southampton FC (ENG),Forward,,,,,,,,,,,3.2,55,0.35,1.0,1.0,0.05,0.15,0.78,0.35,https://fdp.fifa.org/assetspublic/ce281/pdf/SquadLists-English.pdf,,https://www.fifa.com/en/tournaments/mens/worldcup/canadamexicousa2026/articles/match-schedule-fixtures-results-teams-stadiums,Official FIFA final squad candidate pool row. Add homogeneous player-stat source before scoring.,Official FIFA final squad — FW/MF candidate pool,https://inside.fifa.com/organisation/media-releases/world-cup-2026-48-squads-confirmed,candidate_pool_no_player_stats_yet,TRUE,2026-06-09,SCO,14,FW,STEWART Ross,Ross Cameron,STEWART,STEWART,11/07/1996,188,FALSE,needs_stats_enrichment,https://fdp.fifa.org/assetspublic/ce281/pdf/SquadLists-English.pdf
John MCGINN,Scotland,Aston Villa FC (ENG),Midfielder,,,,,,,,,,,3.2,55,0.35,1.0,1.0,0.05,0.15,0.78,0.35,https://fdp.fifa.org/assetspublic/ce281/pdf/SquadLists-English.pdf,,https://www.fifa.com/en/tournaments/mens/worldcup/canadamexicousa2026/articles/match-schedule-fixtures-results-teams-stadiums,Official FIFA final squad candidate pool row. Add homogeneous player-stat source before scoring.,Official FIFA final squad — FW/MF candidate pool,https://inside.fifa.com/organisation/media-releases/world-cup-2026-48-squads-confirmed,candidate_pool_no_player_stats_yet,TRUE,2026-06-09,SCO,7,MF,McGINN John,John,MCGINN,MCGINN,18/10/1994,178,FALSE,needs_stats_enrichment,https://fdp.fifa.org/assetspublic/ce281/pdf/SquadLists-English.pdf
Kenneth MCLEAN,Scotland,Norwich City FC (ENG),Midfielder,,,,,,,,,,,3.2,55,0.35,1.0,1.0,0.05,0.15,0.78,0.35,https://fdp.fifa.org/assetspublic/ce281/pdf/SquadLists-English.pdf,,https://www.fifa.com/en/tournaments/mens/worldcup/canadamexicousa2026/articles/match-schedule-fixtures-results-teams-stadiums,Official FIFA final squad candidate pool row. Add homogeneous player-stat source before scoring.,Official FIFA final squad — FW/MF candidate pool,https://inside.fifa.com/organisation/media-releases/world-cup-2026-48-squads-confirmed,candidate_pool_no_player_stats_yet,TRUE,2026-06-09,SCO,23,MF,McLEAN Kenny,Kenneth,MCLEAN,MCLEAN,08/01/1992,183,FALSE,needs_stats_enrichment,https://fdp.fifa.org/assetspublic/ce281/pdf/SquadLists-English.pdf
Lewis FERGUSON,Scotland,Bologna FC (ITA),Midfielder,,,,,,,,,,,3.2,55,0.35,1.0,1.0,0.05,0.15,0.78,0.35,https://fdp.fifa.org/assetspublic/ce281/pdf/SquadLists-English.pdf,,https://www.fifa.com/en/tournaments/mens/worldcup/canadamexicousa2026/articles/match-schedule-fixtures-results-teams-stadiums,Official FIFA final squad candidate pool row. Add homogeneous player-stat source before scoring.,Official FIFA final squad — FW/MF candidate pool,https://inside.fifa.com/organisation/media-releases/world-cup-2026-48-squads-confirmed,candidate_pool_no_player_stats_yet,TRUE,2026-06-09,SCO,19,MF,FERGUSON Lewis,Lewis,FERGUSON,FERGUSON,24/08/1999,181,FALSE,needs_stats_enrichment,https://fdp.fifa.org/assetspublic/ce281/pdf/SquadLists-English.pdf
Ryan CHRISTIE,Scotland,AFC Bournemouth (ENG),Midfielder,,,,,,,,,,,3.2,55,0.35,1.0,1.0,0.05,0.15,0.78,0.35,https://fdp.fifa.org/assetspublic/ce281/pdf/SquadLists-English.pdf,,https://www.fifa.com/en/tournaments/mens/worldcup/canadamexicousa2026/articles/match-schedule-fixtures-results-teams-stadiums,Official FIFA final squad candidate pool row. Add homogeneous player-stat source before scoring.,Official FIFA final squad — FW/MF candidate pool,https://inside.fifa.com/organisation/media-releases/world-cup-2026-48-squads-confirmed,candidate_pool_no_player_stats_yet,TRUE,2026-06-09,SCO,11,MF,CHRISTIE Ryan,Ryan,CHRISTIE,CHRISTIE,22/02/1995,178,FALSE,needs_stats_enrichment,https://fdp.fifa.org/assetspublic/ce281/pdf/SquadLists-English.pdf
Scott Francis MCTOMINAY,Scotland,SSC Napoli (ITA),Midfielder,,,,,,,,,,,3.2,55,0.35,1.0,1.0,0.05,0.15,0.78,0.35,https://fdp.fifa.org/assetspublic/ce281/pdf/SquadLists-English.pdf,,https://www.fifa.com/en/tournaments/mens/worldcup/canadamexicousa2026/articles/match-schedule-fixtures-results-teams-stadiums,Official FIFA final squad candidate pool row. Add homogeneous player-stat source before scoring.,Official FIFA final squad — FW/MF candidate pool,https://inside.fifa.com/organisation/media-releases/world-cup-2026-48-squads-confirmed,candidate_pool_no_player_stats_yet,TRUE,2026-06-09,SCO,4,MF,McTOMINAY Scott,Scott Francis,MCTOMINAY,MCTOMINAY,08/12/1996,193,FALSE,needs_stats_enrichment,https://fdp.fifa.org/assetspublic/ce281/pdf/SquadLists-English.pdf
Tyler Robert FLETCHER,Scotland,Manchester United FC (ENG),Midfielder,,,,,,,,,,,3.2,55,0.35,1.0,1.0,0.05,0.15,0.78,0.35,https://fdp.fifa.org/assetspublic/ce281/pdf/SquadLists-English.pdf,,https://www.fifa.com/en/tournaments/mens/worldcup/canadamexicousa2026/articles/match-schedule-fixtures-results-teams-stadiums,Official FIFA final squad candidate pool row. Add homogeneous player-stat source before scoring.,Official FIFA final squad — FW/MF candidate pool,https://inside.fifa.com/organisation/media-releases/world-cup-2026-48-squads-confirmed,candidate_pool_no_player_stats_yet,TRUE,2026-06-09,SCO,8,MF,FLETCHER Tyler,Tyler Robert,FLETCHER,FLETCHER,19/03/2007,183,FALSE,needs_stats_enrichment,https://fdp.fifa.org/assetspublic/ce281/pdf/SquadLists-English.pdf
Assane DIAO,Senegal,Como (ITA),Forward,,,,,,,,,,,3.2,55,0.35,1.0,1.0,0.05,0.15,0.78,0.35,https://fdp.fifa.org/assetspublic/ce281/pdf/SquadLists-English.pdf,,https://www.fifa.com/en/tournaments/mens/worldcup/canadamexicousa2026/articles/match-schedule-fixtures-results-teams-stadiums,Official FIFA final squad candidate pool row. Add homogeneous player-stat source before scoring.,Official FIFA final squad — FW/MF candidate pool,https://inside.fifa.com/organisation/media-releases/world-cup-2026-48-squads-confirmed,candidate_pool_no_player_stats_yet,TRUE,2026-06-09,SEN,7,FW,DIAO Assane,Assane,DIAO,DIAO,07/09/2005,185,FALSE,needs_stats_enrichment,https://fdp.fifa.org/assetspublic/ce281/pdf/SquadLists-English.pdf
Cheikh Ahmadou Bamba Mbacke DIENG,Senegal,FC Lorient (FRA),Forward,,,,,,,,,,,3.2,55,0.35,1.0,1.0,0.05,0.15,0.78,0.35,https://fdp.fifa.org/assetspublic/ce281/pdf/SquadLists-English.pdf,,https://www.fifa.com/en/tournaments/mens/worldcup/canadamexicousa2026/articles/match-schedule-fixtures-results-teams-stadiums,Official FIFA final squad candidate pool row. Add homogeneous player-stat source before scoring.,Official FIFA final squad — FW/MF candidate pool,https://inside.fifa.com/organisation/media-releases/world-cup-2026-48-squads-confirmed,candidate_pool_no_player_stats_yet,TRUE,2026-06-09,SEN,9,FW,DIENG Bamba,Cheikh Ahmadou Bamba Mbacke,DIENG,B. DIENG,23/03/2000,178,FALSE,needs_stats_enrichment,https://fdp.fifa.org/assetspublic/ce281/pdf/SquadLists-English.pdf
Ibrahim MBAYE,Senegal,Paris Saint-Germain (FRA),Forward,,,,,,,,,,,3.2,55,0.35,1.0,1.0,0.05,0.15,0.78,0.35,https://fdp.fifa.org/assetspublic/ce281/pdf/SquadLists-English.pdf,,https://www.fifa.com/en/tournaments/mens/worldcup/canadamexicousa2026/articles/match-schedule-fixtures-results-teams-stadiums,Official FIFA final squad candidate pool row. Add homogeneous player-stat source before scoring.,Official FIFA final squad — FW/MF candidate pool,https://inside.fifa.com/organisation/media-releases/world-cup-2026-48-squads-confirmed,candidate_pool_no_player_stats_yet,TRUE,2026-06-09,SEN,20,FW,MBAYE Ibrahim,Ibrahim,MBAYE,MBAYE,24/01/2008,175,FALSE,needs_stats_enrichment,https://fdp.fifa.org/assetspublic/ce281/pdf/SquadLists-English.pdf
Iliman Cheikh Baroy NDIAYE,Senegal,Everton FC (ENG),Forward,,,,,,,,,,,3.2,55,0.35,1.0,1.0,0.05,0.15,0.78,0.35,https://fdp.fifa.org/assetspublic/ce281/pdf/SquadLists-English.pdf,,https://www.fifa.com/en/tournaments/mens/worldcup/canadamexicousa2026/articles/match-schedule-fixtures-results-teams-stadiums,Official FIFA final squad candidate pool row. Add homogeneous player-stat source before scoring.,Official FIFA final squad — FW/MF candidate pool,https://inside.fifa.com/organisation/media-releases/world-cup-2026-48-squads-confirmed,candidate_pool_no_player_stats_yet,TRUE,2026-06-09,SEN,13,FW,NDIAYE Iliman,Iliman Cheikh Baroy,NDIAYE,NDIAYE,06/03/2000,180,FALSE,needs_stats_enrichment,https://fdp.fifa.org/assetspublic/ce281/pdf/SquadLists-English.pdf
Ismaila SARR,Senegal,Crystal Palace FC (ENG),Forward,,,,,,,,,,,3.2,55,0.35,1.0,1.0,0.05,0.15,0.78,0.35,https://fdp.fifa.org/assetspublic/ce281/pdf/SquadLists-English.pdf,,https://www.fifa.com/en/tournaments/mens/worldcup/canadamexicousa2026/articles/match-schedule-fixtures-results-teams-stadiums,Official FIFA final squad candidate pool row. Add homogeneous player-stat source before scoring.,Official FIFA final squad — FW/MF candidate pool,https://inside.fifa.com/organisation/media-releases/world-cup-2026-48-squads-confirmed,candidate_pool_no_player_stats_yet,TRUE,2026-06-09,SEN,18,FW,SARR Ismaila,Ismaila,SARR,SARR,25/02/1998,185,FALSE,needs_stats_enrichment,https://fdp.fifa.org/assetspublic/ce281/pdf/SquadLists-English.pdf
Nicolas JACKSON,Senegal,FC Bayern München (GER),Forward,,,,,,,,,,,3.2,55,0.35,1.0,1.0,0.05,0.15,0.78,0.35,https://fdp.fifa.org/assetspublic/ce281/pdf/SquadLists-English.pdf,,https://www.fifa.com/en/tournaments/mens/worldcup/canadamexicousa2026/articles/match-schedule-fixtures-results-teams-stadiums,Official FIFA final squad candidate pool row. Add homogeneous player-stat source before scoring.,Official FIFA final squad — FW/MF candidate pool,https://inside.fifa.com/organisation/media-releases/world-cup-2026-48-squads-confirmed,candidate_pool_no_player_stats_yet,TRUE,2026-06-09,SEN,11,FW,JACKSON Nicolas,Nicolas,JACKSON,JACKSON,20/06/2001,187,FALSE,needs_stats_enrichment,https://fdp.fifa.org/assetspublic/ce281/pdf/SquadLists-English.pdf
Pape Cherif NDIAYE,Senegal,Samsunspor (TUR),Forward,,,,,,,,,,,3.2,55,0.35,1.0,1.0,0.05,0.15,0.78,0.35,https://fdp.fifa.org/assetspublic/ce281/pdf/SquadLists-English.pdf,,https://www.fifa.com/en/tournaments/mens/worldcup/canadamexicousa2026/articles/match-schedule-fixtures-results-teams-stadiums,Official FIFA final squad candidate pool row. Add homogeneous player-stat source before scoring.,Official FIFA final squad — FW/MF candidate pool,https://inside.fifa.com/organisation/media-releases/world-cup-2026-48-squads-confirmed,candidate_pool_no_player_stats_yet,TRUE,2026-06-09,SEN,12,FW,NDIAYE Cherif,Pape Cherif,NDIAYE,CHERIF,23/01/1996,190,FALSE,needs_stats_enrichment,https://fdp.fifa.org/assetspublic/ce281/pdf/SquadLists-English.pdf
Sadio MANÉ,Senegal,Al Nassr FC (KSA),Forward,,,,,,,,,,,3.2,55,0.35,1.0,1.0,0.05,0.15,0.78,0.35,https://fdp.fifa.org/assetspublic/ce281/pdf/SquadLists-English.pdf,,https://www.fifa.com/en/tournaments/mens/worldcup/canadamexicousa2026/articles/match-schedule-fixtures-results-teams-stadiums,Official FIFA final squad candidate pool row. Add homogeneous player-stat source before scoring.,Official FIFA final squad — FW/MF candidate pool,https://inside.fifa.com/organisation/media-releases/world-cup-2026-48-squads-confirmed,candidate_pool_no_player_stats_yet,TRUE,2026-06-09,SEN,10,FW,MANE Sadio,Sadio,MANÉ,MANÉ,10/04/1992,175,FALSE,needs_stats_enrichment,https://fdp.fifa.org/assetspublic/ce281/pdf/SquadLists-English.pdf
Bara Sapoko NDIAYE,Senegal,FC Bayern München (GER),Midfielder,,,,,,,,,,,3.2,55,0.35,1.0,1.0,0.05,0.15,0.78,0.35,https://fdp.fifa.org/assetspublic/ce281/pdf/SquadLists-English.pdf,,https://www.fifa.com/en/tournaments/mens/worldcup/canadamexicousa2026/articles/match-schedule-fixtures-results-teams-stadiums,Official FIFA final squad candidate pool row. Add homogeneous player-stat source before scoring.,Official FIFA final squad — FW/MF candidate pool,https://inside.fifa.com/organisation/media-releases/world-cup-2026-48-squads-confirmed,candidate_pool_no_player_stats_yet,TRUE,2026-06-09,SEN,22,MF,NDIAYE Bara Sapoko,Bara Sapoko,NDIAYE,BARA,31/12/2007,180,FALSE,needs_stats_enrichment,https://fdp.fifa.org/assetspublic/ce281/pdf/SquadLists-English.pdf
Idrissa Gana GUEYE,Senegal,Everton FC (ENG),Midfielder,,,,,,,,,,,3.2,55,0.35,1.0,1.0,0.05,0.15,0.78,0.35,https://fdp.fifa.org/assetspublic/ce281/pdf/SquadLists-English.pdf,,https://www.fifa.com/en/tournaments/mens/worldcup/canadamexicousa2026/articles/match-schedule-fixtures-results-teams-stadiums,Official FIFA final squad candidate pool row. Add homogeneous player-stat source before scoring.,Official FIFA final squad — FW/MF candidate pool,https://inside.fifa.com/organisation/media-releases/world-cup-2026-48-squads-confirmed,candidate_pool_no_player_stats_yet,TRUE,2026-06-09,SEN,5,MF,GUEYE Idrissa Gana,Idrissa Gana,GUEYE,GANA,26/09/1989,174,FALSE,needs_stats_enrichment,https://fdp.fifa.org/assetspublic/ce281/pdf/SquadLists-English.pdf
Ismaila Pathe CISS,Senegal,Rayo Vallecano (ESP),Midfielder,,,,,,,,,,,3.2,55,0.35,1.0,1.0,0.05,0.15,0.78,0.35,https://fdp.fifa.org/assetspublic/ce281/pdf/SquadLists-English.pdf,,https://www.fifa.com/en/tournaments/mens/worldcup/canadamexicousa2026/articles/match-schedule-fixtures-results-teams-stadiums,Official FIFA final squad candidate pool row. Add homogeneous player-stat source before scoring.,Official FIFA final squad — FW/MF candidate pool,https://inside.fifa.com/organisation/media-releases/world-cup-2026-48-squads-confirmed,candidate_pool_no_player_stats_yet,TRUE,2026-06-09,SEN,6,MF,CISS Pathe,Ismaila Pathe,CISS,P.I. CISS,16/03/1994,186,FALSE,needs_stats_enrichment,https://fdp.fifa.org/assetspublic/ce281/pdf/SquadLists-English.pdf
Lamine CAMARA,Senegal,AS Monaco (FRA),Midfielder,,,,,,,,,,,3.2,55,0.35,1.0,1.0,0.05,0.15,0.78,0.35,https://fdp.fifa.org/assetspublic/ce281/pdf/SquadLists-English.pdf,,https://www.fifa.com/en/tournaments/mens/worldcup/canadamexicousa2026/articles/match-schedule-fixtures-results-teams-stadiums,Official FIFA final squad candidate pool row. Add homogeneous player-stat source before scoring.,Official FIFA final squad — FW/MF candidate pool,https://inside.fifa.com/organisation/media-releases/world-cup-2026-48-squads-confirmed,candidate_pool_no_player_stats_yet,TRUE,2026-06-09,SEN,8,MF,CAMARA Lamine,Lamine,CAMARA,LAMINE,01/01/2004,174,FALSE,needs_stats_enrichment,https://fdp.fifa.org/assetspublic/ce281/pdf/SquadLists-English.pdf
Mouhamadou Habib Mbacke DIARRA,Senegal,Sunderland AFC (ENG),Midfielder,,,,,,,,,,,3.2,55,0.35,1.0,1.0,0.05,0.15,0.78,0.35,https://fdp.fifa.org/assetspublic/ce281/pdf/SquadLists-English.pdf,,https://www.fifa.com/en/tournaments/mens/worldcup/canadamexicousa2026/articles/match-schedule-fixtures-results-teams-stadiums,Official FIFA final squad candidate pool row. Add homogeneous player-stat source before scoring.,Official FIFA final squad — FW/MF candidate pool,https://inside.fifa.com/organisation/media-releases/world-cup-2026-48-squads-confirmed,candidate_pool_no_player_stats_yet,TRUE,2026-06-09,SEN,21,MF,DIARRA Habib,Mouhamadou Habib Mbacke,DIARRA,H. DIARRA,03/01/2004,178,FALSE,needs_stats_enrichment,https://fdp.fifa.org/assetspublic/ce281/pdf/SquadLists-English.pdf
Pape Alassane GUEYE,Senegal,Villarreal CF (ESP),Midfielder,,,,,,,,,,,3.2,55,0.35,1.0,1.0,0.05,0.15,0.78,0.35,https://fdp.fifa.org/assetspublic/ce281/pdf/SquadLists-English.pdf,,https://www.fifa.com/en/tournaments/mens/worldcup/canadamexicousa2026/articles/match-schedule-fixtures-results-teams-stadiums,Official FIFA final squad candidate pool row. Add homogeneous player-stat source before scoring.,Official FIFA final squad — FW/MF candidate pool,https://inside.fifa.com/organisation/media-releases/world-cup-2026-48-squads-confirmed,candidate_pool_no_player_stats_yet,TRUE,2026-06-09,SEN,26,MF,GUEYE Pape,Pape Alassane,GUEYE,GUEYE,24/01/1999,189,FALSE,needs_stats_enrichment,https://fdp.fifa.org/assetspublic/ce281/pdf/SquadLists-English.pdf
Pape Matar SARR,Senegal,Tottenham Hotspur FC (ENG),Midfielder,,,,,,,,,,,3.2,55,0.35,1.0,1.0,0.05,0.15,0.78,0.35,https://fdp.fifa.org/assetspublic/ce281/pdf/SquadLists-English.pdf,,https://www.fifa.com/en/tournaments/mens/worldcup/canadamexicousa2026/articles/match-schedule-fixtures-results-teams-stadiums,Official FIFA final squad candidate pool row. Add homogeneous player-stat source before scoring.,Official FIFA final squad — FW/MF candidate pool,https://inside.fifa.com/organisation/media-releases/world-cup-2026-48-squads-confirmed,candidate_pool_no_player_stats_yet,TRUE,2026-06-09,SEN,17,MF,SARR Pape Matar,Pape Matar,SARR,P.M. SARR,14/09/2002,185,FALSE,needs_stats_enrichment,https://fdp.fifa.org/assetspublic/ce281/pdf/SquadLists-English.pdf
Iqraam RAYNERS,South Africa,Mamelodi Sundowns FC (RSA),Forward,,,,,,,,,,,3.2,55,0.35,1.0,1.0,0.05,0.15,0.78,0.35,https://fdp.fifa.org/assetspublic/ce281/pdf/SquadLists-English.pdf,,https://www.fifa.com/en/tournaments/mens/worldcup/canadamexicousa2026/articles/match-schedule-fixtures-results-teams-stadiums,Official FIFA final squad candidate pool row. Add homogeneous player-stat source before scoring.,Official FIFA final squad — FW/MF candidate pool,https://inside.fifa.com/organisation/media-releases/world-cup-2026-48-squads-confirmed,candidate_pool_no_player_stats_yet,TRUE,2026-06-09,RSA,15,FW,RAYNERS Iqraam,Iqraam,RAYNERS,RAYNERS,19/12/1995,174,FALSE,needs_stats_enrichment,https://fdp.fifa.org/assetspublic/ce281/pdf/SquadLists-English.pdf
Kamogelo Michael SEBELEBELE,South Africa,Orlando Pirates FC (RSA),Forward,,,,,,,,,,,3.2,55,0.35,1.0,1.0,0.05,0.15,0.78,0.35,https://fdp.fifa.org/assetspublic/ce281/pdf/SquadLists-English.pdf,,https://www.fifa.com/en/tournaments/mens/worldcup/canadamexicousa2026/articles/match-schedule-fixtures-results-teams-stadiums,Official FIFA final squad candidate pool row. Add homogeneous player-stat source before scoring.,Official FIFA final squad — FW/MF candidate pool,https://inside.fifa.com/organisation/media-releases/world-cup-2026-48-squads-confirmed,candidate_pool_no_player_stats_yet,TRUE,2026-06-09,RSA,25,FW,SEBELEBELE Kamogelo,Kamogelo Michael,SEBELEBELE,SEBELEBELE,21/07/2002,166,FALSE,needs_stats_enrichment,https://fdp.fifa.org/assetspublic/ce281/pdf/SquadLists-English.pdf
Lyle Brent FOSTER,South Africa,Burnley FC (ENG),Forward,,,,,,,,,,,3.2,55,0.35,1.0,1.0,0.05,0.15,0.78,0.35,https://fdp.fifa.org/assetspublic/ce281/pdf/SquadLists-English.pdf,,https://www.fifa.com/en/tournaments/mens/worldcup/canadamexicousa2026/articles/match-schedule-fixtures-results-teams-stadiums,Official FIFA final squad candidate pool row. Add homogeneous player-stat source before scoring.,Official FIFA final squad — FW/MF candidate pool,https://inside.fifa.com/organisation/media-releases/world-cup-2026-48-squads-confirmed,candidate_pool_no_player_stats_yet,TRUE,2026-06-09,RSA,9,FW,FOSTER Lyle,Lyle Brent,FOSTER,FOSTER,03/09/2000,185,FALSE,needs_stats_enrichment,https://fdp.fifa.org/assetspublic/ce281/pdf/SquadLists-English.pdf
Oswin Reagan APPOLLIS,South Africa,Orlando Pirates FC (RSA),Forward,,,,,,,,,,,3.2,55,0.35,1.0,1.0,0.05,0.15,0.78,0.35,https://fdp.fifa.org/assetspublic/ce281/pdf/SquadLists-English.pdf,,https://www.fifa.com/en/tournaments/mens/worldcup/canadamexicousa2026/articles/match-schedule-fixtures-results-teams-stadiums,Official FIFA final squad candidate pool row. Add homogeneous player-stat source before scoring.,Official FIFA final squad — FW/MF candidate pool,https://inside.fifa.com/organisation/media-releases/world-cup-2026-48-squads-confirmed,candidate_pool_no_player_stats_yet,TRUE,2026-06-09,RSA,7,FW,APPOLLIS Oswin,Oswin Reagan,APPOLLIS,APPOLLIS,25/08/2001,171,FALSE,needs_stats_enrichment,https://fdp.fifa.org/assetspublic/ce281/pdf/SquadLists-English.pdf
Relebohile MOFOKENG,South Africa,Orlando Pirates FC (RSA),Forward,,,,,,,,,,,3.2,55,0.35,1.0,1.0,0.05,0.15,0.78,0.35,https://fdp.fifa.org/assetspublic/ce281/pdf/SquadLists-English.pdf,,https://www.fifa.com/en/tournaments/mens/worldcup/canadamexicousa2026/articles/match-schedule-fixtures-results-teams-stadiums,Official FIFA final squad candidate pool row. Add homogeneous player-stat source before scoring.,Official FIFA final squad — FW/MF candidate pool,https://inside.fifa.com/organisation/media-releases/world-cup-2026-48-squads-confirmed,candidate_pool_no_player_stats_yet,TRUE,2026-06-09,RSA,10,FW,MOFOKENG Relebohile,Relebohile,MOFOKENG,MOFOKENG,23/10/2004,168,FALSE,needs_stats_enrichment,https://fdp.fifa.org/assetspublic/ce281/pdf/SquadLists-English.pdf
Sekotori Evidence MAKGOPA,South Africa,Orlando Pirates FC (RSA),Forward,,,,,,,,,,,3.2,55,0.35,1.0,1.0,0.05,0.15,0.78,0.35,https://fdp.fifa.org/assetspublic/ce281/pdf/SquadLists-English.pdf,,https://www.fifa.com/en/tournaments/mens/worldcup/canadamexicousa2026/articles/match-schedule-fixtures-results-teams-stadiums,Official FIFA final squad candidate pool row. Add homogeneous player-stat source before scoring.,Official FIFA final squad — FW/MF candidate pool,https://inside.fifa.com/organisation/media-releases/world-cup-2026-48-squads-confirmed,candidate_pool_no_player_stats_yet,TRUE,2026-06-09,RSA,17,FW,MAKGOPA Evidence,Sekotori Evidence,MAKGOPA,MAKGPA,05/06/2000,183,FALSE,needs_stats_enrichment,https://fdp.fifa.org/assetspublic/ce281/pdf/SquadLists-English.pdf
Thapelo MASEKO,South Africa,AEL Limassol (CYP),Forward,,,,,,,,,,,3.2,55,0.35,1.0,1.0,0.05,0.15,0.78,0.35,https://fdp.fifa.org/assetspublic/ce281/pdf/SquadLists-English.pdf,,https://www.fifa.com/en/tournaments/mens/worldcup/canadamexicousa2026/articles/match-schedule-fixtures-results-teams-stadiums,Official FIFA final squad candidate pool row. Add homogeneous player-stat source before scoring.,Official FIFA final squad — FW/MF candidate pool,https://inside.fifa.com/organisation/media-releases/world-cup-2026-48-squads-confirmed,candidate_pool_no_player_stats_yet,TRUE,2026-06-09,RSA,12,FW,MASEKO Thapelo,Thapelo,MASEKO,MASEKO,11/11/2003,178,FALSE,needs_stats_enrichment,https://fdp.fifa.org/assetspublic/ce281/pdf/SquadLists-English.pdf
Tshepang MOREMI,South Africa,Orlando Pirates FC (RSA),Forward,,,,,,,,,,,3.2,55,0.35,1.0,1.0,0.05,0.15,0.78,0.35,https://fdp.fifa.org/assetspublic/ce281/pdf/SquadLists-English.pdf,,https://www.fifa.com/en/tournaments/mens/worldcup/canadamexicousa2026/articles/match-schedule-fixtures-results-teams-stadiums,Official FIFA final squad candidate pool row. Add homogeneous player-stat source before scoring.,Official FIFA final squad — FW/MF candidate pool,https://inside.fifa.com/organisation/media-releases/world-cup-2026-48-squads-confirmed,candidate_pool_no_player_stats_yet,TRUE,2026-06-09,RSA,8,FW,MOREMI Tshepang,Tshepang,MOREMI,MOREMI,02/10/2000,169,FALSE,needs_stats_enrichment,https://fdp.fifa.org/assetspublic/ce281/pdf/SquadLists-English.pdf
Jayden Oswin ADAMS,South Africa,Mamelodi Sundowns FC (RSA),Midfielder,,,,,,,,,,,3.2,55,0.35,1.0,1.0,0.05,0.15,0.78,0.35,https://fdp.fifa.org/assetspublic/ce281/pdf/SquadLists-English.pdf,,https://www.fifa.com/en/tournaments/mens/worldcup/canadamexicousa2026/articles/match-schedule-fixtures-results-teams-stadiums,Official FIFA final squad candidate pool row. Add homogeneous player-stat source before scoring.,Official FIFA final squad — FW/MF candidate pool,https://inside.fifa.com/organisation/media-releases/world-cup-2026-48-squads-confirmed,candidate_pool_no_player_stats_yet,TRUE,2026-06-09,RSA,23,MF,ADAMS Jayden,Jayden Oswin,ADAMS,ADAMS,05/05/2001,177,FALSE,needs_stats_enrichment,https://fdp.fifa.org/assetspublic/ce281/pdf/SquadLists-English.pdf
Sphephelo S'miso SITHOLE,South Africa,CD Tondela (POR),Midfielder,,,,,,,,,,,3.2,55,0.35,1.0,1.0,0.05,0.15,0.78,0.35,https://fdp.fifa.org/assetspublic/ce281/pdf/SquadLists-English.pdf,,https://www.fifa.com/en/tournaments/mens/worldcup/canadamexicousa2026/articles/match-schedule-fixtures-results-teams-stadiums,Official FIFA final squad candidate pool row. Add homogeneous player-stat source before scoring.,Official FIFA final squad — FW/MF candidate pool,https://inside.fifa.com/organisation/media-releases/world-cup-2026-48-squads-confirmed,candidate_pool_no_player_stats_yet,TRUE,2026-06-09,RSA,13,MF,SITHOLE Sphephelo,Sphephelo S'miso,SITHOLE,SITHOLE,03/03/1999,197,FALSE,needs_stats_enrichment,https://fdp.fifa.org/assetspublic/ce281/pdf/SquadLists-English.pdf
Teboho MOKOENA,South Africa,Mamelodi Sundowns FC (RSA),Midfielder,,,,,,,,,,,3.2,55,0.35,1.0,1.0,0.05,0.15,0.78,0.35,https://fdp.fifa.org/assetspublic/ce281/pdf/SquadLists-English.pdf,,https://www.fifa.com/en/tournaments/mens/worldcup/canadamexicousa2026/articles/match-schedule-fixtures-results-teams-stadiums,Official FIFA final squad candidate pool row. Add homogeneous player-stat source before scoring.,Official FIFA final squad — FW/MF candidate pool,https://inside.fifa.com/organisation/media-releases/world-cup-2026-48-squads-confirmed,candidate_pool_no_player_stats_yet,TRUE,2026-06-09,RSA,4,MF,MOKOENA Teboho,Teboho,MOKOENA,MOKOENA,24/01/1997,177,FALSE,needs_stats_enrichment,https://fdp.fifa.org/assetspublic/ce281/pdf/SquadLists-English.pdf
Thalente Wandile MBATHA,South Africa,Orlando Pirates FC (RSA),Midfielder,,,,,,,,,,,3.2,55,0.35,1.0,1.0,0.05,0.15,0.78,0.35,https://fdp.fifa.org/assetspublic/ce281/pdf/SquadLists-English.pdf,,https://www.fifa.com/en/tournaments/mens/worldcup/canadamexicousa2026/articles/match-schedule-fixtures-results-teams-stadiums,Official FIFA final squad candidate pool row. Add homogeneous player-stat source before scoring.,Official FIFA final squad — FW/MF candidate pool,https://inside.fifa.com/organisation/media-releases/world-cup-2026-48-squads-confirmed,candidate_pool_no_player_stats_yet,TRUE,2026-06-09,RSA,5,MF,MBATHA Thalente,Thalente Wandile,MBATHA,MBATHA,06/03/2000,179,FALSE,needs_stats_enrichment,https://fdp.fifa.org/assetspublic/ce281/pdf/SquadLists-English.pdf
Themba ZWANE,South Africa,Mamelodi Sundowns FC (RSA),Midfielder,,,,,,,,,,,3.2,55,0.35,1.0,1.0,0.05,0.15,0.78,0.35,https://fdp.fifa.org/assetspublic/ce281/pdf/SquadLists-English.pdf,,https://www.fifa.com/en/tournaments/mens/worldcup/canadamexicousa2026/articles/match-schedule-fixtures-results-teams-stadiums,Official FIFA final squad candidate pool row. Add homogeneous player-stat source before scoring.,Official FIFA final squad — FW/MF candidate pool,https://inside.fifa.com/organisation/media-releases/world-cup-2026-48-squads-confirmed,candidate_pool_no_player_stats_yet,TRUE,2026-06-09,RSA,11,MF,ZWANE Themba,Themba,ZWANE,ZWANE,03/08/1989,178,FALSE,needs_stats_enrichment,https://fdp.fifa.org/assetspublic/ce281/pdf/SquadLists-English.pdf
Borja IGLESIAS QUINTÁS,Spain,RC Celta Vigo (ESP),Forward,,,,,,,,,,,5.5,55,0.35,1.14,1.03,0.05,0.17,0.78,0.35,https://fdp.fifa.org/assetspublic/ce281/pdf/SquadLists-English.pdf,,https://www.fifa.com/en/tournaments/mens/worldcup/canadamexicousa2026/articles/match-schedule-fixtures-results-teams-stadiums,Official FIFA final squad candidate pool row. Add homogeneous player-stat source before scoring.,Official FIFA final squad — FW/MF candidate pool,https://inside.fifa.com/organisation/media-releases/world-cup-2026-48-squads-confirmed,candidate_pool_no_player_stats_yet,TRUE,2026-06-09,ESP,26,FW,IGLESIAS Borja,Borja,IGLESIAS QUINTÁS,B. IGLESIAS,17/01/1993,187,FALSE,needs_stats_enrichment,https://fdp.fifa.org/assetspublic/ce281/pdf/SquadLists-English.pdf
Daniel OLMO CARVAJAL,Spain,FC Barcelona (ESP),Forward,,,,,,,,,,,5.5,55,0.35,1.14,1.03,0.05,0.17,0.78,0.35,https://fdp.fifa.org/assetspublic/ce281/pdf/SquadLists-English.pdf,,https://www.fifa.com/en/tournaments/mens/worldcup/canadamexicousa2026/articles/match-schedule-fixtures-results-teams-stadiums,Official FIFA final squad candidate pool row. Add homogeneous player-stat source before scoring.,Official FIFA final squad — FW/MF candidate pool,https://inside.fifa.com/organisation/media-releases/world-cup-2026-48-squads-confirmed,candidate_pool_no_player_stats_yet,TRUE,2026-06-09,ESP,10,FW,OLMO Dani,Daniel,OLMO CARVAJAL,OLMO,07/05/1998,179,FALSE,needs_stats_enrichment,https://fdp.fifa.org/assetspublic/ce281/pdf/SquadLists-English.pdf
Nicholas WILLIAMS ARTHUER,Spain,Athletic Club (ESP),Forward,,,,,,,,,,,5.5,55,0.35,1.14,1.03,0.05,0.17,0.78,0.35,https://fdp.fifa.org/assetspublic/ce281/pdf/SquadLists-English.pdf,,https://www.fifa.com/en/tournaments/mens/worldcup/canadamexicousa2026/articles/match-schedule-fixtures-results-teams-stadiums,Official FIFA final squad candidate pool row. Add homogeneous player-stat source before scoring.,Official FIFA final squad — FW/MF candidate pool,https://inside.fifa.com/organisation/media-releases/world-cup-2026-48-squads-confirmed,candidate_pool_no_player_stats_yet,TRUE,2026-06-09,ESP,17,FW,WILLIAMS Nico,Nicholas,WILLIAMS ARTHUER,WILLIAMS JR,12/07/2002,181,FALSE,needs_stats_enrichment,https://fdp.fifa.org/assetspublic/ce281/pdf/SquadLists-English.pdf
Victor MUÑOZ VILLANUEVA,Spain,CA Osasuna (ESP),Forward,,,,,,,,,,,5.5,55,0.35,1.14,1.03,0.05,0.17,0.78,0.35,https://fdp.fifa.org/assetspublic/ce281/pdf/SquadLists-English.pdf,,https://www.fifa.com/en/tournaments/mens/worldcup/canadamexicousa2026/articles/match-schedule-fixtures-results-teams-stadiums,Official FIFA final squad candidate pool row. Add homogeneous player-stat source before scoring.,Official FIFA final squad — FW/MF candidate pool,https://inside.fifa.com/organisation/media-releases/world-cup-2026-48-squads-confirmed,candidate_pool_no_player_stats_yet,TRUE,2026-06-09,ESP,25,FW,MUNOZ Victor,Victor,MUÑOZ VILLANUEVA,VICTOR M.V.,13/07/2003,173,FALSE,needs_stats_enrichment,https://fdp.fifa.org/assetspublic/ce281/pdf/SquadLists-English.pdf
Yeremy Jesús PINO SANTOS,Spain,Crystal Palace FC (ENG),Forward,,,,,,,,,,,5.5,55,0.35,1.14,1.03,0.05,0.17,0.78,0.35,https://fdp.fifa.org/assetspublic/ce281/pdf/SquadLists-English.pdf,,https://www.fifa.com/en/tournaments/mens/worldcup/canadamexicousa2026/articles/match-schedule-fixtures-results-teams-stadiums,Official FIFA final squad candidate pool row. Add homogeneous player-stat source before scoring.,Official FIFA final squad — FW/MF candidate pool,https://inside.fifa.com/organisation/media-releases/world-cup-2026-48-squads-confirmed,candidate_pool_no_player_stats_yet,TRUE,2026-06-09,ESP,11,FW,PINO Yeremy,Yeremy Jesús,PINO SANTOS,YEREMY,20/10/2002,174,FALSE,needs_stats_enrichment,https://fdp.fifa.org/assetspublic/ce281/pdf/SquadLists-English.pdf
Alejandro BAENA RODRÍGUEZ,Spain,Atlético De Madrid (ESP),Midfielder,,,,,,,,,,,5.5,55,0.35,1.14,1.03,0.05,0.17,0.78,0.35,https://fdp.fifa.org/assetspublic/ce281/pdf/SquadLists-English.pdf,,https://www.fifa.com/en/tournaments/mens/worldcup/canadamexicousa2026/articles/match-schedule-fixtures-results-teams-stadiums,Official FIFA final squad candidate pool row. Add homogeneous player-stat source before scoring.,Official FIFA final squad — FW/MF candidate pool,https://inside.fifa.com/organisation/media-releases/world-cup-2026-48-squads-confirmed,candidate_pool_no_player_stats_yet,TRUE,2026-06-09,ESP,15,MF,BAENA Alex,Alejandro,BAENA RODRÍGUEZ,ALEX B.,20/07/2001,172,FALSE,needs_stats_enrichment,https://fdp.fifa.org/assetspublic/ce281/pdf/SquadLists-English.pdf
Fabian RUIZ PEÑA,Spain,Paris Saint-Germain (FRA),Midfielder,,,,,,,,,,,5.5,55,0.35,1.14,1.03,0.05,0.17,0.78,0.35,https://fdp.fifa.org/assetspublic/ce281/pdf/SquadLists-English.pdf,,https://www.fifa.com/en/tournaments/mens/worldcup/canadamexicousa2026/articles/match-schedule-fixtures-results-teams-stadiums,Official FIFA final squad candidate pool row. Add homogeneous player-stat source before scoring.,Official FIFA final squad — FW/MF candidate pool,https://inside.fifa.com/organisation/media-releases/world-cup-2026-48-squads-confirmed,candidate_pool_no_player_stats_yet,TRUE,2026-06-09,ESP,8,MF,RUIZ Fabian,Fabian,RUIZ PEÑA,FABIÁN,03/04/1996,188,FALSE,needs_stats_enrichment,https://fdp.fifa.org/assetspublic/ce281/pdf/SquadLists-English.pdf
Martin ZUBIMENDI IBAÑEZ,Spain,Arsenal FC (ENG),Midfielder,,,,,,,,,,,5.5,55,0.35,1.14,1.03,0.05,0.17,0.78,0.35,https://fdp.fifa.org/assetspublic/ce281/pdf/SquadLists-English.pdf,,https://www.fifa.com/en/tournaments/mens/worldcup/canadamexicousa2026/articles/match-schedule-fixtures-results-teams-stadiums,Official FIFA final squad candidate pool row. Add homogeneous player-stat source before scoring.,Official FIFA final squad — FW/MF candidate pool,https://inside.fifa.com/organisation/media-releases/world-cup-2026-48-squads-confirmed,candidate_pool_no_player_stats_yet,TRUE,2026-06-09,ESP,18,MF,ZUBIMENDI Martin,Martin,ZUBIMENDI IBAÑEZ,ZUBIMENDI,02/02/1999,181,FALSE,needs_stats_enrichment,https://fdp.fifa.org/assetspublic/ce281/pdf/SquadLists-English.pdf
Mikel MERINO ZAZÓN,Spain,Arsenal FC (ENG),Midfielder,,,,,,,,,,,5.5,55,0.35,1.14,1.03,0.05,0.17,0.78,0.35,https://fdp.fifa.org/assetspublic/ce281/pdf/SquadLists-English.pdf,,https://www.fifa.com/en/tournaments/mens/worldcup/canadamexicousa2026/articles/match-schedule-fixtures-results-teams-stadiums,Official FIFA final squad candidate pool row. Add homogeneous player-stat source before scoring.,Official FIFA final squad — FW/MF candidate pool,https://inside.fifa.com/organisation/media-releases/world-cup-2026-48-squads-confirmed,candidate_pool_no_player_stats_yet,TRUE,2026-06-09,ESP,6,MF,MERINO Mikel,Mikel,MERINO ZAZÓN,MERINO,22/06/1996,188,FALSE,needs_stats_enrichment,https://fdp.fifa.org/assetspublic/ce281/pdf/SquadLists-English.pdf
Pablo PAEZ GAVIRA,Spain,FC Barcelona (ESP),Midfielder,,,,,,,,,,,5.5,55,0.35,1.14,1.03,0.05,0.17,0.78,0.35,https://fdp.fifa.org/assetspublic/ce281/pdf/SquadLists-English.pdf,,https://www.fifa.com/en/tournaments/mens/worldcup/canadamexicousa2026/articles/match-schedule-fixtures-results-teams-stadiums,Official FIFA final squad candidate pool row. Add homogeneous player-stat source before scoring.,Official FIFA final squad — FW/MF candidate pool,https://inside.fifa.com/organisation/media-releases/world-cup-2026-48-squads-confirmed,candidate_pool_no_player_stats_yet,TRUE,2026-06-09,ESP,9,MF,GAVI,Pablo,PAEZ GAVIRA,GAVI,05/08/2004,173,FALSE,needs_stats_enrichment,https://fdp.fifa.org/assetspublic/ce281/pdf/SquadLists-English.pdf
Pedro GONZÁLEZ LÓPEZ,Spain,FC Barcelona (ESP),Midfielder,,,,,,,,,,,5.5,55,0.35,1.14,1.03,0.05,0.17,0.78,0.35,https://fdp.fifa.org/assetspublic/ce281/pdf/SquadLists-English.pdf,,https://www.fifa.com/en/tournaments/mens/worldcup/canadamexicousa2026/articles/match-schedule-fixtures-results-teams-stadiums,Official FIFA final squad candidate pool row. Add homogeneous player-stat source before scoring.,Official FIFA final squad — FW/MF candidate pool,https://inside.fifa.com/organisation/media-releases/world-cup-2026-48-squads-confirmed,candidate_pool_no_player_stats_yet,TRUE,2026-06-09,ESP,20,MF,PEDRI,Pedro,GONZÁLEZ LÓPEZ,PEDRI,25/11/2002,174,FALSE,needs_stats_enrichment,https://fdp.fifa.org/assetspublic/ce281/pdf/SquadLists-English.pdf
Rodrigo HERNÁNDEZ CASCANTE,Spain,Manchester City FC (ENG),Midfielder,,,,,,,,,,,5.5,55,0.35,1.14,1.03,0.05,0.17,0.78,0.35,https://fdp.fifa.org/assetspublic/ce281/pdf/SquadLists-English.pdf,,https://www.fifa.com/en/tournaments/mens/worldcup/canadamexicousa2026/articles/match-schedule-fixtures-results-teams-stadiums,Official FIFA final squad candidate pool row. Add homogeneous player-stat source before scoring.,Official FIFA final squad — FW/MF candidate pool,https://inside.fifa.com/organisation/media-releases/world-cup-2026-48-squads-confirmed,candidate_pool_no_player_stats_yet,TRUE,2026-06-09,ESP,16,MF,RODRI,Rodrigo,HERNÁNDEZ CASCANTE,RODRIGO,22/06/1996,190,FALSE,needs_stats_enrichment,https://fdp.fifa.org/assetspublic/ce281/pdf/SquadLists-English.pdf
Anthony David Junior ELANGA,Sweden,Newcastle United FC (ENG),Forward,,,,,,,,,,,4.3,55,0.35,1.02,1.0,0.05,0.16,0.78,0.35,https://fdp.fifa.org/assetspublic/ce281/pdf/SquadLists-English.pdf,,https://www.fifa.com/en/tournaments/mens/worldcup/canadamexicousa2026/articles/match-schedule-fixtures-results-teams-stadiums,Official FIFA final squad candidate pool row. Add homogeneous player-stat source before scoring.,Official FIFA final squad — FW/MF candidate pool,https://inside.fifa.com/organisation/media-releases/world-cup-2026-48-squads-confirmed,candidate_pool_no_player_stats_yet,TRUE,2026-06-09,SWE,11,FW,ELANGA Anthony,Anthony David Junior,ELANGA,ELANGA,27/04/2002,178,FALSE,needs_stats_enrichment,https://fdp.fifa.org/assetspublic/ce281/pdf/SquadLists-English.pdf
Håkan Gustaf NILSSON,Sweden,Club Brugge (BEL),Forward,,,,,,,,,,,4.3,55,0.35,1.02,1.0,0.05,0.16,0.78,0.35,https://fdp.fifa.org/assetspublic/ce281/pdf/SquadLists-English.pdf,,https://www.fifa.com/en/tournaments/mens/worldcup/canadamexicousa2026/articles/match-schedule-fixtures-results-teams-stadiums,Official FIFA final squad candidate pool row. Add homogeneous player-stat source before scoring.,Official FIFA final squad — FW/MF candidate pool,https://inside.fifa.com/organisation/media-releases/world-cup-2026-48-squads-confirmed,candidate_pool_no_player_stats_yet,TRUE,2026-06-09,SWE,25,FW,NILSSON Gustaf,Håkan Gustaf,NILSSON,NILSSON,23/05/1997,197,FALSE,needs_stats_enrichment,https://fdp.fifa.org/assetspublic/ce281/pdf/SquadLists-English.pdf
Taha Abdi ALI,Sweden,Malmö FF (SWE),Forward,,,,,,,,,,,4.3,55,0.35,1.02,1.0,0.05,0.16,0.78,0.35,https://fdp.fifa.org/assetspublic/ce281/pdf/SquadLists-English.pdf,,https://www.fifa.com/en/tournaments/mens/worldcup/canadamexicousa2026/articles/match-schedule-fixtures-results-teams-stadiums,Official FIFA final squad candidate pool row. Add homogeneous player-stat source before scoring.,Official FIFA final squad — FW/MF candidate pool,https://inside.fifa.com/organisation/media-releases/world-cup-2026-48-squads-confirmed,candidate_pool_no_player_stats_yet,TRUE,2026-06-09,SWE,26,FW,ALI Taha,Taha Abdi,ALI,ALI,01/07/1998,174,FALSE,needs_stats_enrichment,https://fdp.fifa.org/assetspublic/ce281/pdf/SquadLists-English.pdf
Besfort ZENELI,Sweden,Royale Union Saint-Gilloise (BEL),Midfielder,,,,,,,,,,,4.3,55,0.35,1.02,1.0,0.05,0.16,0.78,0.35,https://fdp.fifa.org/assetspublic/ce281/pdf/SquadLists-English.pdf,,https://www.fifa.com/en/tournaments/mens/worldcup/canadamexicousa2026/articles/match-schedule-fixtures-results-teams-stadiums,Official FIFA final squad candidate pool row. Add homogeneous player-stat source before scoring.,Official FIFA final squad — FW/MF candidate pool,https://inside.fifa.com/organisation/media-releases/world-cup-2026-48-squads-confirmed,candidate_pool_no_player_stats_yet,TRUE,2026-06-09,SWE,22,MF,ZENELI Besfort,Besfort,ZENELI,ZENELI,21/11/2002,187,FALSE,needs_stats_enrichment,https://fdp.fifa.org/assetspublic/ce281/pdf/SquadLists-English.pdf
Erik Benjamin NYGREN,Sweden,Celtic FC (SCO),Midfielder,,,,,,,,,,,4.3,55,0.35,1.02,1.0,0.05,0.16,0.78,0.35,https://fdp.fifa.org/assetspublic/ce281/pdf/SquadLists-English.pdf,,https://www.fifa.com/en/tournaments/mens/worldcup/canadamexicousa2026/articles/match-schedule-fixtures-results-teams-stadiums,Official FIFA final squad candidate pool row. Add homogeneous player-stat source before scoring.,Official FIFA final squad — FW/MF candidate pool,https://inside.fifa.com/organisation/media-releases/world-cup-2026-48-squads-confirmed,candidate_pool_no_player_stats_yet,TRUE,2026-06-09,SWE,10,MF,NYGREN Benjamin,Erik Benjamin,NYGREN,NYGREN,08/07/2001,187,FALSE,needs_stats_enrichment,https://fdp.fifa.org/assetspublic/ce281/pdf/SquadLists-English.pdf
Jesper Kewe KARLSTRÖM,Sweden,Udinese (ITA),Midfielder,,,,,,,,,,,4.3,55,0.35,1.02,1.0,0.05,0.16,0.78,0.35,https://fdp.fifa.org/assetspublic/ce281/pdf/SquadLists-English.pdf,,https://www.fifa.com/en/tournaments/mens/worldcup/canadamexicousa2026/articles/match-schedule-fixtures-results-teams-stadiums,Official FIFA final squad candidate pool row. Add homogeneous player-stat source before scoring.,Official FIFA final squad — FW/MF candidate pool,https://inside.fifa.com/organisation/media-releases/world-cup-2026-48-squads-confirmed,candidate_pool_no_player_stats_yet,TRUE,2026-06-09,SWE,16,MF,KARLSTROM Jesper,Jesper Kewe,KARLSTRÖM,KARLSTRÖM,21/06/1995,182,FALSE,needs_stats_enrichment,https://fdp.fifa.org/assetspublic/ce281/pdf/SquadLists-English.pdf
Ken SEMA,Sweden,Pafos FC (CYP),Midfielder,,,,,,,,,,,4.3,55,0.35,1.02,1.0,0.05,0.16,0.78,0.35,https://fdp.fifa.org/assetspublic/ce281/pdf/SquadLists-English.pdf,,https://www.fifa.com/en/tournaments/mens/worldcup/canadamexicousa2026/articles/match-schedule-fixtures-results-teams-stadiums,Official FIFA final squad candidate pool row. Add homogeneous player-stat source before scoring.,Official FIFA final squad — FW/MF candidate pool,https://inside.fifa.com/organisation/media-releases/world-cup-2026-48-squads-confirmed,candidate_pool_no_player_stats_yet,TRUE,2026-06-09,SWE,13,MF,SEMA Ken,Ken,SEMA,SEMA,30/09/1993,180,FALSE,needs_stats_enrichment,https://fdp.fifa.org/assetspublic/ce281/pdf/SquadLists-English.pdf
Lucas Erik Holger BERGVALL,Sweden,Tottenham Hotspur FC (ENG),Midfielder,,,,,,,,,,,4.3,55,0.35,1.02,1.0,0.05,0.16,0.78,0.35,https://fdp.fifa.org/assetspublic/ce281/pdf/SquadLists-English.pdf,,https://www.fifa.com/en/tournaments/mens/worldcup/canadamexicousa2026/articles/match-schedule-fixtures-results-teams-stadiums,Official FIFA final squad candidate pool row. Add homogeneous player-stat source before scoring.,Official FIFA final squad — FW/MF candidate pool,https://inside.fifa.com/organisation/media-releases/world-cup-2026-48-squads-confirmed,candidate_pool_no_player_stats_yet,TRUE,2026-06-09,SWE,7,MF,BERGVALL Lucas,Lucas Erik Holger,BERGVALL,BERGVALL,02/02/2006,187,FALSE,needs_stats_enrichment,https://fdp.fifa.org/assetspublic/ce281/pdf/SquadLists-English.pdf
Mattias Olof SVANBERG,Sweden,VfL Wolfsburg (GER),Midfielder,,,,,,,,,,,4.3,55,0.35,1.02,1.0,0.05,0.16,0.78,0.35,https://fdp.fifa.org/assetspublic/ce281/pdf/SquadLists-English.pdf,,https://www.fifa.com/en/tournaments/mens/worldcup/canadamexicousa2026/articles/match-schedule-fixtures-results-teams-stadiums,Official FIFA final squad candidate pool row. Add homogeneous player-stat source before scoring.,Official FIFA final squad — FW/MF candidate pool,https://inside.fifa.com/organisation/media-releases/world-cup-2026-48-squads-confirmed,candidate_pool_no_player_stats_yet,TRUE,2026-06-09,SWE,19,MF,SVANBERG Mattias,Mattias Olof,SVANBERG,SVANBERG,05/01/1999,186,FALSE,needs_stats_enrichment,https://fdp.fifa.org/assetspublic/ce281/pdf/SquadLists-English.pdf
Yasin AYARI,Sweden,Brighton & Hove Albion FC (ENG),Midfielder,,,,,,,,,,,4.3,55,0.35,1.02,1.0,0.05,0.16,0.78,0.35,https://fdp.fifa.org/assetspublic/ce281/pdf/SquadLists-English.pdf,,https://www.fifa.com/en/tournaments/mens/worldcup/canadamexicousa2026/articles/match-schedule-fixtures-results-teams-stadiums,Official FIFA final squad candidate pool row. Add homogeneous player-stat source before scoring.,Official FIFA final squad — FW/MF candidate pool,https://inside.fifa.com/organisation/media-releases/world-cup-2026-48-squads-confirmed,candidate_pool_no_player_stats_yet,TRUE,2026-06-09,SWE,18,MF,AYARI Yasin,Yasin,AYARI,AYARI,06/10/2003,172,FALSE,needs_stats_enrichment,https://fdp.fifa.org/assetspublic/ce281/pdf/SquadLists-English.pdf
Breel Donald EMBOLO,Switzerland,Stade Rennais FC (FRA),Forward,,,,,,,,,,,3.2,55,0.35,1.0,1.0,0.05,0.15,0.78,0.35,https://fdp.fifa.org/assetspublic/ce281/pdf/SquadLists-English.pdf,,https://www.fifa.com/en/tournaments/mens/worldcup/canadamexicousa2026/articles/match-schedule-fixtures-results-teams-stadiums,Official FIFA final squad candidate pool row. Add homogeneous player-stat source before scoring.,Official FIFA final squad — FW/MF candidate pool,https://inside.fifa.com/organisation/media-releases/world-cup-2026-48-squads-confirmed,candidate_pool_no_player_stats_yet,TRUE,2026-06-09,SUI,7,FW,EMBOLO Breel,Breel Donald,EMBOLO,EMBOLO,14/02/1997,184,FALSE,needs_stats_enrichment,https://fdp.fifa.org/assetspublic/ce281/pdf/SquadLists-English.pdf
Cedric Jan ITTEN,Switzerland,Fortuna Düsseldorf (GER),Forward,,,,,,,,,,,3.2,55,0.35,1.0,1.0,0.05,0.15,0.78,0.35,https://fdp.fifa.org/assetspublic/ce281/pdf/SquadLists-English.pdf,,https://www.fifa.com/en/tournaments/mens/worldcup/canadamexicousa2026/articles/match-schedule-fixtures-results-teams-stadiums,Official FIFA final squad candidate pool row. Add homogeneous player-stat source before scoring.,Official FIFA final squad — FW/MF candidate pool,https://inside.fifa.com/organisation/media-releases/world-cup-2026-48-squads-confirmed,candidate_pool_no_player_stats_yet,TRUE,2026-06-09,SUI,26,FW,ITTEN Cedric,Cedric Jan,ITTEN,ITTEN,27/12/1996,190,FALSE,needs_stats_enrichment,https://fdp.fifa.org/assetspublic/ce281/pdf/SquadLists-English.pdf
Christian Andreas FASSNACHT,Switzerland,BSC Young Boys (SUI),Forward,,,,,,,,,,,3.2,55,0.35,1.0,1.0,0.05,0.15,0.78,0.35,https://fdp.fifa.org/assetspublic/ce281/pdf/SquadLists-English.pdf,,https://www.fifa.com/en/tournaments/mens/worldcup/canadamexicousa2026/articles/match-schedule-fixtures-results-teams-stadiums,Official FIFA final squad candidate pool row. Add homogeneous player-stat source before scoring.,Official FIFA final squad — FW/MF candidate pool,https://inside.fifa.com/organisation/media-releases/world-cup-2026-48-squads-confirmed,candidate_pool_no_player_stats_yet,TRUE,2026-06-09,SUI,16,FW,FASSNACHT Christian,Christian Andreas,FASSNACHT,FASSNACHT,11/11/1993,185,FALSE,needs_stats_enrichment,https://fdp.fifa.org/assetspublic/ce281/pdf/SquadLists-English.pdf
Dan NDOYE,Switzerland,Nottingham Forest FC (ENG),Forward,,,,,,,,,,,3.2,55,0.35,1.0,1.0,0.05,0.15,0.78,0.35,https://fdp.fifa.org/assetspublic/ce281/pdf/SquadLists-English.pdf,,https://www.fifa.com/en/tournaments/mens/worldcup/canadamexicousa2026/articles/match-schedule-fixtures-results-teams-stadiums,Official FIFA final squad candidate pool row. Add homogeneous player-stat source before scoring.,Official FIFA final squad — FW/MF candidate pool,https://inside.fifa.com/organisation/media-releases/world-cup-2026-48-squads-confirmed,candidate_pool_no_player_stats_yet,TRUE,2026-06-09,SUI,11,FW,NDOYE Dan,Dan,NDOYE,NDOYE,25/10/2000,184,FALSE,needs_stats_enrichment,https://fdp.fifa.org/assetspublic/ce281/pdf/SquadLists-English.pdf
Mohamed Zeki AMDOUNI,Switzerland,Burnley FC (ENG),Forward,,,,,,,,,,,3.2,55,0.35,1.0,1.0,0.05,0.15,0.78,0.35,https://fdp.fifa.org/assetspublic/ce281/pdf/SquadLists-English.pdf,,https://www.fifa.com/en/tournaments/mens/worldcup/canadamexicousa2026/articles/match-schedule-fixtures-results-teams-stadiums,Official FIFA final squad candidate pool row. Add homogeneous player-stat source before scoring.,Official FIFA final squad — FW/MF candidate pool,https://inside.fifa.com/organisation/media-releases/world-cup-2026-48-squads-confirmed,candidate_pool_no_player_stats_yet,TRUE,2026-06-09,SUI,23,FW,AMDOUNI Zeki,Mohamed Zeki,AMDOUNI,AMDOUNI,04/12/2000,183,FALSE,needs_stats_enrichment,https://fdp.fifa.org/assetspublic/ce281/pdf/SquadLists-English.pdf
Noah Arinzechukwu OKAFOR,Switzerland,Leeds United FC (ENG),Forward,,,,,,,,,,,3.2,55,0.35,1.0,1.0,0.05,0.15,0.78,0.35,https://fdp.fifa.org/assetspublic/ce281/pdf/SquadLists-English.pdf,,https://www.fifa.com/en/tournaments/mens/worldcup/canadamexicousa2026/articles/match-schedule-fixtures-results-teams-stadiums,Official FIFA final squad candidate pool row. Add homogeneous player-stat source before scoring.,Official FIFA final squad — FW/MF candidate pool,https://inside.fifa.com/organisation/media-releases/world-cup-2026-48-squads-confirmed,candidate_pool_no_player_stats_yet,TRUE,2026-06-09,SUI,19,FW,OKAFOR Noah,Noah Arinzechukwu,OKAFOR,OKAFOR,24/05/2000,185,FALSE,needs_stats_enrichment,https://fdp.fifa.org/assetspublic/ce281/pdf/SquadLists-English.pdf
Ruben Estephan VARGAS MARTINEZ,Switzerland,Sevilla FC (ESP),Forward,,,,,,,,,,,3.2,55,0.35,1.0,1.0,0.05,0.15,0.78,0.35,https://fdp.fifa.org/assetspublic/ce281/pdf/SquadLists-English.pdf,,https://www.fifa.com/en/tournaments/mens/worldcup/canadamexicousa2026/articles/match-schedule-fixtures-results-teams-stadiums,Official FIFA final squad candidate pool row. Add homogeneous player-stat source before scoring.,Official FIFA final squad — FW/MF candidate pool,https://inside.fifa.com/organisation/media-releases/world-cup-2026-48-squads-confirmed,candidate_pool_no_player_stats_yet,TRUE,2026-06-09,SUI,17,FW,VARGAS Ruben,Ruben Estephan,VARGAS MARTINEZ,VARGAS,05/08/1998,179,FALSE,needs_stats_enrichment,https://fdp.fifa.org/assetspublic/ce281/pdf/SquadLists-English.pdf
Ardon JASHARI,Switzerland,AC Milan (ITA),Midfielder,,,,,,,,,,,3.2,55,0.35,1.0,1.0,0.05,0.15,0.78,0.35,https://fdp.fifa.org/assetspublic/ce281/pdf/SquadLists-English.pdf,,https://www.fifa.com/en/tournaments/mens/worldcup/canadamexicousa2026/articles/match-schedule-fixtures-results-teams-stadiums,Official FIFA final squad candidate pool row. Add homogeneous player-stat source before scoring.,Official FIFA final squad — FW/MF candidate pool,https://inside.fifa.com/organisation/media-releases/world-cup-2026-48-squads-confirmed,candidate_pool_no_player_stats_yet,TRUE,2026-06-09,SUI,14,MF,JASHARI Ardon,Ardon,JASHARI,JASHARI,30/07/2002,181,FALSE,needs_stats_enrichment,https://fdp.fifa.org/assetspublic/ce281/pdf/SquadLists-English.pdf
Denis Lemi ZAKARIA LAKO LADO,Switzerland,AS Monaco (FRA),Midfielder,,,,,,,,,,,3.2,55,0.35,1.0,1.0,0.05,0.15,0.78,0.35,https://fdp.fifa.org/assetspublic/ce281/pdf/SquadLists-English.pdf,,https://www.fifa.com/en/tournaments/mens/worldcup/canadamexicousa2026/articles/match-schedule-fixtures-results-teams-stadiums,Official FIFA final squad candidate pool row. Add homogeneous player-stat source before scoring.,Official FIFA final squad — FW/MF candidate pool,https://inside.fifa.com/organisation/media-releases/world-cup-2026-48-squads-confirmed,candidate_pool_no_player_stats_yet,TRUE,2026-06-09,SUI,6,MF,ZAKARIA Denis,Denis Lemi,ZAKARIA LAKO LADO,ZAKARIA,20/11/1996,189,FALSE,needs_stats_enrichment,https://fdp.fifa.org/assetspublic/ce281/pdf/SquadLists-English.pdf
Fabian RIEDER,Switzerland,FC Augsburg (GER),Midfielder,,,,,,,,,,,3.2,55,0.35,1.0,1.0,0.05,0.15,0.78,0.35,https://fdp.fifa.org/assetspublic/ce281/pdf/SquadLists-English.pdf,,https://www.fifa.com/en/tournaments/mens/worldcup/canadamexicousa2026/articles/match-schedule-fixtures-results-teams-stadiums,Official FIFA final squad candidate pool row. Add homogeneous player-stat source before scoring.,Official FIFA final squad — FW/MF candidate pool,https://inside.fifa.com/organisation/media-releases/world-cup-2026-48-squads-confirmed,candidate_pool_no_player_stats_yet,TRUE,2026-06-09,SUI,22,MF,RIEDER Fabian,Fabian,RIEDER,RIEDER,16/02/2002,181,FALSE,needs_stats_enrichment,https://fdp.fifa.org/assetspublic/ce281/pdf/SquadLists-English.pdf
Granit XHAKA,Switzerland,Sunderland AFC (ENG),Midfielder,,,,,,,,,,,3.2,55,0.35,1.0,1.0,0.05,0.15,0.78,0.35,https://fdp.fifa.org/assetspublic/ce281/pdf/SquadLists-English.pdf,,https://www.fifa.com/en/tournaments/mens/worldcup/canadamexicousa2026/articles/match-schedule-fixtures-results-teams-stadiums,Official FIFA final squad candidate pool row. Add homogeneous player-stat source before scoring.,Official FIFA final squad — FW/MF candidate pool,https://inside.fifa.com/organisation/media-releases/world-cup-2026-48-squads-confirmed,candidate_pool_no_player_stats_yet,TRUE,2026-06-09,SUI,10,MF,XHAKA Granit,Granit,XHAKA,XHAKA,27/09/1992,183,FALSE,needs_stats_enrichment,https://fdp.fifa.org/assetspublic/ce281/pdf/SquadLists-English.pdf
Johan Kula MANZAMBI,Switzerland,SC Freiburg (GER),Midfielder,,,,,,,,,,,3.2,55,0.35,1.0,1.0,0.05,0.15,0.78,0.35,https://fdp.fifa.org/assetspublic/ce281/pdf/SquadLists-English.pdf,,https://www.fifa.com/en/tournaments/mens/worldcup/canadamexicousa2026/articles/match-schedule-fixtures-results-teams-stadiums,Official FIFA final squad candidate pool row. Add homogeneous player-stat source before scoring.,Official FIFA final squad — FW/MF candidate pool,https://inside.fifa.com/organisation/media-releases/world-cup-2026-48-squads-confirmed,candidate_pool_no_player_stats_yet,TRUE,2026-06-09,SUI,9,MF,MANZAMBI Johan,Johan Kula,MANZAMBI,MANZAMBI,14/10/2005,182,FALSE,needs_stats_enrichment,https://fdp.fifa.org/assetspublic/ce281/pdf/SquadLists-English.pdf
Michel AEBISCHER,Switzerland,Pisa SC (ITA),Midfielder,,,,,,,,,,,3.2,55,0.35,1.0,1.0,0.05,0.15,0.78,0.35,https://fdp.fifa.org/assetspublic/ce281/pdf/SquadLists-English.pdf,,https://www.fifa.com/en/tournaments/mens/worldcup/canadamexicousa2026/articles/match-schedule-fixtures-results-teams-stadiums,Official FIFA final squad candidate pool row. Add homogeneous player-stat source before scoring.,Official FIFA final squad — FW/MF candidate pool,https://inside.fifa.com/organisation/media-releases/world-cup-2026-48-squads-confirmed,candidate_pool_no_player_stats_yet,TRUE,2026-06-09,SUI,20,MF,AEBISCHER Michel,Michel,AEBISCHER,AEBISCHER,06/01/1997,183,FALSE,needs_stats_enrichment,https://fdp.fifa.org/assetspublic/ce281/pdf/SquadLists-English.pdf
Mohameth Djibril Ibrahima SOW,Switzerland,Sevilla FC (ESP),Midfielder,,,,,,,,,,,3.2,55,0.35,1.0,1.0,0.05,0.15,0.78,0.35,https://fdp.fifa.org/assetspublic/ce281/pdf/SquadLists-English.pdf,,https://www.fifa.com/en/tournaments/mens/worldcup/canadamexicousa2026/articles/match-schedule-fixtures-results-teams-stadiums,Official FIFA final squad candidate pool row. Add homogeneous player-stat source before scoring.,Official FIFA final squad — FW/MF candidate pool,https://inside.fifa.com/organisation/media-releases/world-cup-2026-48-squads-confirmed,candidate_pool_no_player_stats_yet,TRUE,2026-06-09,SUI,15,MF,SOW Djibril,Mohameth Djibril Ibrahima,SOW,SOW,06/02/1997,183,FALSE,needs_stats_enrichment,https://fdp.fifa.org/assetspublic/ce281/pdf/SquadLists-English.pdf
Remo Marco FREULER,Switzerland,Bologna FC (ITA),Midfielder,,,,,,,,,,,3.2,55,0.35,1.0,1.0,0.05,0.15,0.78,0.35,https://fdp.fifa.org/assetspublic/ce281/pdf/SquadLists-English.pdf,,https://www.fifa.com/en/tournaments/mens/worldcup/canadamexicousa2026/articles/match-schedule-fixtures-results-teams-stadiums,Official FIFA final squad candidate pool row. Add homogeneous player-stat source before scoring.,Official FIFA final squad — FW/MF candidate pool,https://inside.fifa.com/organisation/media-releases/world-cup-2026-48-squads-confirmed,candidate_pool_no_player_stats_yet,TRUE,2026-06-09,SUI,8,MF,FREULER Remo,Remo Marco,FREULER,FREULER,15/04/1992,181,FALSE,needs_stats_enrichment,https://fdp.fifa.org/assetspublic/ce281/pdf/SquadLists-English.pdf
Elias SAAD,Tunisia,Hannover 96 (GER),Forward,,,,,,,,,,,3.2,55,0.35,1.0,1.0,0.05,0.15,0.78,0.35,https://fdp.fifa.org/assetspublic/ce281/pdf/SquadLists-English.pdf,,https://www.fifa.com/en/tournaments/mens/worldcup/canadamexicousa2026/articles/match-schedule-fixtures-results-teams-stadiums,Official FIFA final squad candidate pool row. Add homogeneous player-stat source before scoring.,Official FIFA final squad — FW/MF candidate pool,https://inside.fifa.com/organisation/media-releases/world-cup-2026-48-squads-confirmed,candidate_pool_no_player_stats_yet,TRUE,2026-06-09,TUN,8,FW,SAAD Elias,Elias,SAAD,SAAD,27/12/1999,185,FALSE,needs_stats_enrichment,https://fdp.fifa.org/assetspublic/ce281/pdf/SquadLists-English.pdf
Firas CHAOUAT,Tunisia,Club Africain (TUN),Forward,,,,,,,,,,,3.2,55,0.35,1.0,1.0,0.05,0.15,0.78,0.35,https://fdp.fifa.org/assetspublic/ce281/pdf/SquadLists-English.pdf,,https://www.fifa.com/en/tournaments/mens/worldcup/canadamexicousa2026/articles/match-schedule-fixtures-results-teams-stadiums,Official FIFA final squad candidate pool row. Add homogeneous player-stat source before scoring.,Official FIFA final squad — FW/MF candidate pool,https://inside.fifa.com/organisation/media-releases/world-cup-2026-48-squads-confirmed,candidate_pool_no_player_stats_yet,TRUE,2026-06-09,TUN,19,FW,CHAOUAT Firas,Firas,CHAOUAT,CHAOUAT,08/05/1996,185,FALSE,needs_stats_enrichment,https://fdp.fifa.org/assetspublic/ce281/pdf/SquadLists-English.pdf
Hazem MASTOURI,Tunisia,FC Dynamo Makhachkala (RUS),Forward,,,,,,,,,,,3.2,55,0.35,1.0,1.0,0.05,0.15,0.78,0.35,https://fdp.fifa.org/assetspublic/ce281/pdf/SquadLists-English.pdf,,https://www.fifa.com/en/tournaments/mens/worldcup/canadamexicousa2026/articles/match-schedule-fixtures-results-teams-stadiums,Official FIFA final squad candidate pool row. Add homogeneous player-stat source before scoring.,Official FIFA final squad — FW/MF candidate pool,https://inside.fifa.com/organisation/media-releases/world-cup-2026-48-squads-confirmed,candidate_pool_no_player_stats_yet,TRUE,2026-06-09,TUN,9,FW,MASTOURI Hazem,Hazem,MASTOURI,MASTOURI,18/06/1997,191,FALSE,needs_stats_enrichment,https://fdp.fifa.org/assetspublic/ce281/pdf/SquadLists-English.pdf
Mohamed Elyes ACHOURI,Tunisia,FC København (DEN),Forward,,,,,,,,,,,3.2,55,0.35,1.0,1.0,0.05,0.15,0.78,0.35,https://fdp.fifa.org/assetspublic/ce281/pdf/SquadLists-English.pdf,,https://www.fifa.com/en/tournaments/mens/worldcup/canadamexicousa2026/articles/match-schedule-fixtures-results-teams-stadiums,Official FIFA final squad candidate pool row. Add homogeneous player-stat source before scoring.,Official FIFA final squad — FW/MF candidate pool,https://inside.fifa.com/organisation/media-releases/world-cup-2026-48-squads-confirmed,candidate_pool_no_player_stats_yet,TRUE,2026-06-09,TUN,7,FW,ACHOURI Elias,Mohamed Elyes,ACHOURI,ACHOURI,10/02/1999,187,FALSE,needs_stats_enrichment,https://fdp.fifa.org/assetspublic/ce281/pdf/SquadLists-English.pdf
Rayan ELLOUMI,Tunisia,Vancouver Whitecaps FC (CAN),Forward,,,,,,,,,,,3.2,55,0.35,1.0,1.0,0.05,0.15,0.78,0.35,https://fdp.fifa.org/assetspublic/ce281/pdf/SquadLists-English.pdf,,https://www.fifa.com/en/tournaments/mens/worldcup/canadamexicousa2026/articles/match-schedule-fixtures-results-teams-stadiums,Official FIFA final squad candidate pool row. Add homogeneous player-stat source before scoring.,Official FIFA final squad — FW/MF candidate pool,https://inside.fifa.com/organisation/media-releases/world-cup-2026-48-squads-confirmed,candidate_pool_no_player_stats_yet,TRUE,2026-06-09,TUN,18,FW,ELLOUMI Rayan,Rayan,ELLOUMI,ELLOUMI,17/09/2007,180,FALSE,needs_stats_enrichment,https://fdp.fifa.org/assetspublic/ce281/pdf/SquadLists-English.pdf
Anis BEN SLIMANE,Tunisia,Norwich City FC (ENG),Midfielder,,,,,,,,,,,3.2,55,0.35,1.0,1.0,0.05,0.15,0.78,0.35,https://fdp.fifa.org/assetspublic/ce281/pdf/SquadLists-English.pdf,,https://www.fifa.com/en/tournaments/mens/worldcup/canadamexicousa2026/articles/match-schedule-fixtures-results-teams-stadiums,Official FIFA final squad candidate pool row. Add homogeneous player-stat source before scoring.,Official FIFA final squad — FW/MF candidate pool,https://inside.fifa.com/organisation/media-releases/world-cup-2026-48-squads-confirmed,candidate_pool_no_player_stats_yet,TRUE,2026-06-09,TUN,25,MF,SLIMANE Anis,Anis,BEN SLIMANE,SLIMANE,16/03/2001,188,FALSE,needs_stats_enrichment,https://fdp.fifa.org/assetspublic/ce281/pdf/SquadLists-English.pdf
Ellyes Joris SKHIRI,Tunisia,Eintracht Frankfurt (GER),Midfielder,,,,,,,,,,,3.2,55,0.35,1.0,1.0,0.05,0.15,0.78,0.35,https://fdp.fifa.org/assetspublic/ce281/pdf/SquadLists-English.pdf,,https://www.fifa.com/en/tournaments/mens/worldcup/canadamexicousa2026/articles/match-schedule-fixtures-results-teams-stadiums,Official FIFA final squad candidate pool row. Add homogeneous player-stat source before scoring.,Official FIFA final squad — FW/MF candidate pool,https://inside.fifa.com/organisation/media-releases/world-cup-2026-48-squads-confirmed,candidate_pool_no_player_stats_yet,TRUE,2026-06-09,TUN,17,MF,SKHIRI Ellyes,Ellyes Joris,SKHIRI,SKHIRI,10/05/1995,185,FALSE,needs_stats_enrichment,https://fdp.fifa.org/assetspublic/ce281/pdf/SquadLists-English.pdf
Hannibal MEJBRI,Tunisia,Burnley FC (ENG),Midfielder,,,,,,,,,,,3.2,55,0.35,1.0,1.0,0.05,0.15,0.78,0.35,https://fdp.fifa.org/assetspublic/ce281/pdf/SquadLists-English.pdf,,https://www.fifa.com/en/tournaments/mens/worldcup/canadamexicousa2026/articles/match-schedule-fixtures-results-teams-stadiums,Official FIFA final squad candidate pool row. Add homogeneous player-stat source before scoring.,Official FIFA final squad — FW/MF candidate pool,https://inside.fifa.com/organisation/media-releases/world-cup-2026-48-squads-confirmed,candidate_pool_no_player_stats_yet,TRUE,2026-06-09,TUN,10,MF,MEJBRI Hannibal,Hannibal,MEJBRI,MEJBRI,21/01/2003,177,FALSE,needs_stats_enrichment,https://fdp.fifa.org/assetspublic/ce281/pdf/SquadLists-English.pdf
Ismael Seifallah GHARBI,Tunisia,FC Augsburg (GER),Midfielder,,,,,,,,,,,3.2,55,0.35,1.0,1.0,0.05,0.15,0.78,0.35,https://fdp.fifa.org/assetspublic/ce281/pdf/SquadLists-English.pdf,,https://www.fifa.com/en/tournaments/mens/worldcup/canadamexicousa2026/articles/match-schedule-fixtures-results-teams-stadiums,Official FIFA final squad candidate pool row. Add homogeneous player-stat source before scoring.,Official FIFA final squad — FW/MF candidate pool,https://inside.fifa.com/organisation/media-releases/world-cup-2026-48-squads-confirmed,candidate_pool_no_player_stats_yet,TRUE,2026-06-09,TUN,11,MF,GHARBI Ismael,Ismael Seifallah,GHARBI,GHARBI,10/04/2004,180,FALSE,needs_stats_enrichment,https://fdp.fifa.org/assetspublic/ce281/pdf/SquadLists-English.pdf
Khalil AYARI,Tunisia,Paris Saint-Germain (FRA),Midfielder,,,,,,,,,,,3.2,55,0.35,1.0,1.0,0.05,0.15,0.78,0.35,https://fdp.fifa.org/assetspublic/ce281/pdf/SquadLists-English.pdf,,https://www.fifa.com/en/tournaments/mens/worldcup/canadamexicousa2026/articles/match-schedule-fixtures-results-teams-stadiums,Official FIFA final squad candidate pool row. Add homogeneous player-stat source before scoring.,Official FIFA final squad — FW/MF candidate pool,https://inside.fifa.com/organisation/media-releases/world-cup-2026-48-squads-confirmed,candidate_pool_no_player_stats_yet,TRUE,2026-06-09,TUN,14,MF,AYARI Khalil,Khalil,AYARI,AYARI,02/02/2005,174,FALSE,needs_stats_enrichment,https://fdp.fifa.org/assetspublic/ce281/pdf/SquadLists-English.pdf
Mohamed BELHADJ MAHMOUD,Tunisia,FC Lugano (SUI),Midfielder,,,,,,,,,,,3.2,55,0.35,1.0,1.0,0.05,0.15,0.78,0.35,https://fdp.fifa.org/assetspublic/ce281/pdf/SquadLists-English.pdf,,https://www.fifa.com/en/tournaments/mens/worldcup/canadamexicousa2026/articles/match-schedule-fixtures-results-teams-stadiums,Official FIFA final squad candidate pool row. Add homogeneous player-stat source before scoring.,Official FIFA final squad — FW/MF candidate pool,https://inside.fifa.com/organisation/media-releases/world-cup-2026-48-squads-confirmed,candidate_pool_no_player_stats_yet,TRUE,2026-06-09,TUN,15,MF,HADJ MAHMOUD Mohamed,Mohamed,BELHADJ MAHMOUD,BELHADJ MAHMOUD,24/04/2000,179,FALSE,needs_stats_enrichment,https://fdp.fifa.org/assetspublic/ce281/pdf/SquadLists-English.pdf
Rani KHEDIRA,Tunisia,1. FC Union Berlin (GER),Midfielder,,,,,,,,,,,3.2,55,0.35,1.0,1.0,0.05,0.15,0.78,0.35,https://fdp.fifa.org/assetspublic/ce281/pdf/SquadLists-English.pdf,,https://www.fifa.com/en/tournaments/mens/worldcup/canadamexicousa2026/articles/match-schedule-fixtures-results-teams-stadiums,Official FIFA final squad candidate pool row. Add homogeneous player-stat source before scoring.,Official FIFA final squad — FW/MF candidate pool,https://inside.fifa.com/organisation/media-releases/world-cup-2026-48-squads-confirmed,candidate_pool_no_player_stats_yet,TRUE,2026-06-09,TUN,13,MF,KHEDIRA Rani,Rani,KHEDIRA,KHEDIRA,27/01/1994,188,FALSE,needs_stats_enrichment,https://fdp.fifa.org/assetspublic/ce281/pdf/SquadLists-English.pdf
Sebastian TOUNEKTI,Tunisia,Celtic FC (SCO),Midfielder,,,,,,,,,,,3.2,55,0.35,1.0,1.0,0.05,0.15,0.78,0.35,https://fdp.fifa.org/assetspublic/ce281/pdf/SquadLists-English.pdf,,https://www.fifa.com/en/tournaments/mens/worldcup/canadamexicousa2026/articles/match-schedule-fixtures-results-teams-stadiums,Official FIFA final squad candidate pool row. Add homogeneous player-stat source before scoring.,Official FIFA final squad — FW/MF candidate pool,https://inside.fifa.com/organisation/media-releases/world-cup-2026-48-squads-confirmed,candidate_pool_no_player_stats_yet,TRUE,2026-06-09,TUN,26,MF,TOUNEKTI Sebastian,Sebastian,TOUNEKTI,TOUNEKTI,13/07/2002,182,FALSE,needs_stats_enrichment,https://fdp.fifa.org/assetspublic/ce281/pdf/SquadLists-English.pdf
Arda GÜLER,Türkiye,Real Madrid C. F. (ESP),Forward,,,,,,,,,,,3.2,55,0.35,1.0,1.0,0.05,0.15,0.78,0.35,https://fdp.fifa.org/assetspublic/ce281/pdf/SquadLists-English.pdf,,https://www.fifa.com/en/tournaments/mens/worldcup/canadamexicousa2026/articles/match-schedule-fixtures-results-teams-stadiums,Official FIFA final squad candidate pool row. Add homogeneous player-stat source before scoring.,Official FIFA final squad — FW/MF candidate pool,https://inside.fifa.com/organisation/media-releases/world-cup-2026-48-squads-confirmed,candidate_pool_no_player_stats_yet,TRUE,2026-06-09,TUR,8,FW,GULER Arda,Arda,GÜLER,ARDA GÜLER,25/02/2005,175,FALSE,needs_stats_enrichment,https://fdp.fifa.org/assetspublic/ce281/pdf/SquadLists-English.pdf
Barış Alper YILMAZ,Türkiye,Galatasaray SK (TUR),Forward,,,,,,,,,,,3.2,55,0.35,1.0,1.0,0.05,0.15,0.78,0.35,https://fdp.fifa.org/assetspublic/ce281/pdf/SquadLists-English.pdf,,https://www.fifa.com/en/tournaments/mens/worldcup/canadamexicousa2026/articles/match-schedule-fixtures-results-teams-stadiums,Official FIFA final squad candidate pool row. Add homogeneous player-stat source before scoring.,Official FIFA final squad — FW/MF candidate pool,https://inside.fifa.com/organisation/media-releases/world-cup-2026-48-squads-confirmed,candidate_pool_no_player_stats_yet,TRUE,2026-06-09,TUR,21,FW,YILMAZ Baris Alper,Barış Alper,YILMAZ,BARIŞ,23/05/2000,186,FALSE,needs_stats_enrichment,https://fdp.fifa.org/assetspublic/ce281/pdf/SquadLists-English.pdf
Can Yılmaz UZUN,Türkiye,Eintracht Frankfurt (GER),Forward,,,,,,,,,,,3.2,55,0.35,1.0,1.0,0.05,0.15,0.78,0.35,https://fdp.fifa.org/assetspublic/ce281/pdf/SquadLists-English.pdf,,https://www.fifa.com/en/tournaments/mens/worldcup/canadamexicousa2026/articles/match-schedule-fixtures-results-teams-stadiums,Official FIFA final squad candidate pool row. Add homogeneous player-stat source before scoring.,Official FIFA final squad — FW/MF candidate pool,https://inside.fifa.com/organisation/media-releases/world-cup-2026-48-squads-confirmed,candidate_pool_no_player_stats_yet,TRUE,2026-06-09,TUR,26,FW,UZUN Can,Can Yılmaz,UZUN,CAN UZUN,11/11/2005,186,FALSE,needs_stats_enrichment,https://fdp.fifa.org/assetspublic/ce281/pdf/SquadLists-English.pdf
Deniz Daniel GÜL,Türkiye,FC Porto (POR),Forward,,,,,,,,,,,3.2,55,0.35,1.0,1.0,0.05,0.15,0.78,0.35,https://fdp.fifa.org/assetspublic/ce281/pdf/SquadLists-English.pdf,,https://www.fifa.com/en/tournaments/mens/worldcup/canadamexicousa2026/articles/match-schedule-fixtures-results-teams-stadiums,Official FIFA final squad candidate pool row. Add homogeneous player-stat source before scoring.,Official FIFA final squad — FW/MF candidate pool,https://inside.fifa.com/organisation/media-releases/world-cup-2026-48-squads-confirmed,candidate_pool_no_player_stats_yet,TRUE,2026-06-09,TUR,9,FW,GUL Deniz,Deniz Daniel,GÜL,DENİZ GÜL,02/07/2004,192,FALSE,needs_stats_enrichment,https://fdp.fifa.org/assetspublic/ce281/pdf/SquadLists-English.pdf
Kenan YILDIZ,Türkiye,Juventus FC (ITA),Forward,,,,,,,,,,,3.2,55,0.35,1.0,1.0,0.05,0.15,0.78,0.35,https://fdp.fifa.org/assetspublic/ce281/pdf/SquadLists-English.pdf,,https://www.fifa.com/en/tournaments/mens/worldcup/canadamexicousa2026/articles/match-schedule-fixtures-results-teams-stadiums,Official FIFA final squad candidate pool row. Add homogeneous player-stat source before scoring.,Official FIFA final squad — FW/MF candidate pool,https://inside.fifa.com/organisation/media-releases/world-cup-2026-48-squads-confirmed,candidate_pool_no_player_stats_yet,TRUE,2026-06-09,TUR,11,FW,YILDIZ Kenan,Kenan,YILDIZ,YILDIZ,04/05/2005,187,FALSE,needs_stats_enrichment,https://fdp.fifa.org/assetspublic/ce281/pdf/SquadLists-English.pdf
Muhammed Kerem AKTÜRKOĞLU,Türkiye,Fenerbahçe SK (TUR),Forward,,,,,,,,,,,3.2,55,0.35,1.0,1.0,0.05,0.15,0.78,0.35,https://fdp.fifa.org/assetspublic/ce281/pdf/SquadLists-English.pdf,,https://www.fifa.com/en/tournaments/mens/worldcup/canadamexicousa2026/articles/match-schedule-fixtures-results-teams-stadiums,Official FIFA final squad candidate pool row. Add homogeneous player-stat source before scoring.,Official FIFA final squad — FW/MF candidate pool,https://inside.fifa.com/organisation/media-releases/world-cup-2026-48-squads-confirmed,candidate_pool_no_player_stats_yet,TRUE,2026-06-09,TUR,7,FW,AKTURKOGLU Kerem,Muhammed Kerem,AKTÜRKOĞLU,AKTÜRKOĞLU,21/10/1998,172,FALSE,needs_stats_enrichment,https://fdp.fifa.org/assetspublic/ce281/pdf/SquadLists-English.pdf
Oğuz AYDIN,Türkiye,Fenerbahçe SK (TUR),Forward,,,,,,,,,,,3.2,55,0.35,1.0,1.0,0.05,0.15,0.78,0.35,https://fdp.fifa.org/assetspublic/ce281/pdf/SquadLists-English.pdf,,https://www.fifa.com/en/tournaments/mens/worldcup/canadamexicousa2026/articles/match-schedule-fixtures-results-teams-stadiums,Official FIFA final squad candidate pool row. Add homogeneous player-stat source before scoring.,Official FIFA final squad — FW/MF candidate pool,https://inside.fifa.com/organisation/media-releases/world-cup-2026-48-squads-confirmed,candidate_pool_no_player_stats_yet,TRUE,2026-06-09,TUR,24,FW,AYDIN Oguz,Oğuz,AYDIN,OĞUZ,27/10/2000,183,FALSE,needs_stats_enrichment,https://fdp.fifa.org/assetspublic/ce281/pdf/SquadLists-English.pdf
Yunus AKGÜN,Türkiye,Galatasaray SK (TUR),Forward,,,,,,,,,,,3.2,55,0.35,1.0,1.0,0.05,0.15,0.78,0.35,https://fdp.fifa.org/assetspublic/ce281/pdf/SquadLists-English.pdf,,https://www.fifa.com/en/tournaments/mens/worldcup/canadamexicousa2026/articles/match-schedule-fixtures-results-teams-stadiums,Official FIFA final squad candidate pool row. Add homogeneous player-stat source before scoring.,Official FIFA final squad — FW/MF candidate pool,https://inside.fifa.com/organisation/media-releases/world-cup-2026-48-squads-confirmed,candidate_pool_no_player_stats_yet,TRUE,2026-06-09,TUR,19,FW,AKGUN Yunus,Yunus,AKGÜN,YUNUS,07/07/2000,173,FALSE,needs_stats_enrichment,https://fdp.fifa.org/assetspublic/ce281/pdf/SquadLists-English.pdf
İrfan KAHVECİ,Türkiye,Kasımpaşa SK (TUR),Forward,,,,,,,,,,,3.2,55,0.35,1.0,1.0,0.05,0.15,0.78,0.35,https://fdp.fifa.org/assetspublic/ce281/pdf/SquadLists-English.pdf,,https://www.fifa.com/en/tournaments/mens/worldcup/canadamexicousa2026/articles/match-schedule-fixtures-results-teams-stadiums,Official FIFA final squad candidate pool row. Add homogeneous player-stat source before scoring.,Official FIFA final squad — FW/MF candidate pool,https://inside.fifa.com/organisation/media-releases/world-cup-2026-48-squads-confirmed,candidate_pool_no_player_stats_yet,TRUE,2026-06-09,TUR,17,FW,KAHVECI Irfan Can,İrfan,KAHVECİ,KAHVECİ,15/07/1995,180,FALSE,needs_stats_enrichment,https://fdp.fifa.org/assetspublic/ce281/pdf/SquadLists-English.pdf
Hakan ÇALHANOĞLU,Türkiye,FC Internazionale Milano (ITA),Midfielder,,,,,,,,,,,3.2,55,0.35,1.0,1.0,0.05,0.15,0.78,0.35,https://fdp.fifa.org/assetspublic/ce281/pdf/SquadLists-English.pdf,,https://www.fifa.com/en/tournaments/mens/worldcup/canadamexicousa2026/articles/match-schedule-fixtures-results-teams-stadiums,Official FIFA final squad candidate pool row. Add homogeneous player-stat source before scoring.,Official FIFA final squad — FW/MF candidate pool,https://inside.fifa.com/organisation/media-releases/world-cup-2026-48-squads-confirmed,candidate_pool_no_player_stats_yet,TRUE,2026-06-09,TUR,10,MF,CALHANOGLU Hakan,Hakan,ÇALHANOĞLU,ÇALHANOĞLU,08/02/1994,178,FALSE,needs_stats_enrichment,https://fdp.fifa.org/assetspublic/ce281/pdf/SquadLists-English.pdf
Kaan AYHAN,Türkiye,Galatasaray SK (TUR),Midfielder,,,,,,,,,,,3.2,55,0.35,1.0,1.0,0.05,0.15,0.78,0.35,https://fdp.fifa.org/assetspublic/ce281/pdf/SquadLists-English.pdf,,https://www.fifa.com/en/tournaments/mens/worldcup/canadamexicousa2026/articles/match-schedule-fixtures-results-teams-stadiums,Official FIFA final squad candidate pool row. Add homogeneous player-stat source before scoring.,Official FIFA final squad — FW/MF candidate pool,https://inside.fifa.com/organisation/media-releases/world-cup-2026-48-squads-confirmed,candidate_pool_no_player_stats_yet,TRUE,2026-06-09,TUR,22,MF,AYHAN Kaan,Kaan,AYHAN,KAAN,10/11/1994,185,FALSE,needs_stats_enrichment,https://fdp.fifa.org/assetspublic/ce281/pdf/SquadLists-English.pdf
Orkun KÖKÇÜ,Türkiye,Beşiktaş JK (TUR),Midfielder,,,,,,,,,,,3.2,55,0.35,1.0,1.0,0.05,0.15,0.78,0.35,https://fdp.fifa.org/assetspublic/ce281/pdf/SquadLists-English.pdf,,https://www.fifa.com/en/tournaments/mens/worldcup/canadamexicousa2026/articles/match-schedule-fixtures-results-teams-stadiums,Official FIFA final squad candidate pool row. Add homogeneous player-stat source before scoring.,Official FIFA final squad — FW/MF candidate pool,https://inside.fifa.com/organisation/media-releases/world-cup-2026-48-squads-confirmed,candidate_pool_no_player_stats_yet,TRUE,2026-06-09,TUR,6,MF,KOKCU Orkun,Orkun,KÖKÇÜ,ORKUN KÖKÇÜ,29/12/2000,175,FALSE,needs_stats_enrichment,https://fdp.fifa.org/assetspublic/ce281/pdf/SquadLists-English.pdf
Salih ÖZCAN,Türkiye,Borussia Dortmund (GER),Midfielder,,,,,,,,,,,3.2,55,0.35,1.0,1.0,0.05,0.15,0.78,0.35,https://fdp.fifa.org/assetspublic/ce281/pdf/SquadLists-English.pdf,,https://www.fifa.com/en/tournaments/mens/worldcup/canadamexicousa2026/articles/match-schedule-fixtures-results-teams-stadiums,Official FIFA final squad candidate pool row. Add homogeneous player-stat source before scoring.,Official FIFA final squad — FW/MF candidate pool,https://inside.fifa.com/organisation/media-releases/world-cup-2026-48-squads-confirmed,candidate_pool_no_player_stats_yet,TRUE,2026-06-09,TUR,5,MF,OZCAN Salih,Salih,ÖZCAN,ÖZCAN,11/01/1998,182,FALSE,needs_stats_enrichment,https://fdp.fifa.org/assetspublic/ce281/pdf/SquadLists-English.pdf
İsmaİl YÜKSEK,Türkiye,Fenerbahçe SK (TUR),Midfielder,,,,,,,,,,,3.2,55,0.35,1.0,1.0,0.05,0.15,0.78,0.35,https://fdp.fifa.org/assetspublic/ce281/pdf/SquadLists-English.pdf,,https://www.fifa.com/en/tournaments/mens/worldcup/canadamexicousa2026/articles/match-schedule-fixtures-results-teams-stadiums,Official FIFA final squad candidate pool row. Add homogeneous player-stat source before scoring.,Official FIFA final squad — FW/MF candidate pool,https://inside.fifa.com/organisation/media-releases/world-cup-2026-48-squads-confirmed,candidate_pool_no_player_stats_yet,TRUE,2026-06-09,TUR,16,MF,YUKSEK Ismail,İsmaİl,YÜKSEK,İSMAİL,26/01/1999,183,FALSE,needs_stats_enrichment,https://fdp.fifa.org/assetspublic/ce281/pdf/SquadLists-English.pdf
Alejandro ZENDEJAS SAAVEDRA,USA,Club América (MEX),Forward,,,,,,,,,,,3.2,55,0.35,1.0,1.0,0.05,0.15,0.78,0.35,https://fdp.fifa.org/assetspublic/ce281/pdf/SquadLists-English.pdf,,https://www.fifa.com/en/tournaments/mens/worldcup/canadamexicousa2026/articles/match-schedule-fixtures-results-teams-stadiums,Official FIFA final squad candidate pool row. Add homogeneous player-stat source before scoring.,Official FIFA final squad — FW/MF candidate pool,https://inside.fifa.com/organisation/media-releases/world-cup-2026-48-squads-confirmed,candidate_pool_no_player_stats_yet,TRUE,2026-06-09,USA,26,FW,ZENDEJAS Alex,Alejandro,ZENDEJAS SAAVEDRA,ZENDEJAS,07/02/1998,167,FALSE,needs_stats_enrichment,https://fdp.fifa.org/assetspublic/ce281/pdf/SquadLists-English.pdf
Brenden Russell AARONSON,USA,Leeds United FC (ENG),Forward,,,,,,,,,,,3.2,55,0.35,1.0,1.0,0.05,0.15,0.78,0.35,https://fdp.fifa.org/assetspublic/ce281/pdf/SquadLists-English.pdf,,https://www.fifa.com/en/tournaments/mens/worldcup/canadamexicousa2026/articles/match-schedule-fixtures-results-teams-stadiums,Official FIFA final squad candidate pool row. Add homogeneous player-stat source before scoring.,Official FIFA final squad — FW/MF candidate pool,https://inside.fifa.com/organisation/media-releases/world-cup-2026-48-squads-confirmed,candidate_pool_no_player_stats_yet,TRUE,2026-06-09,USA,11,FW,AARONSON Brenden,Brenden Russell,AARONSON,AARONSON,22/10/2000,177,FALSE,needs_stats_enrichment,https://fdp.fifa.org/assetspublic/ce281/pdf/SquadLists-English.pdf
Christian Mate PULISIC,USA,AC Milan (ITA),Forward,,,,,,,,,,,3.2,55,0.35,1.0,1.0,0.05,0.15,0.78,0.35,https://fdp.fifa.org/assetspublic/ce281/pdf/SquadLists-English.pdf,,https://www.fifa.com/en/tournaments/mens/worldcup/canadamexicousa2026/articles/match-schedule-fixtures-results-teams-stadiums,Official FIFA final squad candidate pool row. Add homogeneous player-stat source before scoring.,Official FIFA final squad — FW/MF candidate pool,https://inside.fifa.com/organisation/media-releases/world-cup-2026-48-squads-confirmed,candidate_pool_no_player_stats_yet,TRUE,2026-06-09,USA,10,FW,PULISIC Christian,Christian Mate,PULISIC,PULISIC,18/09/1998,177,FALSE,needs_stats_enrichment,https://fdp.fifa.org/assetspublic/ce281/pdf/SquadLists-English.pdf
Folarin Jolaoluwa BALOGUN,USA,AS Monaco (FRA),Forward,,,,,,,,,,,3.2,55,0.35,1.0,1.0,0.05,0.15,0.78,0.35,https://fdp.fifa.org/assetspublic/ce281/pdf/SquadLists-English.pdf,,https://www.fifa.com/en/tournaments/mens/worldcup/canadamexicousa2026/articles/match-schedule-fixtures-results-teams-stadiums,Official FIFA final squad candidate pool row. Add homogeneous player-stat source before scoring.,Official FIFA final squad — FW/MF candidate pool,https://inside.fifa.com/organisation/media-releases/world-cup-2026-48-squads-confirmed,candidate_pool_no_player_stats_yet,TRUE,2026-06-09,USA,20,FW,BALOGUN Folarin,Folarin Jolaoluwa,BALOGUN,BALOGUN,03/07/2001,179,FALSE,needs_stats_enrichment,https://fdp.fifa.org/assetspublic/ce281/pdf/SquadLists-English.pdf
Haji Amir WRIGHT,USA,Coventry City FC (ENG),Forward,,,,,,,,,,,3.2,55,0.35,1.0,1.0,0.05,0.15,0.78,0.35,https://fdp.fifa.org/assetspublic/ce281/pdf/SquadLists-English.pdf,,https://www.fifa.com/en/tournaments/mens/worldcup/canadamexicousa2026/articles/match-schedule-fixtures-results-teams-stadiums,Official FIFA final squad candidate pool row. Add homogeneous player-stat source before scoring.,Official FIFA final squad — FW/MF candidate pool,https://inside.fifa.com/organisation/media-releases/world-cup-2026-48-squads-confirmed,candidate_pool_no_player_stats_yet,TRUE,2026-06-09,USA,19,FW,WRIGHT Haji,Haji Amir,WRIGHT,WRIGHT,27/03/1998,191,FALSE,needs_stats_enrichment,https://fdp.fifa.org/assetspublic/ce281/pdf/SquadLists-English.pdf
Ricardo Daniel PEPI,USA,PSV Eindhoven (NED),Forward,,,,,,,,,,,3.2,55,0.35,1.0,1.0,0.05,0.15,0.78,0.35,https://fdp.fifa.org/assetspublic/ce281/pdf/SquadLists-English.pdf,,https://www.fifa.com/en/tournaments/mens/worldcup/canadamexicousa2026/articles/match-schedule-fixtures-results-teams-stadiums,Official FIFA final squad candidate pool row. Add homogeneous player-stat source before scoring.,Official FIFA final squad — FW/MF candidate pool,https://inside.fifa.com/organisation/media-releases/world-cup-2026-48-squads-confirmed,candidate_pool_no_player_stats_yet,TRUE,2026-06-09,USA,9,FW,PEPI Ricardo,Ricardo Daniel,PEPI,PEPI,09/01/2003,185,FALSE,needs_stats_enrichment,https://fdp.fifa.org/assetspublic/ce281/pdf/SquadLists-English.pdf
Timothy Tarpeh WEAH,USA,Olympique Marseille (FRA),Forward,,,,,,,,,,,3.2,55,0.35,1.0,1.0,0.05,0.15,0.78,0.35,https://fdp.fifa.org/assetspublic/ce281/pdf/SquadLists-English.pdf,,https://www.fifa.com/en/tournaments/mens/worldcup/canadamexicousa2026/articles/match-schedule-fixtures-results-teams-stadiums,Official FIFA final squad candidate pool row. Add homogeneous player-stat source before scoring.,Official FIFA final squad — FW/MF candidate pool,https://inside.fifa.com/organisation/media-releases/world-cup-2026-48-squads-confirmed,candidate_pool_no_player_stats_yet,TRUE,2026-06-09,USA,21,FW,WEAH Timothy,Timothy Tarpeh,WEAH,WEAH,22/02/2000,183,FALSE,needs_stats_enrichment,https://fdp.fifa.org/assetspublic/ce281/pdf/SquadLists-English.pdf
Cristian ROLDAN,USA,Seattle Sounders FC (USA),Midfielder,,,,,,,,,,,3.2,55,0.35,1.0,1.0,0.05,0.15,0.78,0.35,https://fdp.fifa.org/assetspublic/ce281/pdf/SquadLists-English.pdf,,https://www.fifa.com/en/tournaments/mens/worldcup/canadamexicousa2026/articles/match-schedule-fixtures-results-teams-stadiums,Official FIFA final squad candidate pool row. Add homogeneous player-stat source before scoring.,Official FIFA final squad — FW/MF candidate pool,https://inside.fifa.com/organisation/media-releases/world-cup-2026-48-squads-confirmed,candidate_pool_no_player_stats_yet,TRUE,2026-06-09,USA,15,MF,ROLDAN Cristian,Cristian,ROLDAN,ROLDAN,03/06/1995,173,FALSE,needs_stats_enrichment,https://fdp.fifa.org/assetspublic/ce281/pdf/SquadLists-English.pdf
Giovanni Alejandro REYNA,USA,Borussia Mönchengladbach (GER),Midfielder,,,,,,,,,,,3.2,55,0.35,1.0,1.0,0.05,0.15,0.78,0.35,https://fdp.fifa.org/assetspublic/ce281/pdf/SquadLists-English.pdf,,https://www.fifa.com/en/tournaments/mens/worldcup/canadamexicousa2026/articles/match-schedule-fixtures-results-teams-stadiums,Official FIFA final squad candidate pool row. Add homogeneous player-stat source before scoring.,Official FIFA final squad — FW/MF candidate pool,https://inside.fifa.com/organisation/media-releases/world-cup-2026-48-squads-confirmed,candidate_pool_no_player_stats_yet,TRUE,2026-06-09,USA,7,MF,REYNA Giovanni,Giovanni Alejandro,REYNA,REYNA,13/11/2002,187,FALSE,needs_stats_enrichment,https://fdp.fifa.org/assetspublic/ce281/pdf/SquadLists-English.pdf
Malik Leon TILLMAN,USA,Bayer 04 Leverkusen (GER),Midfielder,,,,,,,,,,,3.2,55,0.35,1.0,1.0,0.05,0.15,0.78,0.35,https://fdp.fifa.org/assetspublic/ce281/pdf/SquadLists-English.pdf,,https://www.fifa.com/en/tournaments/mens/worldcup/canadamexicousa2026/articles/match-schedule-fixtures-results-teams-stadiums,Official FIFA final squad candidate pool row. Add homogeneous player-stat source before scoring.,Official FIFA final squad — FW/MF candidate pool,https://inside.fifa.com/organisation/media-releases/world-cup-2026-48-squads-confirmed,candidate_pool_no_player_stats_yet,TRUE,2026-06-09,USA,17,MF,TILLMAN Malik,Malik Leon,TILLMAN,TILLMAN,28/05/2002,187,FALSE,needs_stats_enrichment,https://fdp.fifa.org/assetspublic/ce281/pdf/SquadLists-English.pdf
Sebastian Matthew BERHALTER,USA,Vancouver Whitecaps FC (CAN),Midfielder,,,,,,,,,,,3.2,55,0.35,1.0,1.0,0.05,0.15,0.78,0.35,https://fdp.fifa.org/assetspublic/ce281/pdf/SquadLists-English.pdf,,https://www.fifa.com/en/tournaments/mens/worldcup/canadamexicousa2026/articles/match-schedule-fixtures-results-teams-stadiums,Official FIFA final squad candidate pool row. Add homogeneous player-stat source before scoring.,Official FIFA final squad — FW/MF candidate pool,https://inside.fifa.com/organisation/media-releases/world-cup-2026-48-squads-confirmed,candidate_pool_no_player_stats_yet,TRUE,2026-06-09,USA,14,MF,BERHALTER Sebastian,Sebastian Matthew,BERHALTER,BERHALTER,10/05/2001,175,FALSE,needs_stats_enrichment,https://fdp.fifa.org/assetspublic/ce281/pdf/SquadLists-English.pdf
Tyler Shaan ADAMS,USA,AFC Bournemouth (ENG),Midfielder,,,,,,,,,,,3.2,55,0.35,1.0,1.0,0.05,0.15,0.78,0.35,https://fdp.fifa.org/assetspublic/ce281/pdf/SquadLists-English.pdf,,https://www.fifa.com/en/tournaments/mens/worldcup/canadamexicousa2026/articles/match-schedule-fixtures-results-teams-stadiums,Official FIFA final squad candidate pool row. Add homogeneous player-stat source before scoring.,Official FIFA final squad — FW/MF candidate pool,https://inside.fifa.com/organisation/media-releases/world-cup-2026-48-squads-confirmed,candidate_pool_no_player_stats_yet,TRUE,2026-06-09,USA,4,MF,ADAMS Tyler,Tyler Shaan,ADAMS,ADAMS,14/02/1999,175,FALSE,needs_stats_enrichment,https://fdp.fifa.org/assetspublic/ce281/pdf/SquadLists-English.pdf
Weston James Earl MC KENNIE,USA,Juventus FC (ITA),Midfielder,,,,,,,,,,,3.2,55,0.35,1.0,1.0,0.05,0.15,0.78,0.35,https://fdp.fifa.org/assetspublic/ce281/pdf/SquadLists-English.pdf,,https://www.fifa.com/en/tournaments/mens/worldcup/canadamexicousa2026/articles/match-schedule-fixtures-results-teams-stadiums,Official FIFA final squad candidate pool row. Add homogeneous player-stat source before scoring.,Official FIFA final squad — FW/MF candidate pool,https://inside.fifa.com/organisation/media-releases/world-cup-2026-48-squads-confirmed,candidate_pool_no_player_stats_yet,TRUE,2026-06-09,USA,8,MF,McKENNIE Weston,Weston James Earl,MC KENNIE,MCKENNIE,28/08/1998,180,FALSE,needs_stats_enrichment,https://fdp.fifa.org/assetspublic/ce281/pdf/SquadLists-English.pdf
Darwin Gabriel NUÑEZ RIBEIRO,Uruguay,Al Hilal SC (KSA),Forward,,,,,,,,,,,3.2,55,0.35,1.0,1.0,0.05,0.15,0.78,0.35,https://fdp.fifa.org/assetspublic/ce281/pdf/SquadLists-English.pdf,,https://www.fifa.com/en/tournaments/mens/worldcup/canadamexicousa2026/articles/match-schedule-fixtures-results-teams-stadiums,Official FIFA final squad candidate pool row. Add homogeneous player-stat source before scoring.,Official FIFA final squad — FW/MF candidate pool,https://inside.fifa.com/organisation/media-releases/world-cup-2026-48-squads-confirmed,candidate_pool_no_player_stats_yet,TRUE,2026-06-09,URU,9,FW,NUNEZ Darwin,Darwin Gabriel,NUÑEZ RIBEIRO,D. NUÑEZ,24/06/1999,185,FALSE,needs_stats_enrichment,https://fdp.fifa.org/assetspublic/ce281/pdf/SquadLists-English.pdf
Facundo PELLISTRI REBOLLO,Uruguay,Panathinaikos FC (GRE),Forward,,,,,,,,,,,3.2,55,0.35,1.0,1.0,0.05,0.15,0.78,0.35,https://fdp.fifa.org/assetspublic/ce281/pdf/SquadLists-English.pdf,,https://www.fifa.com/en/tournaments/mens/worldcup/canadamexicousa2026/articles/match-schedule-fixtures-results-teams-stadiums,Official FIFA final squad candidate pool row. Add homogeneous player-stat source before scoring.,Official FIFA final squad — FW/MF candidate pool,https://inside.fifa.com/organisation/media-releases/world-cup-2026-48-squads-confirmed,candidate_pool_no_player_stats_yet,TRUE,2026-06-09,URU,11,FW,PELLISTRI Facundo,Facundo,PELLISTRI REBOLLO,F. PELLISTRI,20/12/2001,174,FALSE,needs_stats_enrichment,https://fdp.fifa.org/assetspublic/ce281/pdf/SquadLists-English.pdf
Federico Sebastian VIÑAS BARBOZA,Uruguay,Real Oviedo (ESP),Forward,,,,,,,,,,,3.2,55,0.35,1.0,1.0,0.05,0.15,0.78,0.35,https://fdp.fifa.org/assetspublic/ce281/pdf/SquadLists-English.pdf,,https://www.fifa.com/en/tournaments/mens/worldcup/canadamexicousa2026/articles/match-schedule-fixtures-results-teams-stadiums,Official FIFA final squad candidate pool row. Add homogeneous player-stat source before scoring.,Official FIFA final squad — FW/MF candidate pool,https://inside.fifa.com/organisation/media-releases/world-cup-2026-48-squads-confirmed,candidate_pool_no_player_stats_yet,TRUE,2026-06-09,URU,21,FW,VINAS Federico,Federico Sebastian,VIÑAS BARBOZA,F. VIÑAS,30/06/1998,181,FALSE,needs_stats_enrichment,https://fdp.fifa.org/assetspublic/ce281/pdf/SquadLists-English.pdf
Paul Brian RODRÍGUEZ BRAVO,Uruguay,Club América (MEX),Forward,,,,,,,,,,,3.2,55,0.35,1.0,1.0,0.05,0.15,0.78,0.35,https://fdp.fifa.org/assetspublic/ce281/pdf/SquadLists-English.pdf,,https://www.fifa.com/en/tournaments/mens/worldcup/canadamexicousa2026/articles/match-schedule-fixtures-results-teams-stadiums,Official FIFA final squad candidate pool row. Add homogeneous player-stat source before scoring.,Official FIFA final squad — FW/MF candidate pool,https://inside.fifa.com/organisation/media-releases/world-cup-2026-48-squads-confirmed,candidate_pool_no_player_stats_yet,TRUE,2026-06-09,URU,18,FW,RODRIGUEZ Brian,Paul Brian,RODRÍGUEZ BRAVO,B. RODRIGUEZ,20/05/2000,175,FALSE,needs_stats_enrichment,https://fdp.fifa.org/assetspublic/ce281/pdf/SquadLists-English.pdf
Rodrigo Sebastian AGUIRRE SOTO,Uruguay,Tigres UANL (MEX),Forward,,,,,,,,,,,3.2,55,0.35,1.0,1.0,0.05,0.15,0.78,0.35,https://fdp.fifa.org/assetspublic/ce281/pdf/SquadLists-English.pdf,,https://www.fifa.com/en/tournaments/mens/worldcup/canadamexicousa2026/articles/match-schedule-fixtures-results-teams-stadiums,Official FIFA final squad candidate pool row. Add homogeneous player-stat source before scoring.,Official FIFA final squad — FW/MF candidate pool,https://inside.fifa.com/organisation/media-releases/world-cup-2026-48-squads-confirmed,candidate_pool_no_player_stats_yet,TRUE,2026-06-09,URU,19,FW,AGUIRRE Rodrigo,Rodrigo Sebastian,AGUIRRE SOTO,R. AGUIRRE,01/10/1994,182,FALSE,needs_stats_enrichment,https://fdp.fifa.org/assetspublic/ce281/pdf/SquadLists-English.pdf
Agustin CANOBBIO,Uruguay,Fluminense FC (BRA),Midfielder,,,,,,,,,,,3.2,55,0.35,1.0,1.0,0.05,0.15,0.78,0.35,https://fdp.fifa.org/assetspublic/ce281/pdf/SquadLists-English.pdf,,https://www.fifa.com/en/tournaments/mens/worldcup/canadamexicousa2026/articles/match-schedule-fixtures-results-teams-stadiums,Official FIFA final squad candidate pool row. Add homogeneous player-stat source before scoring.,Official FIFA final squad — FW/MF candidate pool,https://inside.fifa.com/organisation/media-releases/world-cup-2026-48-squads-confirmed,candidate_pool_no_player_stats_yet,TRUE,2026-06-09,URU,14,MF,CANOBBIO Agustin,Agustin,CANOBBIO,A. CANOBBIO,01/10/1998,176,FALSE,needs_stats_enrichment,https://fdp.fifa.org/assetspublic/ce281/pdf/SquadLists-English.pdf
Diego Nicolás DE LA CRUZ ARCOSA,Uruguay,CR Flamengo (BRA),Midfielder,,,,,,,,,,,3.2,55,0.35,1.0,1.0,0.05,0.15,0.78,0.35,https://fdp.fifa.org/assetspublic/ce281/pdf/SquadLists-English.pdf,,https://www.fifa.com/en/tournaments/mens/worldcup/canadamexicousa2026/articles/match-schedule-fixtures-results-teams-stadiums,Official FIFA final squad candidate pool row. Add homogeneous player-stat source before scoring.,Official FIFA final squad — FW/MF candidate pool,https://inside.fifa.com/organisation/media-releases/world-cup-2026-48-squads-confirmed,candidate_pool_no_player_stats_yet,TRUE,2026-06-09,URU,7,MF,DE LA CRUZ Nicolas,Diego Nicolás,DE LA CRUZ ARCOSA,N. DE LA CRUZ,01/06/1997,167,FALSE,needs_stats_enrichment,https://fdp.fifa.org/assetspublic/ce281/pdf/SquadLists-English.pdf
Emiliano MARTÍNEZ TORANZA,Uruguay,SE Palmeiras (BRA),Midfielder,,,,,,,,,,,3.2,55,0.35,1.0,1.0,0.05,0.15,0.78,0.35,https://fdp.fifa.org/assetspublic/ce281/pdf/SquadLists-English.pdf,,https://www.fifa.com/en/tournaments/mens/worldcup/canadamexicousa2026/articles/match-schedule-fixtures-results-teams-stadiums,Official FIFA final squad candidate pool row. Add homogeneous player-stat source before scoring.,Official FIFA final squad — FW/MF candidate pool,https://inside.fifa.com/organisation/media-releases/world-cup-2026-48-squads-confirmed,candidate_pool_no_player_stats_yet,TRUE,2026-06-09,URU,15,MF,MARTINEZ Emiliano,Emiliano,MARTÍNEZ TORANZA,E. MARTINEZ,17/08/1999,184,FALSE,needs_stats_enrichment,https://fdp.fifa.org/assetspublic/ce281/pdf/SquadLists-English.pdf
Federico Santiago VALVERDE DIPETTA,Uruguay,Real Madrid C. F. (ESP),Midfielder,,,,,,,,,,,3.2,55,0.35,1.0,1.0,0.05,0.15,0.78,0.35,https://fdp.fifa.org/assetspublic/ce281/pdf/SquadLists-English.pdf,,https://www.fifa.com/en/tournaments/mens/worldcup/canadamexicousa2026/articles/match-schedule-fixtures-results-teams-stadiums,Official FIFA final squad candidate pool row. Add homogeneous player-stat source before scoring.,Official FIFA final squad — FW/MF candidate pool,https://inside.fifa.com/organisation/media-releases/world-cup-2026-48-squads-confirmed,candidate_pool_no_player_stats_yet,TRUE,2026-06-09,URU,8,MF,VALVERDE Federico,Federico Santiago,VALVERDE DIPETTA,F. VALVERDE,22/07/1998,182,FALSE,needs_stats_enrichment,https://fdp.fifa.org/assetspublic/ce281/pdf/SquadLists-English.pdf
Giorgian Daniel DE ARRASCAETA BENEDETTI,Uruguay,CR Flamengo (BRA),Midfielder,,,,,,,,,,,3.2,55,0.35,1.0,1.0,0.05,0.15,0.78,0.35,https://fdp.fifa.org/assetspublic/ce281/pdf/SquadLists-English.pdf,,https://www.fifa.com/en/tournaments/mens/worldcup/canadamexicousa2026/articles/match-schedule-fixtures-results-teams-stadiums,Official FIFA final squad candidate pool row. Add homogeneous player-stat source before scoring.,Official FIFA final squad — FW/MF candidate pool,https://inside.fifa.com/organisation/media-releases/world-cup-2026-48-squads-confirmed,candidate_pool_no_player_stats_yet,TRUE,2026-06-09,URU,10,MF,DE ARRASCAETA Giorgian,Giorgian Daniel,DE ARRASCAETA BENEDETTI,G. DE ARRASCAETA,01/06/1994,177,FALSE,needs_stats_enrichment,https://fdp.fifa.org/assetspublic/ce281/pdf/SquadLists-English.pdf
Joaquin PIQUEREZ MOREIRA,Uruguay,SE Palmeiras (BRA),Midfielder,,,,,,,,,,,3.2,55,0.35,1.0,1.0,0.05,0.15,0.78,0.35,https://fdp.fifa.org/assetspublic/ce281/pdf/SquadLists-English.pdf,,https://www.fifa.com/en/tournaments/mens/worldcup/canadamexicousa2026/articles/match-schedule-fixtures-results-teams-stadiums,Official FIFA final squad candidate pool row. Add homogeneous player-stat source before scoring.,Official FIFA final squad — FW/MF candidate pool,https://inside.fifa.com/organisation/media-releases/world-cup-2026-48-squads-confirmed,candidate_pool_no_player_stats_yet,TRUE,2026-06-09,URU,22,MF,PIQUEREZ Joaquin,Joaquin,PIQUEREZ MOREIRA,J. PIQUEREZ,24/08/1998,185,FALSE,needs_stats_enrichment,https://fdp.fifa.org/assetspublic/ce281/pdf/SquadLists-English.pdf
Juan Manuel SANABRIA MAGOLÉ,Uruguay,Real Salt Lake (USA),Midfielder,,,,,,,,,,,3.2,55,0.35,1.0,1.0,0.05,0.15,0.78,0.35,https://fdp.fifa.org/assetspublic/ce281/pdf/SquadLists-English.pdf,,https://www.fifa.com/en/tournaments/mens/worldcup/canadamexicousa2026/articles/match-schedule-fixtures-results-teams-stadiums,Official FIFA final squad candidate pool row. Add homogeneous player-stat source before scoring.,Official FIFA final squad — FW/MF candidate pool,https://inside.fifa.com/organisation/media-releases/world-cup-2026-48-squads-confirmed,candidate_pool_no_player_stats_yet,TRUE,2026-06-09,URU,25,MF,SANABRIA Juan Manuel,Juan Manuel,SANABRIA MAGOLÉ,J.M. SANABRIA,29/03/2000,170,FALSE,needs_stats_enrichment,https://fdp.fifa.org/assetspublic/ce281/pdf/SquadLists-English.pdf
Manuel UGARTE RIBEIRO,Uruguay,Manchester United FC (ENG),Midfielder,,,,,,,,,,,3.2,55,0.35,1.0,1.0,0.05,0.15,0.78,0.35,https://fdp.fifa.org/assetspublic/ce281/pdf/SquadLists-English.pdf,,https://www.fifa.com/en/tournaments/mens/worldcup/canadamexicousa2026/articles/match-schedule-fixtures-results-teams-stadiums,Official FIFA final squad candidate pool row. Add homogeneous player-stat source before scoring.,Official FIFA final squad — FW/MF candidate pool,https://inside.fifa.com/organisation/media-releases/world-cup-2026-48-squads-confirmed,candidate_pool_no_player_stats_yet,TRUE,2026-06-09,URU,5,MF,UGARTE Manuel,Manuel,UGARTE RIBEIRO,M. UGARTE,11/04/2001,182,FALSE,needs_stats_enrichment,https://fdp.fifa.org/assetspublic/ce281/pdf/SquadLists-English.pdf
Maximiliano Javier ARAÚJO VILCHES,Uruguay,Sporting CP (POR),Midfielder,,,,,,,,,,,3.2,55,0.35,1.0,1.0,0.05,0.15,0.78,0.35,https://fdp.fifa.org/assetspublic/ce281/pdf/SquadLists-English.pdf,,https://www.fifa.com/en/tournaments/mens/worldcup/canadamexicousa2026/articles/match-schedule-fixtures-results-teams-stadiums,Official FIFA final squad candidate pool row. Add homogeneous player-stat source before scoring.,Official FIFA final squad — FW/MF candidate pool,https://inside.fifa.com/organisation/media-releases/world-cup-2026-48-squads-confirmed,candidate_pool_no_player_stats_yet,TRUE,2026-06-09,URU,20,MF,ARAUJO Maxi,Maximiliano Javier,ARAÚJO VILCHES,M. ARAUJO,15/02/2000,176,FALSE,needs_stats_enrichment,https://fdp.fifa.org/assetspublic/ce281/pdf/SquadLists-English.pdf
Radrigo ZALAZAR MARTINEZ,Uruguay,SC Braga (POR),Midfielder,,,,,,,,,,,3.2,55,0.35,1.0,1.0,0.05,0.15,0.78,0.35,https://fdp.fifa.org/assetspublic/ce281/pdf/SquadLists-English.pdf,,https://www.fifa.com/en/tournaments/mens/worldcup/canadamexicousa2026/articles/match-schedule-fixtures-results-teams-stadiums,Official FIFA final squad candidate pool row. Add homogeneous player-stat source before scoring.,Official FIFA final squad — FW/MF candidate pool,https://inside.fifa.com/organisation/media-releases/world-cup-2026-48-squads-confirmed,candidate_pool_no_player_stats_yet,TRUE,2026-06-09,URU,26,MF,ZALAZAR Rodrigo,Radrigo,ZALAZAR MARTINEZ,R. ZALAZAR,12/08/1999,175,FALSE,needs_stats_enrichment,https://fdp.fifa.org/assetspublic/ce281/pdf/SquadLists-English.pdf
Rodrigo BENTANCUR COLMÁN,Uruguay,Tottenham Hotspur FC (ENG),Midfielder,,,,,,,,,,,3.2,55,0.35,1.0,1.0,0.05,0.15,0.78,0.35,https://fdp.fifa.org/assetspublic/ce281/pdf/SquadLists-English.pdf,,https://www.fifa.com/en/tournaments/mens/worldcup/canadamexicousa2026/articles/match-schedule-fixtures-results-teams-stadiums,Official FIFA final squad candidate pool row. Add homogeneous player-stat source before scoring.,Official FIFA final squad — FW/MF candidate pool,https://inside.fifa.com/organisation/media-releases/world-cup-2026-48-squads-confirmed,candidate_pool_no_player_stats_yet,TRUE,2026-06-09,URU,6,MF,BENTANCUR Rodrigo,Rodrigo,BENTANCUR COLMÁN,R. BENTANCUR,25/06/1997,187,FALSE,needs_stats_enrichment,https://fdp.fifa.org/assetspublic/ce281/pdf/SquadLists-English.pdf
Azizbek AMONOV,Uzbekistan,FK Dinamo Samarkand (UZB),Forward,,,,,,,,,,,3.2,55,0.35,1.0,1.0,0.05,0.15,0.78,0.35,https://fdp.fifa.org/assetspublic/ce281/pdf/SquadLists-English.pdf,,https://www.fifa.com/en/tournaments/mens/worldcup/canadamexicousa2026/articles/match-schedule-fixtures-results-teams-stadiums,Official FIFA final squad candidate pool row. Add homogeneous player-stat source before scoring.,Official FIFA final squad — FW/MF candidate pool,https://inside.fifa.com/organisation/media-releases/world-cup-2026-48-squads-confirmed,candidate_pool_no_player_stats_yet,TRUE,2026-06-09,UZB,20,FW,AMONOV Azizbek,Azizbek,AMONOV,AMONOV,30/10/1997,181,FALSE,needs_stats_enrichment,https://fdp.fifa.org/assetspublic/ce281/pdf/SquadLists-English.pdf
Eldor SHOMURODOV,Uzbekistan,Başakşehir FK (TUR),Forward,,,,,,,,,,,3.2,55,0.35,1.0,1.0,0.05,0.15,0.78,0.35,https://fdp.fifa.org/assetspublic/ce281/pdf/SquadLists-English.pdf,,https://www.fifa.com/en/tournaments/mens/worldcup/canadamexicousa2026/articles/match-schedule-fixtures-results-teams-stadiums,Official FIFA final squad candidate pool row. Add homogeneous player-stat source before scoring.,Official FIFA final squad — FW/MF candidate pool,https://inside.fifa.com/organisation/media-releases/world-cup-2026-48-squads-confirmed,candidate_pool_no_player_stats_yet,TRUE,2026-06-09,UZB,14,FW,SHOMURODOV Eldor,Eldor,SHOMURODOV,SHOMURODOV,29/06/1995,190,FALSE,needs_stats_enrichment,https://fdp.fifa.org/assetspublic/ce281/pdf/SquadLists-English.pdf
Igor SERGEEV,Uzbekistan,Persepolis FC (IRN),Forward,,,,,,,,,,,3.2,55,0.35,1.0,1.0,0.05,0.15,0.78,0.35,https://fdp.fifa.org/assetspublic/ce281/pdf/SquadLists-English.pdf,,https://www.fifa.com/en/tournaments/mens/worldcup/canadamexicousa2026/articles/match-schedule-fixtures-results-teams-stadiums,Official FIFA final squad candidate pool row. Add homogeneous player-stat source before scoring.,Official FIFA final squad — FW/MF candidate pool,https://inside.fifa.com/organisation/media-releases/world-cup-2026-48-squads-confirmed,candidate_pool_no_player_stats_yet,TRUE,2026-06-09,UZB,21,FW,SERGEEV Igor,Igor,SERGEEV,SERGEEV,30/04/1993,185,FALSE,needs_stats_enrichment,https://fdp.fifa.org/assetspublic/ce281/pdf/SquadLists-English.pdf
Abbosbek FAYZULLAEV,Uzbekistan,Başakşehir FK (TUR),Midfielder,,,,,,,,,,,3.2,55,0.35,1.0,1.0,0.05,0.15,0.78,0.35,https://fdp.fifa.org/assetspublic/ce281/pdf/SquadLists-English.pdf,,https://www.fifa.com/en/tournaments/mens/worldcup/canadamexicousa2026/articles/match-schedule-fixtures-results-teams-stadiums,Official FIFA final squad candidate pool row. Add homogeneous player-stat source before scoring.,Official FIFA final squad — FW/MF candidate pool,https://inside.fifa.com/organisation/media-releases/world-cup-2026-48-squads-confirmed,candidate_pool_no_player_stats_yet,TRUE,2026-06-09,UZB,22,MF,FAYZULLAEV Abbosbek,Abbosbek,FAYZULLAEV,FAYZULLAEV,03/10/2003,167,FALSE,needs_stats_enrichment,https://fdp.fifa.org/assetspublic/ce281/pdf/SquadLists-English.pdf
Akmal MOZGOVOY,Uzbekistan,Pakhtakor Tashkent FK (UZB),Midfielder,,,,,,,,,,,3.2,55,0.35,1.0,1.0,0.05,0.15,0.78,0.35,https://fdp.fifa.org/assetspublic/ce281/pdf/SquadLists-English.pdf,,https://www.fifa.com/en/tournaments/mens/worldcup/canadamexicousa2026/articles/match-schedule-fixtures-results-teams-stadiums,Official FIFA final squad candidate pool row. Add homogeneous player-stat source before scoring.,Official FIFA final squad — FW/MF candidate pool,https://inside.fifa.com/organisation/media-releases/world-cup-2026-48-squads-confirmed,candidate_pool_no_player_stats_yet,TRUE,2026-06-09,UZB,6,MF,MOZGOVOY Akmal,Akmal,MOZGOVOY,MOZGOVOY,02/04/1999,180,FALSE,needs_stats_enrichment,https://fdp.fifa.org/assetspublic/ce281/pdf/SquadLists-English.pdf
Azizjon GANIEV,Uzbekistan,Al Bataeh Club (UAE),Midfielder,,,,,,,,,,,3.2,55,0.35,1.0,1.0,0.05,0.15,0.78,0.35,https://fdp.fifa.org/assetspublic/ce281/pdf/SquadLists-English.pdf,,https://www.fifa.com/en/tournaments/mens/worldcup/canadamexicousa2026/articles/match-schedule-fixtures-results-teams-stadiums,Official FIFA final squad candidate pool row. Add homogeneous player-stat source before scoring.,Official FIFA final squad — FW/MF candidate pool,https://inside.fifa.com/organisation/media-releases/world-cup-2026-48-squads-confirmed,candidate_pool_no_player_stats_yet,TRUE,2026-06-09,UZB,19,MF,GANIEV Azizjon,Azizjon,GANIEV,GANIEV,22/02/1998,178,FALSE,needs_stats_enrichment,https://fdp.fifa.org/assetspublic/ce281/pdf/SquadLists-English.pdf
Dostonbek KHAMDAMOV,Uzbekistan,Pakhtakor Tashkent FK (UZB),Midfielder,,,,,,,,,,,3.2,55,0.35,1.0,1.0,0.05,0.15,0.78,0.35,https://fdp.fifa.org/assetspublic/ce281/pdf/SquadLists-English.pdf,,https://www.fifa.com/en/tournaments/mens/worldcup/canadamexicousa2026/articles/match-schedule-fixtures-results-teams-stadiums,Official FIFA final squad candidate pool row. Add homogeneous player-stat source before scoring.,Official FIFA final squad — FW/MF candidate pool,https://inside.fifa.com/organisation/media-releases/world-cup-2026-48-squads-confirmed,candidate_pool_no_player_stats_yet,TRUE,2026-06-09,UZB,17,MF,KHAMDAMOV Dostonbek,Dostonbek,KHAMDAMOV,KHAMDAMOV,24/07/1996,178,FALSE,needs_stats_enrichment,https://fdp.fifa.org/assetspublic/ce281/pdf/SquadLists-English.pdf
Jaloliddin MASHARIPOV,Uzbekistan,Esteghlal Tehran FC (IRN),Midfielder,,,,,,,,,,,3.2,55,0.35,1.0,1.0,0.05,0.15,0.78,0.35,https://fdp.fifa.org/assetspublic/ce281/pdf/SquadLists-English.pdf,,https://www.fifa.com/en/tournaments/mens/worldcup/canadamexicousa2026/articles/match-schedule-fixtures-results-teams-stadiums,Official FIFA final squad candidate pool row. Add homogeneous player-stat source before scoring.,Official FIFA final squad — FW/MF candidate pool,https://inside.fifa.com/organisation/media-releases/world-cup-2026-48-squads-confirmed,candidate_pool_no_player_stats_yet,TRUE,2026-06-09,UZB,10,MF,MASHARIPOV Jaloliddin,Jaloliddin,MASHARIPOV,MASHARIPOV,01/09/1993,174,FALSE,needs_stats_enrichment,https://fdp.fifa.org/assetspublic/ce281/pdf/SquadLists-English.pdf
Jamshid ISKANDEROV,Uzbekistan,FK Neftchi Farg'ona (UZB),Midfielder,,,,,,,,,,,3.2,55,0.35,1.0,1.0,0.05,0.15,0.78,0.35,https://fdp.fifa.org/assetspublic/ce281/pdf/SquadLists-English.pdf,,https://www.fifa.com/en/tournaments/mens/worldcup/canadamexicousa2026/articles/match-schedule-fixtures-results-teams-stadiums,Official FIFA final squad candidate pool row. Add homogeneous player-stat source before scoring.,Official FIFA final squad — FW/MF candidate pool,https://inside.fifa.com/organisation/media-releases/world-cup-2026-48-squads-confirmed,candidate_pool_no_player_stats_yet,TRUE,2026-06-09,UZB,8,MF,ISKANDEROV Jamshid,Jamshid,ISKANDEROV,ISKANDEROV,16/10/1993,171,FALSE,needs_stats_enrichment,https://fdp.fifa.org/assetspublic/ce281/pdf/SquadLists-English.pdf
Odiljon XAMROBEKOV,Uzbekistan,Tractor Sazi Tabriz FC (IRN),Midfielder,,,,,,,,,,,3.2,55,0.35,1.0,1.0,0.05,0.15,0.78,0.35,https://fdp.fifa.org/assetspublic/ce281/pdf/SquadLists-English.pdf,,https://www.fifa.com/en/tournaments/mens/worldcup/canadamexicousa2026/articles/match-schedule-fixtures-results-teams-stadiums,Official FIFA final squad candidate pool row. Add homogeneous player-stat source before scoring.,Official FIFA final squad — FW/MF candidate pool,https://inside.fifa.com/organisation/media-releases/world-cup-2026-48-squads-confirmed,candidate_pool_no_player_stats_yet,TRUE,2026-06-09,UZB,9,MF,XAMROBEKOV Odiljon,Odiljon,XAMROBEKOV,XAMROBEKOV,13/02/1996,180,FALSE,needs_stats_enrichment,https://fdp.fifa.org/assetspublic/ce281/pdf/SquadLists-English.pdf
Oston URUNOV,Uzbekistan,Persepolis FC (IRN),Midfielder,,,,,,,,,,,3.2,55,0.35,1.0,1.0,0.05,0.15,0.78,0.35,https://fdp.fifa.org/assetspublic/ce281/pdf/SquadLists-English.pdf,,https://www.fifa.com/en/tournaments/mens/worldcup/canadamexicousa2026/articles/match-schedule-fixtures-results-teams-stadiums,Official FIFA final squad candidate pool row. Add homogeneous player-stat source before scoring.,Official FIFA final squad — FW/MF candidate pool,https://inside.fifa.com/organisation/media-releases/world-cup-2026-48-squads-confirmed,candidate_pool_no_player_stats_yet,TRUE,2026-06-09,UZB,11,MF,URUNOV Oston,Oston,URUNOV,URUNOV,19/12/2000,181,FALSE,needs_stats_enrichment,https://fdp.fifa.org/assetspublic/ce281/pdf/SquadLists-English.pdf
Otabek SHUKUROV,Uzbekistan,Baniyas Club (UAE),Midfielder,,,,,,,,,,,3.2,55,0.35,1.0,1.0,0.05,0.15,0.78,0.35,https://fdp.fifa.org/assetspublic/ce281/pdf/SquadLists-English.pdf,,https://www.fifa.com/en/tournaments/mens/worldcup/canadamexicousa2026/articles/match-schedule-fixtures-results-teams-stadiums,Official FIFA final squad candidate pool row. Add homogeneous player-stat source before scoring.,Official FIFA final squad — FW/MF candidate pool,https://inside.fifa.com/organisation/media-releases/world-cup-2026-48-squads-confirmed,candidate_pool_no_player_stats_yet,TRUE,2026-06-09,UZB,7,MF,SHUKUROV Otabek,Otabek,SHUKUROV,SHUKUROV,22/06/1996,183,FALSE,needs_stats_enrichment,https://fdp.fifa.org/assetspublic/ce281/pdf/SquadLists-English.pdf
Sherzod ESANOV,Uzbekistan,FK Buxoro (UZB),Midfielder,,,,,,,,,,,3.2,55,0.35,1.0,1.0,0.05,0.15,0.78,0.35,https://fdp.fifa.org/assetspublic/ce281/pdf/SquadLists-English.pdf,,https://www.fifa.com/en/tournaments/mens/worldcup/canadamexicousa2026/articles/match-schedule-fixtures-results-teams-stadiums,Official FIFA final squad candidate pool row. Add homogeneous player-stat source before scoring.,Official FIFA final squad — FW/MF candidate pool,https://inside.fifa.com/organisation/media-releases/world-cup-2026-48-squads-confirmed,candidate_pool_no_player_stats_yet,TRUE,2026-06-09,UZB,23,MF,ESANOV Sherzod,Sherzod,ESANOV,ESANOV,01/02/2003,190,FALSE,needs_stats_enrichment,https://fdp.fifa.org/assetspublic/ce281/pdf/SquadLists-English.pdf
